OUT port 0x00A0, size 1, value 0x00  # nmi_write
OUT port 0x03D8, size 1, value 0x00  # cga_out
OUT port 0x0083, size 1, value 0x00  # dma_page_write
OUT port 0x03B8, size 1, value 0x01  # MDA MODE write
OUT port 0x0213, size 1, value 0x01  # unhandled
OUT port 0x0008, size 1, value 0x04  # dma_write
OUT port 0x0063, size 1, value 0x99  # keyboard_xt_write
OUT port 0x0061, size 1, value 0xA1  # keyboard_xt_write
OUT port 0x0020, size 1, value 0x13  # pic_write
OUT port 0x0021, size 1, value 0x08  # pic_write
OUT port 0x0021, size 1, value 0x09  # pic_write
OUT port 0x0021, size 1, value 0xFF  # pic_write
OUT port 0x0043, size 1, value 0x54  # pit_write
OUT port 0x0041, size 1, value 0x00  # pit_write
OUT port 0x0043, size 1, value 0x40  # pit_write
IN  port 0x0041, size 1, value 0xF3  # pit_read
OUT port 0x0043, size 1, value 0x40  # pit_write
IN  port 0x0041, size 1, value 0xDB  # pit_read
OUT port 0x0043, size 1, value 0x40  # pit_write
IN  port 0x0041, size 1, value 0xC2  # pit_read
OUT port 0x0043, size 1, value 0x40  # pit_write
IN  port 0x0041, size 1, value 0xAA  # pit_read
OUT port 0x0043, size 1, value 0x40  # pit_write
IN  port 0x0041, size 1, value 0x91  # pit_read
OUT port 0x0043, size 1, value 0x40  # pit_write
IN  port 0x0041, size 1, value 0x79  # pit_read
OUT port 0x0043, size 1, value 0x40  # pit_write
IN  port 0x0041, size 1, value 0x60  # pit_read
OUT port 0x0043, size 1, value 0x40  # pit_write
IN  port 0x0041, size 1, value 0x48  # pit_read
OUT port 0x0043, size 1, value 0x40  # pit_write
IN  port 0x0041, size 1, value 0x2F  # pit_read
OUT port 0x0041, size 1, value 0x12  # pit_write
OUT port 0x0043, size 1, value 0x36  # pit_write
OUT port 0x0040, size 1, value 0x00  # pit_write
OUT port 0x0040, size 1, value 0x00  # pit_write
OUT port 0x000D, size 1, value 0x00  # dma_write
OUT port 0x0000, size 1, value 0xAA  # dma_write
OUT port 0x0000, size 1, value 0x55  # dma_write
IN  port 0x0000, size 1, value 0xAA  # dma_read
IN  port 0x0000, size 1, value 0x55  # dma_read
OUT port 0x0001, size 1, value 0xAA  # dma_write
OUT port 0x0001, size 1, value 0x55  # dma_write
IN  port 0x0001, size 1, value 0xAA  # dma_read
IN  port 0x0001, size 1, value 0x55  # dma_read
OUT port 0x0002, size 1, value 0xAA  # dma_write
OUT port 0x0002, size 1, value 0x55  # dma_write
IN  port 0x0002, size 1, value 0xAA  # dma_read
IN  port 0x0002, size 1, value 0x55  # dma_read
OUT port 0x0003, size 1, value 0xAA  # dma_write
OUT port 0x0003, size 1, value 0x55  # dma_write
IN  port 0x0003, size 1, value 0xAA  # dma_read
IN  port 0x0003, size 1, value 0x55  # dma_read
OUT port 0x0004, size 1, value 0xAA  # dma_write
OUT port 0x0004, size 1, value 0x55  # dma_write
IN  port 0x0004, size 1, value 0xAA  # dma_read
IN  port 0x0004, size 1, value 0x55  # dma_read
OUT port 0x0005, size 1, value 0xAA  # dma_write
OUT port 0x0005, size 1, value 0x55  # dma_write
IN  port 0x0005, size 1, value 0xAA  # dma_read
IN  port 0x0005, size 1, value 0x55  # dma_read
OUT port 0x0006, size 1, value 0xAA  # dma_write
OUT port 0x0006, size 1, value 0x55  # dma_write
IN  port 0x0006, size 1, value 0xAA  # dma_read
IN  port 0x0006, size 1, value 0x55  # dma_read
OUT port 0x0007, size 1, value 0xAA  # dma_write
OUT port 0x0007, size 1, value 0x55  # dma_write
IN  port 0x0007, size 1, value 0xAA  # dma_read
IN  port 0x0007, size 1, value 0x55  # dma_read
OUT port 0x0001, size 1, value 0xFF  # dma_write
OUT port 0x0001, size 1, value 0xFF  # dma_write
OUT port 0x000B, size 1, value 0x58  # dma_write
OUT port 0x0008, size 1, value 0x00  # dma_write
OUT port 0x000A, size 1, value 0x00  # dma_write
OUT port 0x000B, size 1, value 0x41  # dma_write
OUT port 0x000B, size 1, value 0x42  # dma_write
OUT port 0x000B, size 1, value 0x43  # dma_write
IN  port 0x0061, size 1, value 0xA1  # keyboard_xt_read
OUT port 0x0061, size 1, value 0xB1  # keyboard_xt_write
OUT port 0x0061, size 1, value 0x81  # keyboard_xt_write
IN  port 0x0062, size 1, value 0x2D  # keyboard_xt_read
IN  port 0x0062, size 1, value 0x2D  # keyboard_xt_read
IN  port 0x0062, size 1, value 0x2D  # keyboard_xt_read
OUT port 0x03B8, size 1, value 0x01  # MDA MODE write
OUT port 0x03B4, size 1, value 0x00  # MDA write Index
OUT port 0x03B5, size 1, value 0x61  # MDA write data
OUT port 0x03B4, size 1, value 0x01  # MDA write Index
OUT port 0x03B5, size 1, value 0x50  # MDA write data
OUT port 0x03B4, size 1, value 0x02  # MDA write Index
OUT port 0x03B5, size 1, value 0x52  # MDA write data
OUT port 0x03B4, size 1, value 0x03  # MDA write Index
OUT port 0x03B5, size 1, value 0x0F  # MDA write data
OUT port 0x03B4, size 1, value 0x04  # MDA write Index
OUT port 0x03B5, size 1, value 0x19  # MDA write data
OUT port 0x03B4, size 1, value 0x05  # MDA write Index
OUT port 0x03B5, size 1, value 0x06  # MDA write data
OUT port 0x03B4, size 1, value 0x06  # MDA write Index
OUT port 0x03B5, size 1, value 0x19  # MDA write data
OUT port 0x03B4, size 1, value 0x07  # MDA write Index
OUT port 0x03B5, size 1, value 0x19  # MDA write data
OUT port 0x03B4, size 1, value 0x08  # MDA write Index
OUT port 0x03B5, size 1, value 0x02  # MDA write data
OUT port 0x03B4, size 1, value 0x09  # MDA write Index
OUT port 0x03B5, size 1, value 0x0D  # MDA write data
OUT port 0x03B4, size 1, value 0x0A  # MDA write Index
OUT port 0x03B5, size 1, value 0x0B  # MDA write data
OUT port 0x03B4, size 1, value 0x0B  # MDA write Index
OUT port 0x03B5, size 1, value 0x0C  # MDA write data
OUT port 0x03B4, size 1, value 0x0C  # MDA write Index
OUT port 0x03B5, size 1, value 0x00  # MDA write data
OUT port 0x03B4, size 1, value 0x0D  # MDA write Index
OUT port 0x03B5, size 1, value 0x00  # MDA write data
OUT port 0x03B4, size 1, value 0x0E  # MDA write Index
OUT port 0x03B5, size 1, value 0x00  # MDA write data
OUT port 0x03B4, size 1, value 0x0F  # MDA write Index
OUT port 0x03B5, size 1, value 0x00  # MDA write data
OUT port 0x03B8, size 1, value 0x29  # MDA MODE write
OUT port 0x03B9, size 1, value 0x30  # MDA write ATTR
OUT port 0x03D8, size 1, value 0x00  # cga_out
OUT port 0x03D4, size 1, value 0x00  # cga_out
OUT port 0x03D5, size 1, value 0x38  # cga_out
OUT port 0x03D4, size 1, value 0x01  # cga_out
OUT port 0x03D5, size 1, value 0x28  # cga_out
OUT port 0x03D4, size 1, value 0x02  # cga_out
OUT port 0x03D5, size 1, value 0x2D  # cga_out
OUT port 0x03D4, size 1, value 0x03  # cga_out
OUT port 0x03D5, size 1, value 0x0A  # cga_out
OUT port 0x03D4, size 1, value 0x04  # cga_out
OUT port 0x03D5, size 1, value 0x1F  # cga_out
OUT port 0x03D4, size 1, value 0x05  # cga_out
OUT port 0x03D5, size 1, value 0x06  # cga_out
OUT port 0x03D4, size 1, value 0x06  # cga_out
OUT port 0x03D5, size 1, value 0x19  # cga_out
OUT port 0x03D4, size 1, value 0x07  # cga_out
OUT port 0x03D5, size 1, value 0x1C  # cga_out
OUT port 0x03D4, size 1, value 0x08  # cga_out
OUT port 0x03D5, size 1, value 0x02  # cga_out
OUT port 0x03D4, size 1, value 0x09  # cga_out
OUT port 0x03D5, size 1, value 0x07  # cga_out
OUT port 0x03D4, size 1, value 0x0A  # cga_out
OUT port 0x03D5, size 1, value 0x06  # cga_out
OUT port 0x03D4, size 1, value 0x0B  # cga_out
OUT port 0x03D5, size 1, value 0x07  # cga_out
OUT port 0x03D4, size 1, value 0x0C  # cga_out
OUT port 0x03D5, size 1, value 0x00  # cga_out
OUT port 0x03D4, size 1, value 0x0D  # cga_out
OUT port 0x03D5, size 1, value 0x00  # cga_out
OUT port 0x03D4, size 1, value 0x0E  # cga_out
OUT port 0x03D5, size 1, value 0x00  # cga_out
OUT port 0x03D4, size 1, value 0x0F  # cga_out
OUT port 0x03D5, size 1, value 0x00  # cga_out
OUT port 0x03D8, size 1, value 0x28  # cga_out
OUT port 0x03D9, size 1, value 0x30  # cga_out
IN  port 0x0062, size 1, value 0x2D  # keyboard_xt_read
OUT port 0x0061, size 1, value 0xA9  # keyboard_xt_write
IN  port 0x0062, size 1, value 0x26  # keyboard_xt_read
OUT port 0x03D8, size 1, value 0x00  # cga_out
OUT port 0x03D4, size 1, value 0x00  # cga_out
OUT port 0x03D5, size 1, value 0x71  # cga_out
OUT port 0x03D4, size 1, value 0x01  # cga_out
OUT port 0x03D5, size 1, value 0x50  # cga_out
OUT port 0x03D4, size 1, value 0x02  # cga_out
OUT port 0x03D5, size 1, value 0x5A  # cga_out
OUT port 0x03D4, size 1, value 0x03  # cga_out
OUT port 0x03D5, size 1, value 0x0A  # cga_out
OUT port 0x03D4, size 1, value 0x04  # cga_out
OUT port 0x03D5, size 1, value 0x1F  # cga_out
OUT port 0x03D4, size 1, value 0x05  # cga_out
OUT port 0x03D5, size 1, value 0x06  # cga_out
OUT port 0x03D4, size 1, value 0x06  # cga_out
OUT port 0x03D5, size 1, value 0x19  # cga_out
OUT port 0x03D4, size 1, value 0x07  # cga_out
OUT port 0x03D5, size 1, value 0x1C  # cga_out
OUT port 0x03D4, size 1, value 0x08  # cga_out
OUT port 0x03D5, size 1, value 0x02  # cga_out
OUT port 0x03D4, size 1, value 0x09  # cga_out
OUT port 0x03D5, size 1, value 0x07  # cga_out
OUT port 0x03D4, size 1, value 0x0A  # cga_out
OUT port 0x03D5, size 1, value 0x06  # cga_out
OUT port 0x03D4, size 1, value 0x0B  # cga_out
OUT port 0x03D5, size 1, value 0x07  # cga_out
OUT port 0x03D4, size 1, value 0x0C  # cga_out
OUT port 0x03D5, size 1, value 0x00  # cga_out
OUT port 0x03D4, size 1, value 0x0D  # cga_out
OUT port 0x03D5, size 1, value 0x00  # cga_out
OUT port 0x03D4, size 1, value 0x0E  # cga_out
OUT port 0x03D5, size 1, value 0x00  # cga_out
OUT port 0x03D4, size 1, value 0x0F  # cga_out
OUT port 0x03D5, size 1, value 0x00  # cga_out
OUT port 0x03D8, size 1, value 0x29  # cga_out
OUT port 0x03D9, size 1, value 0x30  # cga_out
OUT port 0x03D8, size 1, value 0x00  # cga_out
IN  port 0x0061, size 1, value 0xA9  # keyboard_xt_read
OUT port 0x0061, size 1, value 0xB9  # keyboard_xt_write
OUT port 0x0061, size 1, value 0x89  # keyboard_xt_write
IN  port 0x0062, size 1, value 0x26  # keyboard_xt_read
IN  port 0x0062, size 1, value 0x26  # keyboard_xt_read
IN  port 0x0062, size 1, value 0x26  # keyboard_xt_read
OUT port 0x03D8, size 1, value 0x00  # cga_out
OUT port 0x03D4, size 1, value 0x00  # cga_out
OUT port 0x03D5, size 1, value 0x71  # cga_out
OUT port 0x03D4, size 1, value 0x01  # cga_out
OUT port 0x03D5, size 1, value 0x50  # cga_out
OUT port 0x03D4, size 1, value 0x02  # cga_out
OUT port 0x03D5, size 1, value 0x5A  # cga_out
OUT port 0x03D4, size 1, value 0x03  # cga_out
OUT port 0x03D5, size 1, value 0x0A  # cga_out
OUT port 0x03D4, size 1, value 0x04  # cga_out
OUT port 0x03D5, size 1, value 0x1F  # cga_out
OUT port 0x03D4, size 1, value 0x05  # cga_out
OUT port 0x03D5, size 1, value 0x06  # cga_out
OUT port 0x03D4, size 1, value 0x06  # cga_out
OUT port 0x03D5, size 1, value 0x19  # cga_out
OUT port 0x03D4, size 1, value 0x07  # cga_out
OUT port 0x03D5, size 1, value 0x1C  # cga_out
OUT port 0x03D4, size 1, value 0x08  # cga_out
OUT port 0x03D5, size 1, value 0x02  # cga_out
OUT port 0x03D4, size 1, value 0x09  # cga_out
OUT port 0x03D5, size 1, value 0x07  # cga_out
OUT port 0x03D4, size 1, value 0x0A  # cga_out
OUT port 0x03D5, size 1, value 0x06  # cga_out
OUT port 0x03D4, size 1, value 0x0B  # cga_out
OUT port 0x03D5, size 1, value 0x07  # cga_out
OUT port 0x03D4, size 1, value 0x0C  # cga_out
OUT port 0x03D5, size 1, value 0x00  # cga_out
OUT port 0x03D4, size 1, value 0x0D  # cga_out
OUT port 0x03D5, size 1, value 0x00  # cga_out
OUT port 0x03D4, size 1, value 0x0E  # cga_out
OUT port 0x03D5, size 1, value 0x00  # cga_out
OUT port 0x03D4, size 1, value 0x0F  # cga_out
OUT port 0x03D5, size 1, value 0x00  # cga_out
OUT port 0x03D8, size 1, value 0x29  # cga_out
OUT port 0x03D9, size 1, value 0x30  # cga_out
IN  port 0x03DA, size 1, value 0x01
IN  port 0x03DA, size 1, value 0x00
IN  port 0x03DA, size 1, value 0x01
IN  port 0x03DA, size 1, value 0x00
IN  port 0x03DA, size 1, value 0x01
IN  port 0x03DA, size 1, value 0x00
IN  port 0x03DA, size 1, value 0x01
IN  port 0x03DA, size 1, value 0x00
IN  port 0x03DA, size 1, value 0x01
IN  port 0x03DA, size 1, value 0x00
IN  port 0x03DA, size 1, value 0x01
IN  port 0x03DA, size 1, value 0x00
IN  port 0x03DA, size 1, value 0x01
IN  port 0x03DA, size 1, value 0x00
IN  port 0x03DA, size 1, value 0x01
IN  port 0x03DA, size 1, value 0x00
IN  port 0x03DA, size 1, value 0x01
IN  port 0x03DA, size 1, value 0x00
IN  port 0x03DA, size 1, value 0x01
IN  port 0x03DA, size 1, value 0x00
IN  port 0x03DA, size 1, value 0x01
IN  port 0x03DA, size 1, value 0x00
IN  port 0x03DA, size 1, value 0x01
IN  port 0x03DA, size 1, value 0x00
IN  port 0x03DA, size 1, value 0x01
IN  port 0x03DA, size 1, value 0x00
IN  port 0x03DA, size 1, value 0x01
IN  port 0x03DA, size 1, value 0x00
IN  port 0x03DA, size 1, value 0x01
IN  port 0x03DA, size 1, value 0x00
IN  port 0x03DA, size 1, value 0x01
IN  port 0x03DA, size 1, value 0x00
IN  port 0x03DA, size 1, value 0x01
IN  port 0x03DA, size 1, value 0x00
IN  port 0x03DA, size 1, value 0x01
IN  port 0x03DA, size 1, value 0x00
IN  port 0x03DA, size 1, value 0x01
IN  port 0x03DA, size 1, value 0x00
IN  port 0x03DA, size 1, value 0x01
IN  port 0x03DA, size 1, value 0x00
IN  port 0x03DA, size 1, value 0x01
IN  port 0x03DA, size 1, value 0x00
IN  port 0x03DA, size 1, value 0x01
IN  port 0x03DA, size 1, value 0x00
IN  port 0x03DA, size 1, value 0x01
IN  port 0x03DA, size 1, value 0x00
IN  port 0x03DA, size 1, value 0x01
IN  port 0x03DA, size 1, value 0x00
IN  port 0x03DA, size 1, value 0x01
IN  port 0x03DA, size 1, value 0x00
IN  port 0x03DA, size 1, value 0x01
IN  port 0x03DA, size 1, value 0x00
IN  port 0x03DA, size 1, value 0x01
IN  port 0x03DA, size 1, value 0x00
IN  port 0x03DA, size 1, value 0x01
IN  port 0x03DA, size 1, value 0x00
IN  port 0x03DA, size 1, value 0x01
IN  port 0x03DA, size 1, value 0x00
IN  port 0x03DA, size 1, value 0x01
IN  port 0x03DA, size 1, value 0x00
IN  port 0x03DA, size 1, value 0x01
IN  port 0x03DA, size 1, value 0x00
IN  port 0x03DA, size 1, value 0x01
IN  port 0x03DA, size 1, value 0x00
IN  port 0x03DA, size 1, value 0x01
IN  port 0x03DA, size 1, value 0x00
IN  port 0x03DA, size 1, value 0x01
IN  port 0x03DA, size 1, value 0x00
IN  port 0x03DA, size 1, value 0x01
IN  port 0x03DA, size 1, value 0x00
IN  port 0x03DA, size 1, value 0x01
IN  port 0x03DA, size 1, value 0x00
IN  port 0x03DA, size 1, value 0x01
IN  port 0x03DA, size 1, value 0x00
IN  port 0x03DA, size 1, value 0x01
IN  port 0x03DA, size 1, value 0x00
IN  port 0x03DA, size 1, value 0x01
IN  port 0x03DA, size 1, value 0x00
IN  port 0x03DA, size 1, value 0x01
IN  port 0x03DA, size 1, value 0x00
IN  port 0x03DA, size 1, value 0x01
IN  port 0x03DA, size 1, value 0x00
IN  port 0x03DA, size 1, value 0x01
IN  port 0x03DA, size 1, value 0x00
IN  port 0x03DA, size 1, value 0x01
IN  port 0x03DA, size 1, value 0x00
IN  port 0x03DA, size 1, value 0x01
IN  port 0x03DA, size 1, value 0x00
IN  port 0x03DA, size 1, value 0x01
IN  port 0x03DA, size 1, value 0x00
IN  port 0x03DA, size 1, value 0x01
IN  port 0x03DA, size 1, value 0x00
IN  port 0x03DA, size 1, value 0x01
IN  port 0x03DA, size 1, value 0x00
IN  port 0x03DA, size 1, value 0x01
IN  port 0x03DA, size 1, value 0x00
IN  port 0x03DA, size 1, value 0x01
IN  port 0x03DA, size 1, value 0x00
IN  port 0x03DA, size 1, value 0x01
IN  port 0x03DA, size 1, value 0x00
IN  port 0x03DA, size 1, value 0x01
IN  port 0x03DA, size 1, value 0x00
IN  port 0x03DA, size 1, value 0x01
IN  port 0x03DA, size 1, value 0x00
IN  port 0x03DA, size 1, value 0x01
IN  port 0x03DA, size 1, value 0x00
IN  port 0x03DA, size 1, value 0x01
IN  port 0x03DA, size 1, value 0x00
IN  port 0x03DA, size 1, value 0x01
IN  port 0x03DA, size 1, value 0x00
IN  port 0x03DA, size 1, value 0x01
IN  port 0x03DA, size 1, value 0x00
IN  port 0x03DA, size 1, value 0x09
IN  port 0x03DA, size 1, value 0x08
IN  port 0x03DA, size 1, value 0x09
IN  port 0x03DA, size 1, value 0x08
IN  port 0x03DA, size 1, value 0x09
IN  port 0x03DA, size 1, value 0x08
IN  port 0x03DA, size 1, value 0x09
IN  port 0x03DA, size 1, value 0x08
IN  port 0x03DA, size 1, value 0x09
IN  port 0x03DA, size 1, value 0x08
IN  port 0x03DA, size 1, value 0x09
IN  port 0x03DA, size 1, value 0x08
IN  port 0x03DA, size 1, value 0x09
IN  port 0x03DA, size 1, value 0x08
IN  port 0x03DA, size 1, value 0x09
IN  port 0x03DA, size 1, value 0x08
IN  port 0x03DA, size 1, value 0x09
IN  port 0x03DA, size 1, value 0x08
IN  port 0x03DA, size 1, value 0x09
IN  port 0x03DA, size 1, value 0x08
IN  port 0x03DA, size 1, value 0x09
IN  port 0x03DA, size 1, value 0x08
IN  port 0x03DA, size 1, value 0x09
IN  port 0x03DA, size 1, value 0x08
IN  port 0x03DA, size 1, value 0x09
IN  port 0x03DA, size 1, value 0x08
IN  port 0x03DA, size 1, value 0x09
IN  port 0x03DA, size 1, value 0x08
IN  port 0x03DA, size 1, value 0x09
IN  port 0x03DA, size 1, value 0x08
IN  port 0x03DA, size 1, value 0x09
IN  port 0x03DA, size 1, value 0x08
IN  port 0x03DA, size 1, value 0x09
IN  port 0x03DA, size 1, value 0x08
IN  port 0x03DA, size 1, value 0x09
IN  port 0x03DA, size 1, value 0x08
IN  port 0x03DA, size 1, value 0x09
IN  port 0x03DA, size 1, value 0x08
IN  port 0x03DA, size 1, value 0x09
IN  port 0x03DA, size 1, value 0x08
IN  port 0x03DA, size 1, value 0x09
IN  port 0x03DA, size 1, value 0x08
IN  port 0x03DA, size 1, value 0x09
IN  port 0x03DA, size 1, value 0x08
IN  port 0x03DA, size 1, value 0x09
IN  port 0x03DA, size 1, value 0x08
IN  port 0x03DA, size 1, value 0x09
IN  port 0x03DA, size 1, value 0x08
IN  port 0x03DA, size 1, value 0x09
IN  port 0x03DA, size 1, value 0x08
IN  port 0x03DA, size 1, value 0x09
IN  port 0x03DA, size 1, value 0x08
IN  port 0x03DA, size 1, value 0x09
IN  port 0x03DA, size 1, value 0x08
IN  port 0x03DA, size 1, value 0x09
IN  port 0x03DA, size 1, value 0x08
IN  port 0x03DA, size 1, value 0x09
IN  port 0x03DA, size 1, value 0x08
IN  port 0x03DA, size 1, value 0x09
IN  port 0x03DA, size 1, value 0x08
IN  port 0x03DA, size 1, value 0x09
IN  port 0x03DA, size 1, value 0x08
IN  port 0x03DA, size 1, value 0x09
IN  port 0x03DA, size 1, value 0x08
IN  port 0x03DA, size 1, value 0x09
IN  port 0x03DA, size 1, value 0x08
IN  port 0x03DA, size 1, value 0x09
IN  port 0x03DA, size 1, value 0x08
IN  port 0x03DA, size 1, value 0x09
IN  port 0x03DA, size 1, value 0x08
IN  port 0x03DA, size 1, value 0x09
IN  port 0x03DA, size 1, value 0x08
IN  port 0x03DA, size 1, value 0x09
IN  port 0x03DA, size 1, value 0x08
IN  port 0x03DA, size 1, value 0x09
IN  port 0x03DA, size 1, value 0x08
IN  port 0x03DA, size 1, value 0x09
IN  port 0x03DA, size 1, value 0x08
IN  port 0x03DA, size 1, value 0x09
IN  port 0x03DA, size 1, value 0x08
IN  port 0x03DA, size 1, value 0x09
IN  port 0x03DA, size 1, value 0x08
IN  port 0x03DA, size 1, value 0x09
IN  port 0x03DA, size 1, value 0x08
IN  port 0x03DA, size 1, value 0x09
IN  port 0x03DA, size 1, value 0x08
IN  port 0x03DA, size 1, value 0x09
IN  port 0x03DA, size 1, value 0x08
IN  port 0x03DA, size 1, value 0x09
IN  port 0x03DA, size 1, value 0x08
IN  port 0x03DA, size 1, value 0x09
IN  port 0x03DA, size 1, value 0x08
IN  port 0x03DA, size 1, value 0x09
IN  port 0x03DA, size 1, value 0x08
IN  port 0x03DA, size 1, value 0x09
IN  port 0x03DA, size 1, value 0x08
IN  port 0x03DA, size 1, value 0x09
IN  port 0x03DA, size 1, value 0x08
IN  port 0x03DA, size 1, value 0x09
IN  port 0x03DA, size 1, value 0x08
IN  port 0x03DA, size 1, value 0x09
IN  port 0x03DA, size 1, value 0x08
IN  port 0x03DA, size 1, value 0x09
IN  port 0x03DA, size 1, value 0x08
IN  port 0x03DA, size 1, value 0x09
IN  port 0x03DA, size 1, value 0x08
IN  port 0x03DA, size 1, value 0x09
IN  port 0x03DA, size 1, value 0x08
IN  port 0x03DA, size 1, value 0x09
IN  port 0x03DA, size 1, value 0x08
IN  port 0x03DA, size 1, value 0x09
IN  port 0x03DA, size 1, value 0x08
IN  port 0x03DA, size 1, value 0x09
IN  port 0x03DA, size 1, value 0x08
IN  port 0x03DA, size 1, value 0x09
IN  port 0x03DA, size 1, value 0x08
IN  port 0x03DA, size 1, value 0x09
IN  port 0x03DA, size 1, value 0x08
IN  port 0x03DA, size 1, value 0x09
IN  port 0x03DA, size 1, value 0x08
IN  port 0x03DA, size 1, value 0x09
IN  port 0x03DA, size 1, value 0x08
IN  port 0x03DA, size 1, value 0x09
IN  port 0x03DA, size 1, value 0x08
IN  port 0x03DA, size 1, value 0x09
IN  port 0x03DA, size 1, value 0x08
IN  port 0x03DA, size 1, value 0x09
IN  port 0x03DA, size 1, value 0x08
IN  port 0x03DA, size 1, value 0x09
IN  port 0x03DA, size 1, value 0x08
IN  port 0x03DA, size 1, value 0x09
IN  port 0x03DA, size 1, value 0x08
IN  port 0x03DA, size 1, value 0x09
IN  port 0x03DA, size 1, value 0x08
IN  port 0x03DA, size 1, value 0x09
IN  port 0x03DA, size 1, value 0x08
IN  port 0x03DA, size 1, value 0x09
IN  port 0x03DA, size 1, value 0x08
IN  port 0x03DA, size 1, value 0x09
IN  port 0x03DA, size 1, value 0x08
IN  port 0x03DA, size 1, value 0x09
IN  port 0x03DA, size 1, value 0x08
IN  port 0x03DA, size 1, value 0x09
IN  port 0x03DA, size 1, value 0x08
IN  port 0x03DA, size 1, value 0x09
IN  port 0x03DA, size 1, value 0x08
IN  port 0x03DA, size 1, value 0x09
IN  port 0x03DA, size 1, value 0x08
IN  port 0x03DA, size 1, value 0x09
IN  port 0x03DA, size 1, value 0x08
IN  port 0x03DA, size 1, value 0x09
IN  port 0x03DA, size 1, value 0x08
IN  port 0x03DA, size 1, value 0x09
IN  port 0x03DA, size 1, value 0x08
IN  port 0x03DA, size 1, value 0x09
IN  port 0x03DA, size 1, value 0x08
IN  port 0x03DA, size 1, value 0x09
IN  port 0x03DA, size 1, value 0x08
IN  port 0x03DA, size 1, value 0x09
IN  port 0x03DA, size 1, value 0x08
IN  port 0x03DA, size 1, value 0x09
IN  port 0x03DA, size 1, value 0x08
IN  port 0x03DA, size 1, value 0x09
IN  port 0x03DA, size 1, value 0x08
IN  port 0x03DA, size 1, value 0x09
IN  port 0x03DA, size 1, value 0x08
IN  port 0x03DA, size 1, value 0x09
IN  port 0x03DA, size 1, value 0x08
IN  port 0x03DA, size 1, value 0x09
IN  port 0x03DA, size 1, value 0x08
IN  port 0x03DA, size 1, value 0x09
IN  port 0x03DA, size 1, value 0x08
IN  port 0x03DA, size 1, value 0x09
IN  port 0x03DA, size 1, value 0x08
IN  port 0x03DA, size 1, value 0x09
IN  port 0x03DA, size 1, value 0x08
IN  port 0x03DA, size 1, value 0x09
IN  port 0x03DA, size 1, value 0x08
IN  port 0x03DA, size 1, value 0x09
IN  port 0x03DA, size 1, value 0x08
IN  port 0x03DA, size 1, value 0x09
IN  port 0x03DA, size 1, value 0x08
IN  port 0x03DA, size 1, value 0x09
IN  port 0x03DA, size 1, value 0x08
IN  port 0x03DA, size 1, value 0x09
IN  port 0x03DA, size 1, value 0x08
IN  port 0x03DA, size 1, value 0x09
IN  port 0x03DA, size 1, value 0x08
IN  port 0x03DA, size 1, value 0x09
IN  port 0x03DA, size 1, value 0x08
IN  port 0x03DA, size 1, value 0x09
IN  port 0x03DA, size 1, value 0x08
IN  port 0x03DA, size 1, value 0x09
IN  port 0x03DA, size 1, value 0x08
IN  port 0x03DA, size 1, value 0x09
IN  port 0x03DA, size 1, value 0x08
IN  port 0x03DA, size 1, value 0x09
IN  port 0x03DA, size 1, value 0x08
IN  port 0x03DA, size 1, value 0x09
IN  port 0x03DA, size 1, value 0x08
IN  port 0x03DA, size 1, value 0x09
IN  port 0x03DA, size 1, value 0x08
IN  port 0x03DA, size 1, value 0x09
IN  port 0x03DA, size 1, value 0x08
IN  port 0x03DA, size 1, value 0x09
IN  port 0x03DA, size 1, value 0x08
IN  port 0x03DA, size 1, value 0x09
IN  port 0x03DA, size 1, value 0x08
IN  port 0x03DA, size 1, value 0x09
IN  port 0x03DA, size 1, value 0x08
IN  port 0x03DA, size 1, value 0x09
IN  port 0x03DA, size 1, value 0x08
IN  port 0x03DA, size 1, value 0x09
IN  port 0x03DA, size 1, value 0x08
IN  port 0x03DA, size 1, value 0x09
IN  port 0x03DA, size 1, value 0x08
IN  port 0x03DA, size 1, value 0x09
IN  port 0x03DA, size 1, value 0x08
IN  port 0x03DA, size 1, value 0x09
IN  port 0x03DA, size 1, value 0x08
IN  port 0x03DA, size 1, value 0x09
IN  port 0x03DA, size 1, value 0x08
IN  port 0x03DA, size 1, value 0x09
IN  port 0x03DA, size 1, value 0x08
IN  port 0x03DA, size 1, value 0x09
IN  port 0x03DA, size 1, value 0x08
IN  port 0x03DA, size 1, value 0x09
IN  port 0x03DA, size 1, value 0x08
IN  port 0x03DA, size 1, value 0x09
IN  port 0x03DA, size 1, value 0x08
IN  port 0x03DA, size 1, value 0x09
IN  port 0x03DA, size 1, value 0x08
IN  port 0x03DA, size 1, value 0x09
IN  port 0x03DA, size 1, value 0x08
IN  port 0x03DA, size 1, value 0x09
IN  port 0x03DA, size 1, value 0x08
IN  port 0x03DA, size 1, value 0x09
IN  port 0x03DA, size 1, value 0x08
IN  port 0x03DA, size 1, value 0x09
IN  port 0x03DA, size 1, value 0x08
IN  port 0x03DA, size 1, value 0x09
IN  port 0x03DA, size 1, value 0x08
IN  port 0x03DA, size 1, value 0x09
IN  port 0x03DA, size 1, value 0x08
IN  port 0x03DA, size 1, value 0x09
IN  port 0x03DA, size 1, value 0x08
IN  port 0x03DA, size 1, value 0x09
IN  port 0x03DA, size 1, value 0x08
IN  port 0x03DA, size 1, value 0x09
IN  port 0x03DA, size 1, value 0x08
IN  port 0x03DA, size 1, value 0x09
IN  port 0x03DA, size 1, value 0x08
IN  port 0x03DA, size 1, value 0x09
IN  port 0x03DA, size 1, value 0x08
IN  port 0x03DA, size 1, value 0x09
IN  port 0x03DA, size 1, value 0x08
IN  port 0x03DA, size 1, value 0x09
IN  port 0x03DA, size 1, value 0x08
IN  port 0x03DA, size 1, value 0x09
IN  port 0x03DA, size 1, value 0x08
IN  port 0x03DA, size 1, value 0x09
IN  port 0x03DA, size 1, value 0x08
IN  port 0x03DA, size 1, value 0x09
IN  port 0x03DA, size 1, value 0x08
IN  port 0x03DA, size 1, value 0x09
IN  port 0x03DA, size 1, value 0x08
IN  port 0x03DA, size 1, value 0x09
IN  port 0x03DA, size 1, value 0x08
IN  port 0x03DA, size 1, value 0x09
IN  port 0x03DA, size 1, value 0x08
IN  port 0x03DA, size 1, value 0x09
IN  port 0x03DA, size 1, value 0x08
IN  port 0x03DA, size 1, value 0x09
IN  port 0x03DA, size 1, value 0x08
IN  port 0x03DA, size 1, value 0x09
IN  port 0x03DA, size 1, value 0x08
IN  port 0x03DA, size 1, value 0x09
IN  port 0x03DA, size 1, value 0x08
IN  port 0x03DA, size 1, value 0x09
IN  port 0x03DA, size 1, value 0x08
IN  port 0x03DA, size 1, value 0x09
IN  port 0x03DA, size 1, value 0x08
IN  port 0x03DA, size 1, value 0x09
IN  port 0x03DA, size 1, value 0x08
IN  port 0x03DA, size 1, value 0x09
IN  port 0x03DA, size 1, value 0x08
IN  port 0x03DA, size 1, value 0x09
IN  port 0x03DA, size 1, value 0x08
IN  port 0x03DA, size 1, value 0x09
IN  port 0x03DA, size 1, value 0x08
IN  port 0x03DA, size 1, value 0x09
IN  port 0x03DA, size 1, value 0x08
IN  port 0x03DA, size 1, value 0x09
IN  port 0x03DA, size 1, value 0x08
IN  port 0x03DA, size 1, value 0x09
IN  port 0x03DA, size 1, value 0x08
IN  port 0x03DA, size 1, value 0x09
IN  port 0x03DA, size 1, value 0x08
IN  port 0x03DA, size 1, value 0x09
IN  port 0x03DA, size 1, value 0x08
IN  port 0x03DA, size 1, value 0x09
IN  port 0x03DA, size 1, value 0x08
IN  port 0x03DA, size 1, value 0x09
IN  port 0x03DA, size 1, value 0x08
IN  port 0x03DA, size 1, value 0x09
IN  port 0x03DA, size 1, value 0x08
IN  port 0x03DA, size 1, value 0x09
IN  port 0x03DA, size 1, value 0x08
IN  port 0x03DA, size 1, value 0x09
IN  port 0x03DA, size 1, value 0x08
IN  port 0x03DA, size 1, value 0x09
IN  port 0x03DA, size 1, value 0x08
IN  port 0x03DA, size 1, value 0x09
IN  port 0x03DA, size 1, value 0x08
IN  port 0x03DA, size 1, value 0x09
IN  port 0x03DA, size 1, value 0x08
IN  port 0x03DA, size 1, value 0x09
IN  port 0x03DA, size 1, value 0x08
IN  port 0x03DA, size 1, value 0x09
IN  port 0x03DA, size 1, value 0x08
IN  port 0x03DA, size 1, value 0x09
IN  port 0x03DA, size 1, value 0x08
IN  port 0x03DA, size 1, value 0x09
IN  port 0x03DA, size 1, value 0x08
IN  port 0x03DA, size 1, value 0x09
IN  port 0x03DA, size 1, value 0x08
IN  port 0x03DA, size 1, value 0x09
IN  port 0x03DA, size 1, value 0x08
IN  port 0x03DA, size 1, value 0x09
IN  port 0x03DA, size 1, value 0x08
IN  port 0x03DA, size 1, value 0x09
IN  port 0x03DA, size 1, value 0x08
IN  port 0x03DA, size 1, value 0x09
IN  port 0x03DA, size 1, value 0x08
IN  port 0x03DA, size 1, value 0x09
IN  port 0x03DA, size 1, value 0x08
IN  port 0x03DA, size 1, value 0x09
IN  port 0x03DA, size 1, value 0x08
IN  port 0x03DA, size 1, value 0x09
IN  port 0x03DA, size 1, value 0x08
IN  port 0x03DA, size 1, value 0x09
IN  port 0x03DA, size 1, value 0x08
IN  port 0x03DA, size 1, value 0x09
IN  port 0x03DA, size 1, value 0x08
IN  port 0x03DA, size 1, value 0x09
IN  port 0x03DA, size 1, value 0x08
IN  port 0x03DA, size 1, value 0x09
IN  port 0x03DA, size 1, value 0x08
IN  port 0x03DA, size 1, value 0x09
IN  port 0x03DA, size 1, value 0x08
IN  port 0x03DA, size 1, value 0x09
IN  port 0x03DA, size 1, value 0x08
IN  port 0x03DA, size 1, value 0x09
IN  port 0x03DA, size 1, value 0x08
IN  port 0x03DA, size 1, value 0x09
IN  port 0x03DA, size 1, value 0x08
IN  port 0x03DA, size 1, value 0x09
IN  port 0x03DA, size 1, value 0x08
IN  port 0x03DA, size 1, value 0x09
IN  port 0x03DA, size 1, value 0x08
IN  port 0x03DA, size 1, value 0x09
IN  port 0x03DA, size 1, value 0x08
IN  port 0x03DA, size 1, value 0x09
IN  port 0x03DA, size 1, value 0x08
IN  port 0x03DA, size 1, value 0x09
IN  port 0x03DA, size 1, value 0x08
IN  port 0x03DA, size 1, value 0x09
IN  port 0x03DA, size 1, value 0x08
IN  port 0x03DA, size 1, value 0x09
IN  port 0x03DA, size 1, value 0x08
IN  port 0x03DA, size 1, value 0x09
IN  port 0x03DA, size 1, value 0x08
IN  port 0x03DA, size 1, value 0x09
IN  port 0x03DA, size 1, value 0x08
IN  port 0x03DA, size 1, value 0x09
IN  port 0x03DA, size 1, value 0x08
IN  port 0x03DA, size 1, value 0x09
IN  port 0x03DA, size 1, value 0x08
IN  port 0x03DA, size 1, value 0x09
IN  port 0x03DA, size 1, value 0x08
IN  port 0x03DA, size 1, value 0x09
IN  port 0x03DA, size 1, value 0x08
IN  port 0x03DA, size 1, value 0x09
IN  port 0x03DA, size 1, value 0x08
IN  port 0x03DA, size 1, value 0x09
IN  port 0x03DA, size 1, value 0x08
IN  port 0x03DA, size 1, value 0x09
IN  port 0x03DA, size 1, value 0x08
IN  port 0x03DA, size 1, value 0x01
IN  port 0x03DA, size 1, value 0x00
IN  port 0x03DA, size 1, value 0x01
IN  port 0x03DA, size 1, value 0x00
OUT port 0x03D8, size 1, value 0x00  # cga_out
OUT port 0x03D4, size 1, value 0x00  # cga_out
OUT port 0x03D5, size 1, value 0x71  # cga_out
OUT port 0x03D4, size 1, value 0x01  # cga_out
OUT port 0x03D5, size 1, value 0x50  # cga_out
OUT port 0x03D4, size 1, value 0x02  # cga_out
OUT port 0x03D5, size 1, value 0x5A  # cga_out
OUT port 0x03D4, size 1, value 0x03  # cga_out
OUT port 0x03D5, size 1, value 0x0A  # cga_out
OUT port 0x03D4, size 1, value 0x04  # cga_out
OUT port 0x03D5, size 1, value 0x1F  # cga_out
OUT port 0x03D4, size 1, value 0x05  # cga_out
OUT port 0x03D5, size 1, value 0x06  # cga_out
OUT port 0x03D4, size 1, value 0x06  # cga_out
OUT port 0x03D5, size 1, value 0x19  # cga_out
OUT port 0x03D4, size 1, value 0x07  # cga_out
OUT port 0x03D5, size 1, value 0x1C  # cga_out
OUT port 0x03D4, size 1, value 0x08  # cga_out
OUT port 0x03D5, size 1, value 0x02  # cga_out
OUT port 0x03D4, size 1, value 0x09  # cga_out
OUT port 0x03D5, size 1, value 0x07  # cga_out
OUT port 0x03D4, size 1, value 0x0A  # cga_out
OUT port 0x03D5, size 1, value 0x06  # cga_out
OUT port 0x03D4, size 1, value 0x0B  # cga_out
OUT port 0x03D5, size 1, value 0x07  # cga_out
OUT port 0x03D4, size 1, value 0x0C  # cga_out
OUT port 0x03D5, size 1, value 0x00  # cga_out
OUT port 0x03D4, size 1, value 0x0D  # cga_out
OUT port 0x03D5, size 1, value 0x00  # cga_out
OUT port 0x03D4, size 1, value 0x0E  # cga_out
OUT port 0x03D5, size 1, value 0x00  # cga_out
OUT port 0x03D4, size 1, value 0x0F  # cga_out
OUT port 0x03D5, size 1, value 0x00  # cga_out
OUT port 0x03D8, size 1, value 0x29  # cga_out
OUT port 0x03D9, size 1, value 0x30  # cga_out
OUT port 0x03D4, size 1, value 0x0E  # cga_out
OUT port 0x03D5, size 1, value 0x06  # cga_out
OUT port 0x03D4, size 1, value 0x0F  # cga_out
OUT port 0x03D5, size 1, value 0xE0  # cga_out
IN  port 0x03DA, size 1, value 0x01
IN  port 0x03DA, size 1, value 0x00
IN  port 0x03DA, size 1, value 0x01
OUT port 0x03D4, size 1, value 0x0E  # cga_out
OUT port 0x03D5, size 1, value 0x06  # cga_out
OUT port 0x03D4, size 1, value 0x0F  # cga_out
OUT port 0x03D5, size 1, value 0xE1  # cga_out
IN  port 0x03DA, size 1, value 0x00
IN  port 0x03DA, size 1, value 0x01
OUT port 0x03D4, size 1, value 0x0E  # cga_out
OUT port 0x03D5, size 1, value 0x06  # cga_out
OUT port 0x03D4, size 1, value 0x0F  # cga_out
OUT port 0x03D5, size 1, value 0xE2  # cga_out
IN  port 0x03DA, size 1, value 0x00
IN  port 0x03DA, size 1, value 0x01
OUT port 0x03D4, size 1, value 0x0E  # cga_out
OUT port 0x03D5, size 1, value 0x06  # cga_out
OUT port 0x03D4, size 1, value 0x0F  # cga_out
OUT port 0x03D5, size 1, value 0xE3  # cga_out
IN  port 0x03DA, size 1, value 0x00
IN  port 0x03DA, size 1, value 0x01
OUT port 0x03D4, size 1, value 0x0E  # cga_out
OUT port 0x03D5, size 1, value 0x06  # cga_out
OUT port 0x03D4, size 1, value 0x0F  # cga_out
OUT port 0x03D5, size 1, value 0xE4  # cga_out
IN  port 0x03DA, size 1, value 0x08
IN  port 0x03DA, size 1, value 0x09
OUT port 0x03D4, size 1, value 0x0E  # cga_out
OUT port 0x03D5, size 1, value 0x06  # cga_out
OUT port 0x03D4, size 1, value 0x0F  # cga_out
OUT port 0x03D5, size 1, value 0xE5  # cga_out
IN  port 0x03DA, size 1, value 0x08
IN  port 0x03DA, size 1, value 0x09
OUT port 0x03D4, size 1, value 0x0E  # cga_out
OUT port 0x03D5, size 1, value 0x06  # cga_out
OUT port 0x03D4, size 1, value 0x0F  # cga_out
OUT port 0x03D5, size 1, value 0xE6  # cga_out
IN  port 0x03DA, size 1, value 0x08
IN  port 0x03DA, size 1, value 0x09
OUT port 0x03D4, size 1, value 0x0E  # cga_out
OUT port 0x03D5, size 1, value 0x06  # cga_out
OUT port 0x03D4, size 1, value 0x0F  # cga_out
OUT port 0x03D5, size 1, value 0xE7  # cga_out
IN  port 0x03DA, size 1, value 0x08
IN  port 0x03DA, size 1, value 0x09
OUT port 0x03D4, size 1, value 0x0E  # cga_out
OUT port 0x03D5, size 1, value 0x06  # cga_out
OUT port 0x03D4, size 1, value 0x0F  # cga_out
OUT port 0x03D5, size 1, value 0xE8  # cga_out
IN  port 0x03DA, size 1, value 0x08
IN  port 0x03DA, size 1, value 0x09
OUT port 0x03D4, size 1, value 0x0E  # cga_out
OUT port 0x03D5, size 1, value 0x06  # cga_out
OUT port 0x03D4, size 1, value 0x0F  # cga_out
OUT port 0x03D5, size 1, value 0xE9  # cga_out
IN  port 0x03DA, size 1, value 0x08
IN  port 0x03DA, size 1, value 0x09
OUT port 0x03D4, size 1, value 0x0E  # cga_out
OUT port 0x03D5, size 1, value 0x06  # cga_out
OUT port 0x03D4, size 1, value 0x0F  # cga_out
OUT port 0x03D5, size 1, value 0xEA  # cga_out
IN  port 0x03DA, size 1, value 0x00
IN  port 0x03DA, size 1, value 0x01
OUT port 0x03D4, size 1, value 0x0E  # cga_out
OUT port 0x03D5, size 1, value 0x06  # cga_out
OUT port 0x03D4, size 1, value 0x0F  # cga_out
OUT port 0x03D5, size 1, value 0xEB  # cga_out
IN  port 0x03DA, size 1, value 0x00
IN  port 0x03DA, size 1, value 0x01
OUT port 0x03D4, size 1, value 0x0E  # cga_out
OUT port 0x03D5, size 1, value 0x06  # cga_out
OUT port 0x03D4, size 1, value 0x0F  # cga_out
OUT port 0x03D5, size 1, value 0xEC  # cga_out
IN  port 0x03DA, size 1, value 0x00
IN  port 0x03DA, size 1, value 0x01
OUT port 0x03D4, size 1, value 0x0E  # cga_out
OUT port 0x03D5, size 1, value 0x06  # cga_out
OUT port 0x03D4, size 1, value 0x0F  # cga_out
OUT port 0x03D5, size 1, value 0xED  # cga_out
IN  port 0x03DA, size 1, value 0x00
IN  port 0x03DA, size 1, value 0x01
OUT port 0x03D4, size 1, value 0x0E  # cga_out
OUT port 0x03D5, size 1, value 0x06  # cga_out
OUT port 0x03D4, size 1, value 0x0F  # cga_out
OUT port 0x03D5, size 1, value 0xEE  # cga_out
IN  port 0x03DA, size 1, value 0x08
IN  port 0x03DA, size 1, value 0x09
OUT port 0x03D4, size 1, value 0x0E  # cga_out
OUT port 0x03D5, size 1, value 0x06  # cga_out
OUT port 0x03D4, size 1, value 0x0F  # cga_out
OUT port 0x03D5, size 1, value 0xEF  # cga_out
IN  port 0x03DA, size 1, value 0x08
IN  port 0x03DA, size 1, value 0x09
OUT port 0x03D4, size 1, value 0x0E  # cga_out
OUT port 0x03D5, size 1, value 0x06  # cga_out
OUT port 0x03D4, size 1, value 0x0F  # cga_out
OUT port 0x03D5, size 1, value 0xF0  # cga_out
IN  port 0x03DA, size 1, value 0x08
IN  port 0x03DA, size 1, value 0x09
OUT port 0x03D4, size 1, value 0x0E  # cga_out
OUT port 0x03D5, size 1, value 0x06  # cga_out
OUT port 0x03D4, size 1, value 0x0F  # cga_out
OUT port 0x03D5, size 1, value 0xF1  # cga_out
IN  port 0x03DA, size 1, value 0x08
IN  port 0x03DA, size 1, value 0x09
OUT port 0x03D4, size 1, value 0x0E  # cga_out
OUT port 0x03D5, size 1, value 0x06  # cga_out
OUT port 0x03D4, size 1, value 0x0F  # cga_out
OUT port 0x03D5, size 1, value 0xF2  # cga_out
IN  port 0x03DA, size 1, value 0x08
IN  port 0x03DA, size 1, value 0x09
OUT port 0x03D4, size 1, value 0x0E  # cga_out
OUT port 0x03D5, size 1, value 0x06  # cga_out
OUT port 0x03D4, size 1, value 0x0F  # cga_out
OUT port 0x03D5, size 1, value 0xF3  # cga_out
IN  port 0x03DA, size 1, value 0x00
IN  port 0x03DA, size 1, value 0x01
OUT port 0x03D4, size 1, value 0x0E  # cga_out
OUT port 0x03D5, size 1, value 0x06  # cga_out
OUT port 0x03D4, size 1, value 0x0F  # cga_out
OUT port 0x03D5, size 1, value 0xF4  # cga_out
IN  port 0x03DA, size 1, value 0x00
IN  port 0x03DA, size 1, value 0x01
OUT port 0x03D4, size 1, value 0x0E  # cga_out
OUT port 0x03D5, size 1, value 0x00  # cga_out
OUT port 0x03D4, size 1, value 0x0F  # cga_out
OUT port 0x03D5, size 1, value 0x00  # cga_out
OUT port 0x03D4, size 1, value 0x0E  # cga_out
OUT port 0x03D5, size 1, value 0x00  # cga_out
OUT port 0x03D4, size 1, value 0x0F  # cga_out
OUT port 0x03D5, size 1, value 0x00  # cga_out
OUT port 0x03D4, size 1, value 0x0E  # cga_out
OUT port 0x03D5, size 1, value 0x00  # cga_out
OUT port 0x03D4, size 1, value 0x0F  # cga_out
OUT port 0x03D5, size 1, value 0x50  # cga_out
IN  port 0x03DA, size 1, value 0x08
IN  port 0x03DA, size 1, value 0x09
OUT port 0x03D4, size 1, value 0x0E  # cga_out
OUT port 0x03D5, size 1, value 0x00  # cga_out
OUT port 0x03D4, size 1, value 0x0F  # cga_out
OUT port 0x03D5, size 1, value 0x51  # cga_out
IN  port 0x03DA, size 1, value 0x08
IN  port 0x03DA, size 1, value 0x09
OUT port 0x03D4, size 1, value 0x0E  # cga_out
OUT port 0x03D5, size 1, value 0x00  # cga_out
OUT port 0x03D4, size 1, value 0x0F  # cga_out
OUT port 0x03D5, size 1, value 0x52  # cga_out
IN  port 0x03DA, size 1, value 0x08
IN  port 0x03DA, size 1, value 0x09
OUT port 0x03D4, size 1, value 0x0E  # cga_out
OUT port 0x03D5, size 1, value 0x00  # cga_out
OUT port 0x03D4, size 1, value 0x0F  # cga_out
OUT port 0x03D5, size 1, value 0x53  # cga_out
IN  port 0x03DA, size 1, value 0x08
IN  port 0x03DA, size 1, value 0x09
OUT port 0x03D4, size 1, value 0x0E  # cga_out
OUT port 0x03D5, size 1, value 0x00  # cga_out
OUT port 0x03D4, size 1, value 0x0F  # cga_out
OUT port 0x03D5, size 1, value 0x54  # cga_out
IN  port 0x03DA, size 1, value 0x08
IN  port 0x03DA, size 1, value 0x09
OUT port 0x03D4, size 1, value 0x0E  # cga_out
OUT port 0x03D5, size 1, value 0x00  # cga_out
OUT port 0x03D4, size 1, value 0x0F  # cga_out
OUT port 0x03D5, size 1, value 0x55  # cga_out
IN  port 0x03DA, size 1, value 0x00
IN  port 0x03DA, size 1, value 0x01
OUT port 0x03D4, size 1, value 0x0E  # cga_out
OUT port 0x03D5, size 1, value 0x00  # cga_out
OUT port 0x03D4, size 1, value 0x0F  # cga_out
OUT port 0x03D5, size 1, value 0x56  # cga_out
IN  port 0x03DA, size 1, value 0x00
IN  port 0x03DA, size 1, value 0x01
OUT port 0x03D4, size 1, value 0x0E  # cga_out
OUT port 0x03D5, size 1, value 0x00  # cga_out
OUT port 0x03D4, size 1, value 0x0F  # cga_out
OUT port 0x03D5, size 1, value 0x57  # cga_out
IN  port 0x03DA, size 1, value 0x00
IN  port 0x03DA, size 1, value 0x01
OUT port 0x03D4, size 1, value 0x0E  # cga_out
OUT port 0x03D5, size 1, value 0x00  # cga_out
OUT port 0x03D4, size 1, value 0x0F  # cga_out
OUT port 0x03D5, size 1, value 0x58  # cga_out
IN  port 0x03DA, size 1, value 0x00
IN  port 0x03DA, size 1, value 0x01
OUT port 0x03D4, size 1, value 0x0E  # cga_out
OUT port 0x03D5, size 1, value 0x00  # cga_out
OUT port 0x03D4, size 1, value 0x0F  # cga_out
OUT port 0x03D5, size 1, value 0x59  # cga_out
IN  port 0x03DA, size 1, value 0x08
IN  port 0x03DA, size 1, value 0x09
OUT port 0x03D4, size 1, value 0x0E  # cga_out
OUT port 0x03D5, size 1, value 0x00  # cga_out
OUT port 0x03D4, size 1, value 0x0F  # cga_out
OUT port 0x03D5, size 1, value 0x5A  # cga_out
IN  port 0x03DA, size 1, value 0x08
IN  port 0x03DA, size 1, value 0x09
OUT port 0x03D4, size 1, value 0x0E  # cga_out
OUT port 0x03D5, size 1, value 0x00  # cga_out
OUT port 0x03D4, size 1, value 0x0F  # cga_out
OUT port 0x03D5, size 1, value 0x5B  # cga_out
IN  port 0x03DA, size 1, value 0x08
IN  port 0x03DA, size 1, value 0x09
OUT port 0x03D4, size 1, value 0x0E  # cga_out
OUT port 0x03D5, size 1, value 0x00  # cga_out
OUT port 0x03D4, size 1, value 0x0F  # cga_out
OUT port 0x03D5, size 1, value 0x5C  # cga_out
IN  port 0x03DA, size 1, value 0x08
IN  port 0x03DA, size 1, value 0x09
OUT port 0x03D4, size 1, value 0x0E  # cga_out
OUT port 0x03D5, size 1, value 0x00  # cga_out
OUT port 0x03D4, size 1, value 0x0F  # cga_out
OUT port 0x03D5, size 1, value 0x5D  # cga_out
IN  port 0x03DA, size 1, value 0x08
IN  port 0x03DA, size 1, value 0x09
OUT port 0x03D4, size 1, value 0x0E  # cga_out
OUT port 0x03D5, size 1, value 0x00  # cga_out
OUT port 0x03D4, size 1, value 0x0F  # cga_out
OUT port 0x03D5, size 1, value 0x5E  # cga_out
IN  port 0x03DA, size 1, value 0x08
IN  port 0x03DA, size 1, value 0x09
OUT port 0x03D4, size 1, value 0x0E  # cga_out
OUT port 0x03D5, size 1, value 0x00  # cga_out
OUT port 0x03D4, size 1, value 0x0F  # cga_out
OUT port 0x03D5, size 1, value 0x5F  # cga_out
IN  port 0x03DA, size 1, value 0x00
IN  port 0x03DA, size 1, value 0x01
OUT port 0x03D4, size 1, value 0x0E  # cga_out
OUT port 0x03D5, size 1, value 0x00  # cga_out
OUT port 0x03D4, size 1, value 0x0F  # cga_out
OUT port 0x03D5, size 1, value 0x60  # cga_out
IN  port 0x03DA, size 1, value 0x00
IN  port 0x03DA, size 1, value 0x01
OUT port 0x03D4, size 1, value 0x0E  # cga_out
OUT port 0x03D5, size 1, value 0x00  # cga_out
OUT port 0x03D4, size 1, value 0x0F  # cga_out
OUT port 0x03D5, size 1, value 0x61  # cga_out
IN  port 0x03DA, size 1, value 0x00
IN  port 0x03DA, size 1, value 0x01
OUT port 0x03D4, size 1, value 0x0E  # cga_out
OUT port 0x03D5, size 1, value 0x00  # cga_out
OUT port 0x03D4, size 1, value 0x0F  # cga_out
OUT port 0x03D5, size 1, value 0x62  # cga_out
IN  port 0x03DA, size 1, value 0x00
IN  port 0x03DA, size 1, value 0x01
OUT port 0x03D4, size 1, value 0x0E  # cga_out
OUT port 0x03D5, size 1, value 0x00  # cga_out
OUT port 0x03D4, size 1, value 0x0F  # cga_out
OUT port 0x03D5, size 1, value 0x63  # cga_out
IN  port 0x03DA, size 1, value 0x08
IN  port 0x03DA, size 1, value 0x09
OUT port 0x03D4, size 1, value 0x0E  # cga_out
OUT port 0x03D5, size 1, value 0x00  # cga_out
OUT port 0x03D4, size 1, value 0x0F  # cga_out
OUT port 0x03D5, size 1, value 0x64  # cga_out
IN  port 0x03DA, size 1, value 0x08
IN  port 0x03DA, size 1, value 0x09
OUT port 0x03D4, size 1, value 0x0E  # cga_out
OUT port 0x03D5, size 1, value 0x00  # cga_out
OUT port 0x03D4, size 1, value 0x0F  # cga_out
OUT port 0x03D5, size 1, value 0x65  # cga_out
IN  port 0x03DA, size 1, value 0x08
IN  port 0x03DA, size 1, value 0x09
OUT port 0x03D4, size 1, value 0x0E  # cga_out
OUT port 0x03D5, size 1, value 0x00  # cga_out
OUT port 0x03D4, size 1, value 0x0F  # cga_out
OUT port 0x03D5, size 1, value 0x66  # cga_out
IN  port 0x03DA, size 1, value 0x08
IN  port 0x03DA, size 1, value 0x09
OUT port 0x03D4, size 1, value 0x0E  # cga_out
OUT port 0x03D5, size 1, value 0x00  # cga_out
OUT port 0x03D4, size 1, value 0x0F  # cga_out
OUT port 0x03D5, size 1, value 0x67  # cga_out
IN  port 0x03DA, size 1, value 0x00
IN  port 0x03DA, size 1, value 0x01
OUT port 0x03D4, size 1, value 0x0E  # cga_out
OUT port 0x03D5, size 1, value 0x00  # cga_out
OUT port 0x03D4, size 1, value 0x0F  # cga_out
OUT port 0x03D5, size 1, value 0x68  # cga_out
IN  port 0x03DA, size 1, value 0x00
IN  port 0x03DA, size 1, value 0x01
OUT port 0x03D4, size 1, value 0x0E  # cga_out
OUT port 0x03D5, size 1, value 0x00  # cga_out
OUT port 0x03D4, size 1, value 0x0F  # cga_out
OUT port 0x03D5, size 1, value 0x69  # cga_out
IN  port 0x03DA, size 1, value 0x00
IN  port 0x03DA, size 1, value 0x01
OUT port 0x03D4, size 1, value 0x0E  # cga_out
OUT port 0x03D5, size 1, value 0x00  # cga_out
OUT port 0x03D4, size 1, value 0x0F  # cga_out
OUT port 0x03D5, size 1, value 0x6A  # cga_out
IN  port 0x03DA, size 1, value 0x00
IN  port 0x03DA, size 1, value 0x01
OUT port 0x03D4, size 1, value 0x0E  # cga_out
OUT port 0x03D5, size 1, value 0x00  # cga_out
OUT port 0x03D4, size 1, value 0x0F  # cga_out
OUT port 0x03D5, size 1, value 0x6B  # cga_out
IN  port 0x03DA, size 1, value 0x00
IN  port 0x03DA, size 1, value 0x01
OUT port 0x03D4, size 1, value 0x0E  # cga_out
OUT port 0x03D5, size 1, value 0x00  # cga_out
OUT port 0x03D4, size 1, value 0x0F  # cga_out
OUT port 0x03D5, size 1, value 0x6C  # cga_out
IN  port 0x03DA, size 1, value 0x08
IN  port 0x03DA, size 1, value 0x09
OUT port 0x03D4, size 1, value 0x0E  # cga_out
OUT port 0x03D5, size 1, value 0x00  # cga_out
OUT port 0x03D4, size 1, value 0x0F  # cga_out
OUT port 0x03D5, size 1, value 0x6D  # cga_out
OUT port 0x03D4, size 1, value 0x0E  # cga_out
OUT port 0x03D5, size 1, value 0x00  # cga_out
OUT port 0x03D4, size 1, value 0x0F  # cga_out
OUT port 0x03D5, size 1, value 0x50  # cga_out
OUT port 0x03D4, size 1, value 0x0E  # cga_out
OUT port 0x03D5, size 1, value 0x00  # cga_out
OUT port 0x03D4, size 1, value 0x0F  # cga_out
OUT port 0x03D5, size 1, value 0xA0  # cga_out
OUT port 0x0021, size 1, value 0xAA  # pic_write
IN  port 0x0021, size 1, value 0xAA
OUT port 0x0021, size 1, value 0x55  # pic_write
IN  port 0x0021, size 1, value 0x55
OUT port 0x0021, size 1, value 0x00  # pic_write
IN  port 0x0021, size 1, value 0x00
OUT port 0x0021, size 1, value 0xFF  # pic_write
OUT port 0x0021, size 1, value 0xFE  # pic_write
OUT port 0x03D8, size 1, value 0x00  # cga_out
OUT port 0x03D4, size 1, value 0x00  # cga_out
OUT port 0x03D5, size 1, value 0x38  # cga_out
OUT port 0x03D4, size 1, value 0x01  # cga_out
OUT port 0x03D5, size 1, value 0x28  # cga_out
OUT port 0x03D4, size 1, value 0x02  # cga_out
OUT port 0x03D5, size 1, value 0x2D  # cga_out
OUT port 0x03D4, size 1, value 0x03  # cga_out
OUT port 0x03D5, size 1, value 0x0A  # cga_out
OUT port 0x03D4, size 1, value 0x04  # cga_out
OUT port 0x03D5, size 1, value 0x1F  # cga_out
OUT port 0x03D4, size 1, value 0x05  # cga_out
OUT port 0x03D5, size 1, value 0x06  # cga_out
OUT port 0x03D4, size 1, value 0x06  # cga_out
OUT port 0x03D5, size 1, value 0x19  # cga_out
OUT port 0x03D4, size 1, value 0x07  # cga_out
OUT port 0x03D5, size 1, value 0x1C  # cga_out
OUT port 0x03D4, size 1, value 0x08  # cga_out
OUT port 0x03D5, size 1, value 0x02  # cga_out
OUT port 0x03D4, size 1, value 0x09  # cga_out
OUT port 0x03D5, size 1, value 0x07  # cga_out
OUT port 0x03D4, size 1, value 0x0A  # cga_out
OUT port 0x03D5, size 1, value 0x06  # cga_out
OUT port 0x03D4, size 1, value 0x0B  # cga_out
OUT port 0x03D5, size 1, value 0x07  # cga_out
OUT port 0x03D4, size 1, value 0x0C  # cga_out
OUT port 0x03D5, size 1, value 0x00  # cga_out
OUT port 0x03D4, size 1, value 0x0D  # cga_out
OUT port 0x03D5, size 1, value 0x00  # cga_out
OUT port 0x03D4, size 1, value 0x0E  # cga_out
OUT port 0x03D5, size 1, value 0x00  # cga_out
OUT port 0x03D4, size 1, value 0x0F  # cga_out
OUT port 0x03D5, size 1, value 0x00  # cga_out
OUT port 0x03D8, size 1, value 0x2C  # cga_out
OUT port 0x03D9, size 1, value 0x30  # cga_out
OUT port 0x03D4, size 1, value 0x0E  # cga_out
OUT port 0x03D5, size 1, value 0x00  # cga_out
OUT port 0x03D4, size 1, value 0x0F  # cga_out
OUT port 0x03D5, size 1, value 0x00  # cga_out
OUT port 0x03D4, size 1, value 0x0E  # cga_out
OUT port 0x03D5, size 1, value 0x00  # cga_out
OUT port 0x03D4, size 1, value 0x0F  # cga_out
OUT port 0x03D5, size 1, value 0x28  # cga_out
IN  port 0x03DA, size 1, value 0x08
IN  port 0x03DA, size 1, value 0x09
OUT port 0x03D4, size 1, value 0x0E  # cga_out
OUT port 0x03D5, size 1, value 0x00  # cga_out
OUT port 0x03D4, size 1, value 0x0F  # cga_out
OUT port 0x03D5, size 1, value 0x29  # cga_out
IN  port 0x03DA, size 1, value 0x08
IN  port 0x03DA, size 1, value 0x09
OUT port 0x03D4, size 1, value 0x0E  # cga_out
OUT port 0x03D5, size 1, value 0x00  # cga_out
OUT port 0x03D4, size 1, value 0x0F  # cga_out
OUT port 0x03D5, size 1, value 0x2A  # cga_out
IN  port 0x03DA, size 1, value 0x08
IN  port 0x03DA, size 1, value 0x01
OUT port 0x03D4, size 1, value 0x0E  # cga_out
OUT port 0x03D5, size 1, value 0x00  # cga_out
OUT port 0x03D4, size 1, value 0x0F  # cga_out
OUT port 0x03D5, size 1, value 0x2B  # cga_out
IN  port 0x03DA, size 1, value 0x00
IN  port 0x03DA, size 1, value 0x01
OUT port 0x03D4, size 1, value 0x0E  # cga_out
OUT port 0x03D5, size 1, value 0x00  # cga_out
OUT port 0x03D4, size 1, value 0x0F  # cga_out
OUT port 0x03D5, size 1, value 0x2C  # cga_out
IN  port 0x03DA, size 1, value 0x00
IN  port 0x03DA, size 1, value 0x01
OUT port 0x03D4, size 1, value 0x0E  # cga_out
OUT port 0x03D5, size 1, value 0x00  # cga_out
OUT port 0x03D4, size 1, value 0x0F  # cga_out
OUT port 0x03D5, size 1, value 0x2D  # cga_out
IN  port 0x03DA, size 1, value 0x00
IN  port 0x03DA, size 1, value 0x01
OUT port 0x03D4, size 1, value 0x0E  # cga_out
OUT port 0x03D5, size 1, value 0x00  # cga_out
OUT port 0x03D4, size 1, value 0x0F  # cga_out
OUT port 0x03D5, size 1, value 0x2E  # cga_out
IN  port 0x03DA, size 1, value 0x00
IN  port 0x03DA, size 1, value 0x01
OUT port 0x03D4, size 1, value 0x0E  # cga_out
OUT port 0x03D5, size 1, value 0x00  # cga_out
OUT port 0x03D4, size 1, value 0x0F  # cga_out
OUT port 0x03D5, size 1, value 0x2F  # cga_out
IN  port 0x03DA, size 1, value 0x00
IN  port 0x03DA, size 1, value 0x01
OUT port 0x03D4, size 1, value 0x0E  # cga_out
OUT port 0x03D5, size 1, value 0x00  # cga_out
OUT port 0x03D4, size 1, value 0x0F  # cga_out
OUT port 0x03D5, size 1, value 0x30  # cga_out
IN  port 0x03DA, size 1, value 0x08
IN  port 0x03DA, size 1, value 0x09
OUT port 0x03D4, size 1, value 0x0E  # cga_out
OUT port 0x03D5, size 1, value 0x00  # cga_out
OUT port 0x03D4, size 1, value 0x0F  # cga_out
OUT port 0x03D5, size 1, value 0x31  # cga_out
IN  port 0x03DA, size 1, value 0x08
IN  port 0x03DA, size 1, value 0x09
OUT port 0x03D4, size 1, value 0x0E  # cga_out
OUT port 0x03D5, size 1, value 0x00  # cga_out
OUT port 0x03D4, size 1, value 0x0F  # cga_out
OUT port 0x03D5, size 1, value 0x32  # cga_out
IN  port 0x03DA, size 1, value 0x08
IN  port 0x03DA, size 1, value 0x09
OUT port 0x03D4, size 1, value 0x0E  # cga_out
OUT port 0x03D5, size 1, value 0x00  # cga_out
OUT port 0x03D4, size 1, value 0x0F  # cga_out
OUT port 0x03D5, size 1, value 0x33  # cga_out
IN  port 0x03DA, size 1, value 0x08
IN  port 0x03DA, size 1, value 0x09
OUT port 0x03D4, size 1, value 0x0E  # cga_out
OUT port 0x03D5, size 1, value 0x00  # cga_out
OUT port 0x03D4, size 1, value 0x0F  # cga_out
OUT port 0x03D5, size 1, value 0x34  # cga_out
IN  port 0x03DA, size 1, value 0x08
IN  port 0x03DA, size 1, value 0x09
OUT port 0x03D4, size 1, value 0x0E  # cga_out
OUT port 0x03D5, size 1, value 0x00  # cga_out
OUT port 0x03D4, size 1, value 0x0F  # cga_out
OUT port 0x03D5, size 1, value 0x35  # cga_out
IN  port 0x03DA, size 1, value 0x08
IN  port 0x03DA, size 1, value 0x09
OUT port 0x03D4, size 1, value 0x0E  # cga_out
OUT port 0x03D5, size 1, value 0x00  # cga_out
OUT port 0x03D4, size 1, value 0x0F  # cga_out
OUT port 0x03D5, size 1, value 0x36  # cga_out
IN  port 0x03DA, size 1, value 0x08
IN  port 0x03DA, size 1, value 0x09
OUT port 0x03D4, size 1, value 0x0E  # cga_out
OUT port 0x03D5, size 1, value 0x00  # cga_out
OUT port 0x03D4, size 1, value 0x0F  # cga_out
OUT port 0x03D5, size 1, value 0x37  # cga_out
IN  port 0x03DA, size 1, value 0x00
IN  port 0x03DA, size 1, value 0x01
OUT port 0x03D4, size 1, value 0x0E  # cga_out
OUT port 0x03D5, size 1, value 0x00  # cga_out
OUT port 0x03D4, size 1, value 0x0F  # cga_out
OUT port 0x03D5, size 1, value 0x38  # cga_out
OUT port 0x03D4, size 1, value 0x0E  # cga_out
OUT port 0x03D5, size 1, value 0x00  # cga_out
OUT port 0x03D4, size 1, value 0x0F  # cga_out
OUT port 0x03D5, size 1, value 0x28  # cga_out
OUT port 0x03D4, size 1, value 0x0E  # cga_out
OUT port 0x03D5, size 1, value 0x00  # cga_out
OUT port 0x03D4, size 1, value 0x0F  # cga_out
OUT port 0x03D5, size 1, value 0x50  # cga_out
IN  port 0x03DA, size 1, value 0x00
IN  port 0x03DA, size 1, value 0x01
OUT port 0x03D4, size 1, value 0x0E  # cga_out
OUT port 0x03D5, size 1, value 0x00  # cga_out
OUT port 0x03D4, size 1, value 0x0F  # cga_out
OUT port 0x03D5, size 1, value 0x51  # cga_out
IN  port 0x03DA, size 1, value 0x00
IN  port 0x03DA, size 1, value 0x01
OUT port 0x03D4, size 1, value 0x0E  # cga_out
OUT port 0x03D5, size 1, value 0x00  # cga_out
OUT port 0x03D4, size 1, value 0x0F  # cga_out
OUT port 0x03D5, size 1, value 0x52  # cga_out
IN  port 0x03DA, size 1, value 0x00
IN  port 0x03DA, size 1, value 0x01
OUT port 0x03D4, size 1, value 0x0E  # cga_out
OUT port 0x03D5, size 1, value 0x00  # cga_out
OUT port 0x03D4, size 1, value 0x0F  # cga_out
OUT port 0x03D5, size 1, value 0x53  # cga_out
IN  port 0x03DA, size 1, value 0x00
IN  port 0x03DA, size 1, value 0x01
OUT port 0x03D4, size 1, value 0x0E  # cga_out
OUT port 0x03D5, size 1, value 0x00  # cga_out
OUT port 0x03D4, size 1, value 0x0F  # cga_out
OUT port 0x03D5, size 1, value 0x54  # cga_out
IN  port 0x03DA, size 1, value 0x00
IN  port 0x03DA, size 1, value 0x01
OUT port 0x03D4, size 1, value 0x0E  # cga_out
OUT port 0x03D5, size 1, value 0x00  # cga_out
OUT port 0x03D4, size 1, value 0x0F  # cga_out
OUT port 0x03D5, size 1, value 0x55  # cga_out
IN  port 0x03DA, size 1, value 0x08
IN  port 0x03DA, size 1, value 0x09
OUT port 0x03D4, size 1, value 0x0E  # cga_out
OUT port 0x03D5, size 1, value 0x00  # cga_out
OUT port 0x03D4, size 1, value 0x0F  # cga_out
OUT port 0x03D5, size 1, value 0x56  # cga_out
IN  port 0x03DA, size 1, value 0x08
IN  port 0x03DA, size 1, value 0x09
OUT port 0x03D4, size 1, value 0x0E  # cga_out
OUT port 0x03D5, size 1, value 0x00  # cga_out
OUT port 0x03D4, size 1, value 0x0F  # cga_out
OUT port 0x03D5, size 1, value 0x57  # cga_out
IN  port 0x03DA, size 1, value 0x08
IN  port 0x03DA, size 1, value 0x09
OUT port 0x03D4, size 1, value 0x0E  # cga_out
OUT port 0x03D5, size 1, value 0x00  # cga_out
OUT port 0x03D4, size 1, value 0x0F  # cga_out
OUT port 0x03D5, size 1, value 0x58  # cga_out
IN  port 0x03DA, size 1, value 0x08
IN  port 0x03DA, size 1, value 0x09
OUT port 0x03D4, size 1, value 0x0E  # cga_out
OUT port 0x03D5, size 1, value 0x00  # cga_out
OUT port 0x03D4, size 1, value 0x0F  # cga_out
OUT port 0x03D5, size 1, value 0x59  # cga_out
IN  port 0x03DA, size 1, value 0x08
IN  port 0x03DA, size 1, value 0x09
OUT port 0x03D4, size 1, value 0x0E  # cga_out
OUT port 0x03D5, size 1, value 0x00  # cga_out
OUT port 0x03D4, size 1, value 0x0F  # cga_out
OUT port 0x03D5, size 1, value 0x5A  # cga_out
IN  port 0x03DA, size 1, value 0x08
IN  port 0x03DA, size 1, value 0x09
OUT port 0x03D4, size 1, value 0x0E  # cga_out
OUT port 0x03D5, size 1, value 0x00  # cga_out
OUT port 0x03D4, size 1, value 0x0F  # cga_out
OUT port 0x03D5, size 1, value 0x5B  # cga_out
IN  port 0x03DA, size 1, value 0x00
IN  port 0x03DA, size 1, value 0x01
OUT port 0x03D4, size 1, value 0x0E  # cga_out
OUT port 0x03D5, size 1, value 0x00  # cga_out
OUT port 0x03D4, size 1, value 0x0F  # cga_out
OUT port 0x03D5, size 1, value 0x5C  # cga_out
IN  port 0x03DA, size 1, value 0x00
IN  port 0x03DA, size 1, value 0x01
OUT port 0x03D4, size 1, value 0x0E  # cga_out
OUT port 0x03D5, size 1, value 0x00  # cga_out
OUT port 0x03D4, size 1, value 0x0F  # cga_out
OUT port 0x03D5, size 1, value 0x5D  # cga_out
OUT port 0x0043, size 1, value 0xB6  # pit_write
OUT port 0x0042, size 1, value 0x05  # pit_write
OUT port 0x0042, size 1, value 0x05  # pit_write
IN  port 0x0061, size 1, value 0x89  # keyboard_xt_read
OUT port 0x0061, size 1, value 0x8B  # keyboard_xt_write
OUT port 0x0061, size 1, value 0x89  # keyboard_xt_write
OUT port 0x0020, size 1, value 0x0B  # pic_write
IN  port 0x0020, size 1, value 0x00
OUT port 0x0020, size 1, value 0x0B  # pic_write
IN  port 0x0020, size 1, value 0x00
OUT port 0x0020, size 1, value 0x0B  # pic_write
IN  port 0x0020, size 1, value 0x00
OUT port 0x0020, size 1, value 0x0B  # pic_write
IN  port 0x0020, size 1, value 0x00
OUT port 0x0020, size 1, value 0x0B  # pic_write
IN  port 0x0020, size 1, value 0x00
OUT port 0x0020, size 1, value 0x0B  # pic_write
IN  port 0x0020, size 1, value 0x00
OUT port 0x0020, size 1, value 0x0B  # pic_write
IN  port 0x0020, size 1, value 0x00
OUT port 0x0020, size 1, value 0x0B  # pic_write
IN  port 0x0020, size 1, value 0x00
OUT port 0x0020, size 1, value 0x0B  # pic_write
IN  port 0x0020, size 1, value 0x00
OUT port 0x0020, size 1, value 0x0B  # pic_write
IN  port 0x0020, size 1, value 0x00
OUT port 0x0020, size 1, value 0x0B  # pic_write
IN  port 0x0020, size 1, value 0x00
OUT port 0x0020, size 1, value 0x0B  # pic_write
IN  port 0x0020, size 1, value 0x00
OUT port 0x0020, size 1, value 0x0B  # pic_write
IN  port 0x0020, size 1, value 0x00
OUT port 0x0020, size 1, value 0x0B  # pic_write
IN  port 0x0020, size 1, value 0x00
OUT port 0x0020, size 1, value 0x0B  # pic_write
IN  port 0x0020, size 1, value 0x00
OUT port 0x0020, size 1, value 0x0B  # pic_write
IN  port 0x0020, size 1, value 0x00
OUT port 0x0020, size 1, value 0x0B  # pic_write
IN  port 0x0020, size 1, value 0x00
OUT port 0x0020, size 1, value 0x0B  # pic_write
IN  port 0x0020, size 1, value 0x00
OUT port 0x0020, size 1, value 0x0B  # pic_write
IN  port 0x0020, size 1, value 0x00
OUT port 0x0020, size 1, value 0x0B  # pic_write
IN  port 0x0020, size 1, value 0x00
OUT port 0x0020, size 1, value 0x0B  # pic_write
IN  port 0x0020, size 1, value 0x00
OUT port 0x0020, size 1, value 0x0B  # pic_write
IN  port 0x0020, size 1, value 0x00
OUT port 0x0020, size 1, value 0x0B  # pic_write
IN  port 0x0020, size 1, value 0x00
OUT port 0x0020, size 1, value 0x0B  # pic_write
IN  port 0x0020, size 1, value 0x00
OUT port 0x0020, size 1, value 0x0B  # pic_write
IN  port 0x0020, size 1, value 0x00
OUT port 0x0020, size 1, value 0x0B  # pic_write
IN  port 0x0020, size 1, value 0x00
OUT port 0x0020, size 1, value 0x0B  # pic_write
IN  port 0x0020, size 1, value 0x00
OUT port 0x0020, size 1, value 0x0B  # pic_write
IN  port 0x0020, size 1, value 0x00
OUT port 0x0020, size 1, value 0x0B  # pic_write
IN  port 0x0020, size 1, value 0x00
OUT port 0x0020, size 1, value 0x0B  # pic_write
IN  port 0x0020, size 1, value 0x00
OUT port 0x0020, size 1, value 0x0B  # pic_write
IN  port 0x0020, size 1, value 0x00
OUT port 0x0020, size 1, value 0x0B  # pic_write
IN  port 0x0020, size 1, value 0x00
OUT port 0x0020, size 1, value 0x0B  # pic_write
IN  port 0x0020, size 1, value 0x00
OUT port 0x0020, size 1, value 0x0B  # pic_write
IN  port 0x0020, size 1, value 0x00
OUT port 0x0020, size 1, value 0x0B  # pic_write
IN  port 0x0020, size 1, value 0x00
OUT port 0x0020, size 1, value 0x0B  # pic_write
IN  port 0x0020, size 1, value 0x00
OUT port 0x0020, size 1, value 0x0B  # pic_write
IN  port 0x0020, size 1, value 0x00
OUT port 0x0020, size 1, value 0x0B  # pic_write
IN  port 0x0020, size 1, value 0x00
OUT port 0x0020, size 1, value 0x0B  # pic_write
IN  port 0x0020, size 1, value 0x00
OUT port 0x0020, size 1, value 0x0B  # pic_write
IN  port 0x0020, size 1, value 0x00
OUT port 0x0020, size 1, value 0x0B  # pic_write
IN  port 0x0020, size 1, value 0x00
OUT port 0x0020, size 1, value 0x0B  # pic_write
IN  port 0x0020, size 1, value 0x00
OUT port 0x0020, size 1, value 0x0B  # pic_write
IN  port 0x0020, size 1, value 0x00
OUT port 0x0020, size 1, value 0x0B  # pic_write
IN  port 0x0020, size 1, value 0x00
OUT port 0x0020, size 1, value 0x0B  # pic_write
IN  port 0x0020, size 1, value 0x00
OUT port 0x0020, size 1, value 0x0B  # pic_write
IN  port 0x0020, size 1, value 0x00
OUT port 0x0020, size 1, value 0x0B  # pic_write
IN  port 0x0020, size 1, value 0x00
OUT port 0x0020, size 1, value 0x0B  # pic_write
IN  port 0x0020, size 1, value 0x00
OUT port 0x0020, size 1, value 0x0B  # pic_write
IN  port 0x0020, size 1, value 0x00
OUT port 0x0020, size 1, value 0x0B  # pic_write
IN  port 0x0020, size 1, value 0x00
OUT port 0x0020, size 1, value 0x0B  # pic_write
IN  port 0x0020, size 1, value 0x00
OUT port 0x0020, size 1, value 0x0B  # pic_write
IN  port 0x0020, size 1, value 0x00
OUT port 0x0020, size 1, value 0x0B  # pic_write
IN  port 0x0020, size 1, value 0x00
OUT port 0x0020, size 1, value 0x0B  # pic_write
IN  port 0x0020, size 1, value 0x00
OUT port 0x0020, size 1, value 0x0B  # pic_write
IN  port 0x0020, size 1, value 0x00
OUT port 0x0020, size 1, value 0x0B  # pic_write
IN  port 0x0020, size 1, value 0x00
OUT port 0x0020, size 1, value 0x0B  # pic_write
IN  port 0x0020, size 1, value 0x00
OUT port 0x0020, size 1, value 0x0B  # pic_write
IN  port 0x0020, size 1, value 0x00
OUT port 0x0020, size 1, value 0x0B  # pic_write
IN  port 0x0020, size 1, value 0x00
OUT port 0x0020, size 1, value 0x0B  # pic_write
IN  port 0x0020, size 1, value 0x00
OUT port 0x0020, size 1, value 0x0B  # pic_write
IN  port 0x0020, size 1, value 0x00
OUT port 0x0020, size 1, value 0x0B  # pic_write
IN  port 0x0020, size 1, value 0x00
OUT port 0x0020, size 1, value 0x0B  # pic_write
IN  port 0x0020, size 1, value 0x00
OUT port 0x0020, size 1, value 0x0B  # pic_write
IN  port 0x0020, size 1, value 0x00
OUT port 0x0020, size 1, value 0x0B  # pic_write
IN  port 0x0020, size 1, value 0x00
OUT port 0x0020, size 1, value 0x0B  # pic_write
IN  port 0x0020, size 1, value 0x00
OUT port 0x0020, size 1, value 0x0B  # pic_write
IN  port 0x0020, size 1, value 0x00
OUT port 0x0020, size 1, value 0x0B  # pic_write
IN  port 0x0020, size 1, value 0x00
OUT port 0x0020, size 1, value 0x0B  # pic_write
IN  port 0x0020, size 1, value 0x00
OUT port 0x0020, size 1, value 0x0B  # pic_write
IN  port 0x0020, size 1, value 0x00
OUT port 0x0020, size 1, value 0x0B  # pic_write
IN  port 0x0020, size 1, value 0x00
OUT port 0x0020, size 1, value 0x0B  # pic_write
IN  port 0x0020, size 1, value 0x00
OUT port 0x0020, size 1, value 0x0B  # pic_write
IN  port 0x0020, size 1, value 0x00
OUT port 0x0020, size 1, value 0x0B  # pic_write
IN  port 0x0020, size 1, value 0x00
OUT port 0x0020, size 1, value 0x0B  # pic_write
IN  port 0x0020, size 1, value 0x00
OUT port 0x0020, size 1, value 0x0B  # pic_write
IN  port 0x0020, size 1, value 0x00
OUT port 0x0020, size 1, value 0x0B  # pic_write
IN  port 0x0020, size 1, value 0x00
OUT port 0x0020, size 1, value 0x0B  # pic_write
IN  port 0x0020, size 1, value 0x00
OUT port 0x0020, size 1, value 0x0B  # pic_write
IN  port 0x0020, size 1, value 0x00
OUT port 0x0020, size 1, value 0x0B  # pic_write
IN  port 0x0020, size 1, value 0x00
OUT port 0x0020, size 1, value 0x0B  # pic_write
IN  port 0x0020, size 1, value 0x00
OUT port 0x0020, size 1, value 0x0B  # pic_write
IN  port 0x0020, size 1, value 0x00
OUT port 0x0020, size 1, value 0x0B  # pic_write
IN  port 0x0020, size 1, value 0x00
OUT port 0x0020, size 1, value 0x0B  # pic_write
IN  port 0x0020, size 1, value 0x00
OUT port 0x0020, size 1, value 0x0B  # pic_write
IN  port 0x0020, size 1, value 0x00
OUT port 0x0020, size 1, value 0x0B  # pic_write
IN  port 0x0020, size 1, value 0x00
OUT port 0x0020, size 1, value 0x0B  # pic_write
IN  port 0x0020, size 1, value 0x00
OUT port 0x0020, size 1, value 0x0B  # pic_write
IN  port 0x0020, size 1, value 0x00
OUT port 0x0020, size 1, value 0x0B  # pic_write
IN  port 0x0020, size 1, value 0x00
OUT port 0x0020, size 1, value 0x0B  # pic_write
IN  port 0x0020, size 1, value 0x00
OUT port 0x0020, size 1, value 0x0B  # pic_write
IN  port 0x0020, size 1, value 0x00
OUT port 0x0020, size 1, value 0x0B  # pic_write
IN  port 0x0020, size 1, value 0x00
OUT port 0x0020, size 1, value 0x0B  # pic_write
IN  port 0x0020, size 1, value 0x00
OUT port 0x0020, size 1, value 0x0B  # pic_write
IN  port 0x0020, size 1, value 0x00
OUT port 0x0020, size 1, value 0x0B  # pic_write
IN  port 0x0020, size 1, value 0x00
OUT port 0x0020, size 1, value 0x0B  # pic_write
IN  port 0x0020, size 1, value 0x00
OUT port 0x0020, size 1, value 0x0B  # pic_write
IN  port 0x0020, size 1, value 0x00
OUT port 0x0020, size 1, value 0x0B  # pic_write
IN  port 0x0020, size 1, value 0x00
OUT port 0x0020, size 1, value 0x0B  # pic_write
IN  port 0x0020, size 1, value 0x00
OUT port 0x0020, size 1, value 0x0B  # pic_write
IN  port 0x0020, size 1, value 0x00
OUT port 0x0020, size 1, value 0x0B  # pic_write
IN  port 0x0020, size 1, value 0x00
OUT port 0x0020, size 1, value 0x0B  # pic_write
IN  port 0x0020, size 1, value 0x00
OUT port 0x0020, size 1, value 0x0B  # pic_write
IN  port 0x0020, size 1, value 0x00
OUT port 0x0020, size 1, value 0x0B  # pic_write
IN  port 0x0020, size 1, value 0x00
OUT port 0x0020, size 1, value 0x0B  # pic_write
IN  port 0x0020, size 1, value 0x00
OUT port 0x0020, size 1, value 0x0B  # pic_write
IN  port 0x0020, size 1, value 0x00
OUT port 0x0020, size 1, value 0x0B  # pic_write
IN  port 0x0020, size 1, value 0x00
OUT port 0x0020, size 1, value 0x0B  # pic_write
IN  port 0x0020, size 1, value 0x00
OUT port 0x0020, size 1, value 0x0B  # pic_write
IN  port 0x0020, size 1, value 0x00
OUT port 0x0020, size 1, value 0x0B  # pic_write
IN  port 0x0020, size 1, value 0x00
OUT port 0x0020, size 1, value 0x0B  # pic_write
IN  port 0x0020, size 1, value 0x00
OUT port 0x0020, size 1, value 0x0B  # pic_write
IN  port 0x0020, size 1, value 0x00
OUT port 0x0020, size 1, value 0x0B  # pic_write
IN  port 0x0020, size 1, value 0x00
OUT port 0x0020, size 1, value 0x0B  # pic_write
IN  port 0x0020, size 1, value 0x00
OUT port 0x0020, size 1, value 0x0B  # pic_write
IN  port 0x0020, size 1, value 0x00
OUT port 0x0020, size 1, value 0x0B  # pic_write
IN  port 0x0020, size 1, value 0x00
OUT port 0x0020, size 1, value 0x0B  # pic_write
IN  port 0x0020, size 1, value 0x00
OUT port 0x0020, size 1, value 0x0B  # pic_write
IN  port 0x0020, size 1, value 0x00
OUT port 0x0020, size 1, value 0x0B  # pic_write
IN  port 0x0020, size 1, value 0x00
OUT port 0x0020, size 1, value 0x0B  # pic_write
IN  port 0x0020, size 1, value 0x00
OUT port 0x0020, size 1, value 0x0B  # pic_write
IN  port 0x0020, size 1, value 0x00
OUT port 0x0020, size 1, value 0x0B  # pic_write
IN  port 0x0020, size 1, value 0x00
OUT port 0x0020, size 1, value 0x0B  # pic_write
IN  port 0x0020, size 1, value 0x00
OUT port 0x0020, size 1, value 0x0B  # pic_write
IN  port 0x0020, size 1, value 0x00
OUT port 0x0020, size 1, value 0x0B  # pic_write
IN  port 0x0020, size 1, value 0x00
OUT port 0x0020, size 1, value 0x0B  # pic_write
IN  port 0x0020, size 1, value 0x00
OUT port 0x0020, size 1, value 0x0B  # pic_write
IN  port 0x0020, size 1, value 0x00
OUT port 0x0020, size 1, value 0x0B  # pic_write
IN  port 0x0020, size 1, value 0x00
OUT port 0x0020, size 1, value 0x0B  # pic_write
IN  port 0x0020, size 1, value 0x00
OUT port 0x0020, size 1, value 0x0B  # pic_write
IN  port 0x0020, size 1, value 0x00
OUT port 0x0020, size 1, value 0x0B  # pic_write
IN  port 0x0020, size 1, value 0x00
OUT port 0x0020, size 1, value 0x0B  # pic_write
IN  port 0x0020, size 1, value 0x00
OUT port 0x0020, size 1, value 0x0B  # pic_write
IN  port 0x0020, size 1, value 0x00
OUT port 0x0020, size 1, value 0x0B  # pic_write
IN  port 0x0020, size 1, value 0x00
OUT port 0x0020, size 1, value 0x0B  # pic_write
IN  port 0x0020, size 1, value 0x00
OUT port 0x0020, size 1, value 0x0B  # pic_write
IN  port 0x0020, size 1, value 0x00
OUT port 0x0020, size 1, value 0x0B  # pic_write
IN  port 0x0020, size 1, value 0x00
OUT port 0x0020, size 1, value 0x0B  # pic_write
IN  port 0x0020, size 1, value 0x00
OUT port 0x0020, size 1, value 0x0B  # pic_write
IN  port 0x0020, size 1, value 0x00
OUT port 0x0020, size 1, value 0x0B  # pic_write
IN  port 0x0020, size 1, value 0x00
OUT port 0x0020, size 1, value 0x0B  # pic_write
IN  port 0x0020, size 1, value 0x00
OUT port 0x0020, size 1, value 0x0B  # pic_write
IN  port 0x0020, size 1, value 0x00
OUT port 0x0020, size 1, value 0x0B  # pic_write
IN  port 0x0020, size 1, value 0x00
OUT port 0x0020, size 1, value 0x0B  # pic_write
IN  port 0x0020, size 1, value 0x00
OUT port 0x0020, size 1, value 0x0B  # pic_write
IN  port 0x0020, size 1, value 0x00
OUT port 0x0020, size 1, value 0x0B  # pic_write
IN  port 0x0020, size 1, value 0x00
OUT port 0x0020, size 1, value 0x0B  # pic_write
IN  port 0x0020, size 1, value 0x00
OUT port 0x0020, size 1, value 0x0B  # pic_write
IN  port 0x0020, size 1, value 0x00
OUT port 0x0020, size 1, value 0x0B  # pic_write
IN  port 0x0020, size 1, value 0x00
OUT port 0x0020, size 1, value 0x0B  # pic_write
IN  port 0x0020, size 1, value 0x00
OUT port 0x0020, size 1, value 0x0B  # pic_write
IN  port 0x0020, size 1, value 0x00
OUT port 0x0020, size 1, value 0x0B  # pic_write
IN  port 0x0020, size 1, value 0x00
OUT port 0x0020, size 1, value 0x0B  # pic_write
IN  port 0x0020, size 1, value 0x00
OUT port 0x0020, size 1, value 0x0B  # pic_write
IN  port 0x0020, size 1, value 0x00
OUT port 0x0020, size 1, value 0x0B  # pic_write
IN  port 0x0020, size 1, value 0x00
OUT port 0x0020, size 1, value 0x0B  # pic_write
IN  port 0x0020, size 1, value 0x00
OUT port 0x0020, size 1, value 0x0B  # pic_write
IN  port 0x0020, size 1, value 0x00
OUT port 0x0020, size 1, value 0x0B  # pic_write
IN  port 0x0020, size 1, value 0x00
OUT port 0x0020, size 1, value 0x0B  # pic_write
IN  port 0x0020, size 1, value 0x00
OUT port 0x0020, size 1, value 0x0B  # pic_write
IN  port 0x0020, size 1, value 0x00
OUT port 0x0020, size 1, value 0x0B  # pic_write
IN  port 0x0020, size 1, value 0x00
OUT port 0x0020, size 1, value 0x0B  # pic_write
IN  port 0x0020, size 1, value 0x00
OUT port 0x0020, size 1, value 0x0B  # pic_write
IN  port 0x0020, size 1, value 0x00
OUT port 0x0020, size 1, value 0x0B  # pic_write
IN  port 0x0020, size 1, value 0x00
OUT port 0x0020, size 1, value 0x0B  # pic_write
IN  port 0x0020, size 1, value 0x00
OUT port 0x0020, size 1, value 0x0B  # pic_write
IN  port 0x0020, size 1, value 0x00
OUT port 0x0020, size 1, value 0x0B  # pic_write
IN  port 0x0020, size 1, value 0x00
OUT port 0x0020, size 1, value 0x0B  # pic_write
IN  port 0x0020, size 1, value 0x00
OUT port 0x0020, size 1, value 0x0B  # pic_write
IN  port 0x0020, size 1, value 0x00
OUT port 0x0020, size 1, value 0x0B  # pic_write
IN  port 0x0020, size 1, value 0x00
OUT port 0x0020, size 1, value 0x0B  # pic_write
IN  port 0x0020, size 1, value 0x00
OUT port 0x0020, size 1, value 0x0B  # pic_write
IN  port 0x0020, size 1, value 0x00
OUT port 0x0020, size 1, value 0x0B  # pic_write
IN  port 0x0020, size 1, value 0x00
OUT port 0x0020, size 1, value 0x0B  # pic_write
IN  port 0x0020, size 1, value 0x00
OUT port 0x0020, size 1, value 0x0B  # pic_write
IN  port 0x0020, size 1, value 0x00
OUT port 0x0020, size 1, value 0x0B  # pic_write
IN  port 0x0020, size 1, value 0x00
OUT port 0x0020, size 1, value 0x0B  # pic_write
IN  port 0x0020, size 1, value 0x00
OUT port 0x0020, size 1, value 0x0B  # pic_write
IN  port 0x0020, size 1, value 0x00
OUT port 0x0020, size 1, value 0x0B  # pic_write
IN  port 0x0020, size 1, value 0x00
OUT port 0x0020, size 1, value 0x0B  # pic_write
IN  port 0x0020, size 1, value 0x00
OUT port 0x0020, size 1, value 0x0B  # pic_write
IN  port 0x0020, size 1, value 0x00
OUT port 0x0020, size 1, value 0x0B  # pic_write
IN  port 0x0020, size 1, value 0x00
OUT port 0x0020, size 1, value 0x0B  # pic_write
IN  port 0x0020, size 1, value 0x00
OUT port 0x0020, size 1, value 0x0B  # pic_write
IN  port 0x0020, size 1, value 0x00
OUT port 0x0020, size 1, value 0x0B  # pic_write
IN  port 0x0020, size 1, value 0x00
OUT port 0x0020, size 1, value 0x0B  # pic_write
IN  port 0x0020, size 1, value 0x00
OUT port 0x0020, size 1, value 0x0B  # pic_write
IN  port 0x0020, size 1, value 0x00
OUT port 0x0020, size 1, value 0x0B  # pic_write
IN  port 0x0020, size 1, value 0x00
OUT port 0x0020, size 1, value 0x0B  # pic_write
IN  port 0x0020, size 1, value 0x00
OUT port 0x0020, size 1, value 0x0B  # pic_write
IN  port 0x0020, size 1, value 0x00
OUT port 0x0020, size 1, value 0x0B  # pic_write
IN  port 0x0020, size 1, value 0x00
OUT port 0x0020, size 1, value 0x0B  # pic_write
IN  port 0x0020, size 1, value 0x00
OUT port 0x0020, size 1, value 0x0B  # pic_write
IN  port 0x0020, size 1, value 0x00
OUT port 0x0020, size 1, value 0x0B  # pic_write
IN  port 0x0020, size 1, value 0x00
OUT port 0x0020, size 1, value 0x0B  # pic_write
IN  port 0x0020, size 1, value 0x00
OUT port 0x0020, size 1, value 0x0B  # pic_write
IN  port 0x0020, size 1, value 0x00
OUT port 0x0020, size 1, value 0x0B  # pic_write
IN  port 0x0020, size 1, value 0x00
OUT port 0x0020, size 1, value 0x0B  # pic_write
IN  port 0x0020, size 1, value 0x00
OUT port 0x0020, size 1, value 0x0B  # pic_write
IN  port 0x0020, size 1, value 0x00
OUT port 0x0020, size 1, value 0x0B  # pic_write
IN  port 0x0020, size 1, value 0x00
OUT port 0x0020, size 1, value 0x0B  # pic_write
IN  port 0x0020, size 1, value 0x00
OUT port 0x0020, size 1, value 0x0B  # pic_write
IN  port 0x0020, size 1, value 0x00
OUT port 0x0020, size 1, value 0x0B  # pic_write
IN  port 0x0020, size 1, value 0x00
OUT port 0x0020, size 1, value 0x0B  # pic_write
IN  port 0x0020, size 1, value 0x00
OUT port 0x0020, size 1, value 0x0B  # pic_write
IN  port 0x0020, size 1, value 0x00
OUT port 0x0020, size 1, value 0x0B  # pic_write
IN  port 0x0020, size 1, value 0x00
OUT port 0x0020, size 1, value 0x0B  # pic_write
IN  port 0x0020, size 1, value 0x00
OUT port 0x0020, size 1, value 0x0B  # pic_write
IN  port 0x0020, size 1, value 0x00
OUT port 0x0020, size 1, value 0x0B  # pic_write
IN  port 0x0020, size 1, value 0x00
OUT port 0x0020, size 1, value 0x0B  # pic_write
IN  port 0x0020, size 1, value 0x00
OUT port 0x0020, size 1, value 0x0B  # pic_write
IN  port 0x0020, size 1, value 0x00
OUT port 0x0020, size 1, value 0x0B  # pic_write
IN  port 0x0020, size 1, value 0x00
OUT port 0x0020, size 1, value 0x0B  # pic_write
IN  port 0x0020, size 1, value 0x00
OUT port 0x0020, size 1, value 0x0B  # pic_write
IN  port 0x0020, size 1, value 0x00
OUT port 0x0020, size 1, value 0x0B  # pic_write
IN  port 0x0020, size 1, value 0x00
OUT port 0x0020, size 1, value 0x0B  # pic_write
IN  port 0x0020, size 1, value 0x00
OUT port 0x0020, size 1, value 0x0B  # pic_write
IN  port 0x0020, size 1, value 0x00
OUT port 0x0020, size 1, value 0x0B  # pic_write
IN  port 0x0020, size 1, value 0x00
OUT port 0x0020, size 1, value 0x0B  # pic_write
IN  port 0x0020, size 1, value 0x00
OUT port 0x0020, size 1, value 0x0B  # pic_write
IN  port 0x0020, size 1, value 0x00
OUT port 0x0020, size 1, value 0x0B  # pic_write
IN  port 0x0020, size 1, value 0x00
OUT port 0x0020, size 1, value 0x0B  # pic_write
IN  port 0x0020, size 1, value 0x00
OUT port 0x0020, size 1, value 0x0B  # pic_write
IN  port 0x0020, size 1, value 0x00
OUT port 0x0020, size 1, value 0x0B  # pic_write
IN  port 0x0020, size 1, value 0x00
OUT port 0x0020, size 1, value 0x0B  # pic_write
IN  port 0x0020, size 1, value 0x00
OUT port 0x0020, size 1, value 0x0B  # pic_write
IN  port 0x0020, size 1, value 0x00
OUT port 0x0020, size 1, value 0x0B  # pic_write
IN  port 0x0020, size 1, value 0x00
OUT port 0x0020, size 1, value 0x0B  # pic_write
IN  port 0x0020, size 1, value 0x00
OUT port 0x0020, size 1, value 0x0B  # pic_write
IN  port 0x0020, size 1, value 0x00
OUT port 0x0020, size 1, value 0x0B  # pic_write
IN  port 0x0020, size 1, value 0x00
OUT port 0x0020, size 1, value 0x0B  # pic_write
IN  port 0x0020, size 1, value 0x00
OUT port 0x0020, size 1, value 0x0B  # pic_write
IN  port 0x0020, size 1, value 0x00
OUT port 0x0020, size 1, value 0x0B  # pic_write
IN  port 0x0020, size 1, value 0x00
OUT port 0x0020, size 1, value 0x0B  # pic_write
IN  port 0x0020, size 1, value 0x00
OUT port 0x0020, size 1, value 0x0B  # pic_write
IN  port 0x0020, size 1, value 0x00
OUT port 0x0020, size 1, value 0x0B  # pic_write
IN  port 0x0020, size 1, value 0x00
OUT port 0x0020, size 1, value 0x0B  # pic_write
IN  port 0x0020, size 1, value 0x00
OUT port 0x0020, size 1, value 0x0B  # pic_write
IN  port 0x0020, size 1, value 0x00
OUT port 0x0020, size 1, value 0x0B  # pic_write
IN  port 0x0020, size 1, value 0x00
OUT port 0x0020, size 1, value 0x0B  # pic_write
IN  port 0x0020, size 1, value 0x00
OUT port 0x0020, size 1, value 0x0B  # pic_write
IN  port 0x0020, size 1, value 0x00
OUT port 0x0020, size 1, value 0x0B  # pic_write
IN  port 0x0020, size 1, value 0x00
OUT port 0x0020, size 1, value 0x0B  # pic_write
IN  port 0x0020, size 1, value 0x00
OUT port 0x0020, size 1, value 0x0B  # pic_write
IN  port 0x0020, size 1, value 0x00
OUT port 0x0020, size 1, value 0x0B  # pic_write
IN  port 0x0020, size 1, value 0x00
OUT port 0x0020, size 1, value 0x0B  # pic_write
IN  port 0x0020, size 1, value 0x00
OUT port 0x0020, size 1, value 0x0B  # pic_write
IN  port 0x0020, size 1, value 0x00
OUT port 0x0020, size 1, value 0x0B  # pic_write
IN  port 0x0020, size 1, value 0x00
OUT port 0x0020, size 1, value 0x0B  # pic_write
IN  port 0x0020, size 1, value 0x00
OUT port 0x0020, size 1, value 0x0B  # pic_write
IN  port 0x0020, size 1, value 0x00
OUT port 0x0020, size 1, value 0x0B  # pic_write
IN  port 0x0020, size 1, value 0x00
OUT port 0x0020, size 1, value 0x0B  # pic_write
IN  port 0x0020, size 1, value 0x00
OUT port 0x0020, size 1, value 0x0B  # pic_write
IN  port 0x0020, size 1, value 0x00
OUT port 0x0020, size 1, value 0x0B  # pic_write
IN  port 0x0020, size 1, value 0x00
OUT port 0x0020, size 1, value 0x0B  # pic_write
IN  port 0x0020, size 1, value 0x00
OUT port 0x0020, size 1, value 0x0B  # pic_write
IN  port 0x0020, size 1, value 0x00
OUT port 0x0020, size 1, value 0x0B  # pic_write
IN  port 0x0020, size 1, value 0x00
OUT port 0x0020, size 1, value 0x0B  # pic_write
IN  port 0x0020, size 1, value 0x00
OUT port 0x0020, size 1, value 0x0B  # pic_write
IN  port 0x0020, size 1, value 0x00
OUT port 0x0020, size 1, value 0x0B  # pic_write
IN  port 0x0020, size 1, value 0x00
OUT port 0x0020, size 1, value 0x0B  # pic_write
IN  port 0x0020, size 1, value 0x00
OUT port 0x0020, size 1, value 0x0B  # pic_write
IN  port 0x0020, size 1, value 0x00
OUT port 0x0020, size 1, value 0x0B  # pic_write
IN  port 0x0020, size 1, value 0x00
OUT port 0x0020, size 1, value 0x0B  # pic_write
IN  port 0x0020, size 1, value 0x00
OUT port 0x0020, size 1, value 0x0B  # pic_write
IN  port 0x0020, size 1, value 0x00
OUT port 0x0020, size 1, value 0x0B  # pic_write
IN  port 0x0020, size 1, value 0x00
OUT port 0x0020, size 1, value 0x0B  # pic_write
IN  port 0x0020, size 1, value 0x00
OUT port 0x0020, size 1, value 0x0B  # pic_write
IN  port 0x0020, size 1, value 0x00
OUT port 0x0020, size 1, value 0x0B  # pic_write
IN  port 0x0020, size 1, value 0x00
OUT port 0x0020, size 1, value 0x0B  # pic_write
IN  port 0x0020, size 1, value 0x00
OUT port 0x0020, size 1, value 0x0B  # pic_write
IN  port 0x0020, size 1, value 0x00
OUT port 0x0020, size 1, value 0x0B  # pic_write
IN  port 0x0020, size 1, value 0x00
OUT port 0x0020, size 1, value 0x0B  # pic_write
IN  port 0x0020, size 1, value 0x00
OUT port 0x0020, size 1, value 0x0B  # pic_write
IN  port 0x0020, size 1, value 0x00
OUT port 0x0020, size 1, value 0x0B  # pic_write
IN  port 0x0020, size 1, value 0x00
OUT port 0x0020, size 1, value 0x0B  # pic_write
IN  port 0x0020, size 1, value 0x00
OUT port 0x0020, size 1, value 0x0B  # pic_write
IN  port 0x0020, size 1, value 0x00
OUT port 0x0020, size 1, value 0x0B  # pic_write
IN  port 0x0020, size 1, value 0x00
OUT port 0x0020, size 1, value 0x0B  # pic_write
IN  port 0x0020, size 1, value 0x00
OUT port 0x0020, size 1, value 0x0B  # pic_write
IN  port 0x0020, size 1, value 0x00
OUT port 0x0020, size 1, value 0x0B  # pic_write
IN  port 0x0020, size 1, value 0x00
OUT port 0x0020, size 1, value 0x0B  # pic_write
IN  port 0x0020, size 1, value 0x00
OUT port 0x0020, size 1, value 0x0B  # pic_write
IN  port 0x0020, size 1, value 0x00
OUT port 0x0020, size 1, value 0x0B  # pic_write
IN  port 0x0020, size 1, value 0x00
OUT port 0x0020, size 1, value 0x0B  # pic_write
IN  port 0x0020, size 1, value 0x00
OUT port 0x0020, size 1, value 0x0B  # pic_write
IN  port 0x0020, size 1, value 0x00
OUT port 0x0020, size 1, value 0x0B  # pic_write
IN  port 0x0020, size 1, value 0x00
OUT port 0x0020, size 1, value 0x0B  # pic_write
IN  port 0x0020, size 1, value 0x00
OUT port 0x0020, size 1, value 0x0B  # pic_write
IN  port 0x0020, size 1, value 0x00
OUT port 0x0020, size 1, value 0x0B  # pic_write
IN  port 0x0020, size 1, value 0x00
OUT port 0x0020, size 1, value 0x0B  # pic_write
IN  port 0x0020, size 1, value 0x00
OUT port 0x0020, size 1, value 0x0B  # pic_write
IN  port 0x0020, size 1, value 0x00
OUT port 0x0020, size 1, value 0x0B  # pic_write
IN  port 0x0020, size 1, value 0x00
OUT port 0x0020, size 1, value 0x0B  # pic_write
IN  port 0x0020, size 1, value 0x00
OUT port 0x0020, size 1, value 0x0B  # pic_write
IN  port 0x0020, size 1, value 0x00
OUT port 0x0020, size 1, value 0x0B  # pic_write
IN  port 0x0020, size 1, value 0x00
OUT port 0x0020, size 1, value 0x0B  # pic_write
IN  port 0x0020, size 1, value 0x00
OUT port 0x0020, size 1, value 0x0B  # pic_write
IN  port 0x0020, size 1, value 0x00
OUT port 0x0020, size 1, value 0x0B  # pic_write
IN  port 0x0020, size 1, value 0x00
OUT port 0x0020, size 1, value 0x0B  # pic_write
IN  port 0x0020, size 1, value 0x00
OUT port 0x0020, size 1, value 0x0B  # pic_write
IN  port 0x0020, size 1, value 0x00
OUT port 0x0020, size 1, value 0x0B  # pic_write
IN  port 0x0020, size 1, value 0x00
OUT port 0x0020, size 1, value 0x0B  # pic_write
IN  port 0x0020, size 1, value 0x00
OUT port 0x0020, size 1, value 0x0B  # pic_write
IN  port 0x0020, size 1, value 0x00
OUT port 0x0020, size 1, value 0x0B  # pic_write
IN  port 0x0020, size 1, value 0x00
OUT port 0x0020, size 1, value 0x0B  # pic_write
IN  port 0x0020, size 1, value 0x00
OUT port 0x0020, size 1, value 0x0B  # pic_write
IN  port 0x0020, size 1, value 0x00
OUT port 0x0020, size 1, value 0x0B  # pic_write
IN  port 0x0020, size 1, value 0x00
OUT port 0x0020, size 1, value 0x0B  # pic_write
IN  port 0x0020, size 1, value 0x00
OUT port 0x0020, size 1, value 0x0B  # pic_write
IN  port 0x0020, size 1, value 0x00
OUT port 0x0020, size 1, value 0x0B  # pic_write
IN  port 0x0020, size 1, value 0x00
OUT port 0x0020, size 1, value 0x0B  # pic_write
IN  port 0x0020, size 1, value 0x00
OUT port 0x0020, size 1, value 0x0B  # pic_write
IN  port 0x0020, size 1, value 0x00
OUT port 0x0020, size 1, value 0x0B  # pic_write
IN  port 0x0020, size 1, value 0x00
OUT port 0x0020, size 1, value 0x0B  # pic_write
IN  port 0x0020, size 1, value 0x00
OUT port 0x0020, size 1, value 0x0B  # pic_write
IN  port 0x0020, size 1, value 0x00
OUT port 0x0020, size 1, value 0x0B  # pic_write
IN  port 0x0020, size 1, value 0x00
OUT port 0x0020, size 1, value 0x0B  # pic_write
IN  port 0x0020, size 1, value 0x00
OUT port 0x0020, size 1, value 0x0B  # pic_write
IN  port 0x0020, size 1, value 0x00
OUT port 0x0020, size 1, value 0x0B  # pic_write
IN  port 0x0020, size 1, value 0x00
OUT port 0x0020, size 1, value 0x0B  # pic_write
IN  port 0x0020, size 1, value 0x00
OUT port 0x0020, size 1, value 0x0B  # pic_write
IN  port 0x0020, size 1, value 0x00
OUT port 0x0020, size 1, value 0x0B  # pic_write
IN  port 0x0020, size 1, value 0x00
OUT port 0x0020, size 1, value 0x0B  # pic_write
IN  port 0x0020, size 1, value 0x00
OUT port 0x0020, size 1, value 0x0B  # pic_write
IN  port 0x0020, size 1, value 0x00
OUT port 0x0020, size 1, value 0x0B  # pic_write
IN  port 0x0020, size 1, value 0x00
OUT port 0x0020, size 1, value 0x0B  # pic_write
IN  port 0x0020, size 1, value 0x00
OUT port 0x0020, size 1, value 0x0B  # pic_write
IN  port 0x0020, size 1, value 0x00
OUT port 0x0020, size 1, value 0x0B  # pic_write
IN  port 0x0020, size 1, value 0x00
OUT port 0x0020, size 1, value 0x0B  # pic_write
IN  port 0x0020, size 1, value 0x00
OUT port 0x0020, size 1, value 0x0B  # pic_write
IN  port 0x0020, size 1, value 0x00
OUT port 0x0020, size 1, value 0x0B  # pic_write
IN  port 0x0020, size 1, value 0x00
OUT port 0x0020, size 1, value 0x0B  # pic_write
IN  port 0x0020, size 1, value 0x00
OUT port 0x0020, size 1, value 0x0B  # pic_write
IN  port 0x0020, size 1, value 0x00
OUT port 0x0020, size 1, value 0x0B  # pic_write
IN  port 0x0020, size 1, value 0x00
OUT port 0x0020, size 1, value 0x0B  # pic_write
IN  port 0x0020, size 1, value 0x00
OUT port 0x0020, size 1, value 0x0B  # pic_write
IN  port 0x0020, size 1, value 0x00
OUT port 0x0020, size 1, value 0x0B  # pic_write
IN  port 0x0020, size 1, value 0x00
OUT port 0x0020, size 1, value 0x0B  # pic_write
IN  port 0x0020, size 1, value 0x00
OUT port 0x0020, size 1, value 0x0B  # pic_write
IN  port 0x0020, size 1, value 0x00
OUT port 0x0020, size 1, value 0x0B  # pic_write
IN  port 0x0020, size 1, value 0x00
OUT port 0x0020, size 1, value 0x0B  # pic_write
IN  port 0x0020, size 1, value 0x00
OUT port 0x0020, size 1, value 0x0B  # pic_write
IN  port 0x0020, size 1, value 0x00
OUT port 0x0020, size 1, value 0x0B  # pic_write
IN  port 0x0020, size 1, value 0x00
OUT port 0x0020, size 1, value 0x0B  # pic_write
IN  port 0x0020, size 1, value 0x00
OUT port 0x0020, size 1, value 0x0B  # pic_write
IN  port 0x0020, size 1, value 0x00
OUT port 0x0020, size 1, value 0x0B  # pic_write
IN  port 0x0020, size 1, value 0x00
OUT port 0x0020, size 1, value 0x0B  # pic_write
IN  port 0x0020, size 1, value 0x00
OUT port 0x0020, size 1, value 0x0B  # pic_write
IN  port 0x0020, size 1, value 0x00
OUT port 0x0020, size 1, value 0x0B  # pic_write
IN  port 0x0020, size 1, value 0x00
OUT port 0x0020, size 1, value 0x0B  # pic_write
IN  port 0x0020, size 1, value 0x00
OUT port 0x0020, size 1, value 0x0B  # pic_write
IN  port 0x0020, size 1, value 0x00
OUT port 0x0020, size 1, value 0x0B  # pic_write
IN  port 0x0020, size 1, value 0x00
OUT port 0x0020, size 1, value 0x0B  # pic_write
IN  port 0x0020, size 1, value 0x00
OUT port 0x0020, size 1, value 0x0B  # pic_write
IN  port 0x0020, size 1, value 0x00
OUT port 0x0020, size 1, value 0x0B  # pic_write
IN  port 0x0020, size 1, value 0x00
OUT port 0x0020, size 1, value 0x0B  # pic_write
IN  port 0x0020, size 1, value 0x00
OUT port 0x0020, size 1, value 0x0B  # pic_write
IN  port 0x0020, size 1, value 0x00
OUT port 0x0020, size 1, value 0x0B  # pic_write
IN  port 0x0020, size 1, value 0x00
OUT port 0x0020, size 1, value 0x0B  # pic_write
IN  port 0x0020, size 1, value 0x00
OUT port 0x0020, size 1, value 0x0B  # pic_write
IN  port 0x0020, size 1, value 0x00
OUT port 0x0020, size 1, value 0x0B  # pic_write
IN  port 0x0020, size 1, value 0x00
OUT port 0x0020, size 1, value 0x0B  # pic_write
IN  port 0x0020, size 1, value 0x00
OUT port 0x0020, size 1, value 0x0B  # pic_write
IN  port 0x0020, size 1, value 0x00
OUT port 0x0020, size 1, value 0x0B  # pic_write
IN  port 0x0020, size 1, value 0x00
OUT port 0x0020, size 1, value 0x0B  # pic_write
IN  port 0x0020, size 1, value 0x00
OUT port 0x0020, size 1, value 0x0B  # pic_write
IN  port 0x0020, size 1, value 0x00
OUT port 0x0020, size 1, value 0x0B  # pic_write
IN  port 0x0020, size 1, value 0x00
OUT port 0x0020, size 1, value 0x0B  # pic_write
IN  port 0x0020, size 1, value 0x00
OUT port 0x0020, size 1, value 0x0B  # pic_write
IN  port 0x0020, size 1, value 0x00
OUT port 0x0020, size 1, value 0x0B  # pic_write
IN  port 0x0020, size 1, value 0x00
OUT port 0x0020, size 1, value 0x0B  # pic_write
IN  port 0x0020, size 1, value 0x00
OUT port 0x0020, size 1, value 0x0B  # pic_write
IN  port 0x0020, size 1, value 0x00
OUT port 0x0020, size 1, value 0x0B  # pic_write
IN  port 0x0020, size 1, value 0x00
OUT port 0x0020, size 1, value 0x0B  # pic_write
IN  port 0x0020, size 1, value 0x00
OUT port 0x0020, size 1, value 0x0B  # pic_write
IN  port 0x0020, size 1, value 0x00
OUT port 0x0020, size 1, value 0x0B  # pic_write
IN  port 0x0020, size 1, value 0x00
OUT port 0x0020, size 1, value 0x0B  # pic_write
IN  port 0x0020, size 1, value 0x00
OUT port 0x0020, size 1, value 0x0B  # pic_write
IN  port 0x0020, size 1, value 0x00
OUT port 0x0020, size 1, value 0x0B  # pic_write
IN  port 0x0020, size 1, value 0x00
OUT port 0x0020, size 1, value 0x0B  # pic_write
IN  port 0x0020, size 1, value 0x00
OUT port 0x0020, size 1, value 0x0B  # pic_write
IN  port 0x0020, size 1, value 0x00
OUT port 0x0020, size 1, value 0x0B  # pic_write
IN  port 0x0020, size 1, value 0x00
OUT port 0x0020, size 1, value 0x0B  # pic_write
IN  port 0x0020, size 1, value 0x00
OUT port 0x0020, size 1, value 0x0B  # pic_write
IN  port 0x0020, size 1, value 0x00
OUT port 0x0020, size 1, value 0x0B  # pic_write
IN  port 0x0020, size 1, value 0x00
OUT port 0x0020, size 1, value 0x0B  # pic_write
IN  port 0x0020, size 1, value 0x00
OUT port 0x0020, size 1, value 0x0B  # pic_write
IN  port 0x0020, size 1, value 0x00
OUT port 0x0020, size 1, value 0x0B  # pic_write
IN  port 0x0020, size 1, value 0x00
OUT port 0x0020, size 1, value 0x0B  # pic_write
IN  port 0x0020, size 1, value 0x00
OUT port 0x0020, size 1, value 0x0B  # pic_write
IN  port 0x0020, size 1, value 0x00
OUT port 0x0020, size 1, value 0x0B  # pic_write
IN  port 0x0020, size 1, value 0x00
OUT port 0x0020, size 1, value 0x0B  # pic_write
IN  port 0x0020, size 1, value 0x00
OUT port 0x0020, size 1, value 0x0B  # pic_write
IN  port 0x0020, size 1, value 0x00
OUT port 0x0020, size 1, value 0x0B  # pic_write
IN  port 0x0020, size 1, value 0x00
OUT port 0x0020, size 1, value 0x0B  # pic_write
IN  port 0x0020, size 1, value 0x00
OUT port 0x0020, size 1, value 0x0B  # pic_write
IN  port 0x0020, size 1, value 0x00
OUT port 0x0020, size 1, value 0x0B  # pic_write
IN  port 0x0020, size 1, value 0x00
OUT port 0x0020, size 1, value 0x0B  # pic_write
IN  port 0x0020, size 1, value 0x00
OUT port 0x0020, size 1, value 0x0B  # pic_write
IN  port 0x0020, size 1, value 0x00
OUT port 0x0020, size 1, value 0x0B  # pic_write
IN  port 0x0020, size 1, value 0x00
OUT port 0x0020, size 1, value 0x0B  # pic_write
IN  port 0x0020, size 1, value 0x00
OUT port 0x0020, size 1, value 0x0B  # pic_write
IN  port 0x0020, size 1, value 0x00
OUT port 0x0020, size 1, value 0x0B  # pic_write
IN  port 0x0020, size 1, value 0x00
OUT port 0x0020, size 1, value 0x0B  # pic_write
IN  port 0x0020, size 1, value 0x00
OUT port 0x0020, size 1, value 0x0B  # pic_write
IN  port 0x0020, size 1, value 0x00
OUT port 0x0020, size 1, value 0x0B  # pic_write
IN  port 0x0020, size 1, value 0x00
OUT port 0x0020, size 1, value 0x0B  # pic_write
IN  port 0x0020, size 1, value 0x00
OUT port 0x0020, size 1, value 0x0B  # pic_write
IN  port 0x0020, size 1, value 0x00
OUT port 0x0020, size 1, value 0x0B  # pic_write
IN  port 0x0020, size 1, value 0x00
OUT port 0x0020, size 1, value 0x0B  # pic_write
IN  port 0x0020, size 1, value 0x00
OUT port 0x0020, size 1, value 0x0B  # pic_write
IN  port 0x0020, size 1, value 0x00
OUT port 0x0020, size 1, value 0x0B  # pic_write
IN  port 0x0020, size 1, value 0x00
OUT port 0x0020, size 1, value 0x0B  # pic_write
IN  port 0x0020, size 1, value 0x00
OUT port 0x0020, size 1, value 0x0B  # pic_write
IN  port 0x0020, size 1, value 0x00
OUT port 0x0020, size 1, value 0x0B  # pic_write
IN  port 0x0020, size 1, value 0x00
OUT port 0x0020, size 1, value 0x0B  # pic_write
IN  port 0x0020, size 1, value 0x00
OUT port 0x0020, size 1, value 0x0B  # pic_write
IN  port 0x0020, size 1, value 0x00
OUT port 0x0020, size 1, value 0x0B  # pic_write
IN  port 0x0020, size 1, value 0x00
OUT port 0x0020, size 1, value 0x0B  # pic_write
IN  port 0x0020, size 1, value 0x00
OUT port 0x0020, size 1, value 0x0B  # pic_write
IN  port 0x0020, size 1, value 0x00
OUT port 0x0020, size 1, value 0x0B  # pic_write
IN  port 0x0020, size 1, value 0x00
OUT port 0x0020, size 1, value 0x0B  # pic_write
IN  port 0x0020, size 1, value 0x00
OUT port 0x0020, size 1, value 0x0B  # pic_write
IN  port 0x0020, size 1, value 0x00
OUT port 0x0020, size 1, value 0x0B  # pic_write
IN  port 0x0020, size 1, value 0x00
OUT port 0x0020, size 1, value 0x0B  # pic_write
IN  port 0x0020, size 1, value 0x00
OUT port 0x0020, size 1, value 0x0B  # pic_write
IN  port 0x0020, size 1, value 0x00
OUT port 0x0020, size 1, value 0x0B  # pic_write
IN  port 0x0020, size 1, value 0x00
OUT port 0x0020, size 1, value 0x0B  # pic_write
IN  port 0x0020, size 1, value 0x00
OUT port 0x0020, size 1, value 0x0B  # pic_write
IN  port 0x0020, size 1, value 0x00
OUT port 0x0020, size 1, value 0x0B  # pic_write
IN  port 0x0020, size 1, value 0x00
OUT port 0x0020, size 1, value 0x0B  # pic_write
IN  port 0x0020, size 1, value 0x00
OUT port 0x0020, size 1, value 0x0B  # pic_write
IN  port 0x0020, size 1, value 0x00
OUT port 0x0020, size 1, value 0x0B  # pic_write
IN  port 0x0020, size 1, value 0x00
OUT port 0x0020, size 1, value 0x0B  # pic_write
IN  port 0x0020, size 1, value 0x00
OUT port 0x0020, size 1, value 0x0B  # pic_write
IN  port 0x0020, size 1, value 0x00
OUT port 0x0020, size 1, value 0x0B  # pic_write
IN  port 0x0020, size 1, value 0x00
OUT port 0x0020, size 1, value 0x0B  # pic_write
IN  port 0x0020, size 1, value 0x00
OUT port 0x0020, size 1, value 0x0B  # pic_write
IN  port 0x0020, size 1, value 0x00
OUT port 0x0020, size 1, value 0x0B  # pic_write
IN  port 0x0020, size 1, value 0x00
OUT port 0x0020, size 1, value 0x0B  # pic_write
IN  port 0x0020, size 1, value 0x00
OUT port 0x0020, size 1, value 0x0B  # pic_write
IN  port 0x0020, size 1, value 0x00
OUT port 0x0020, size 1, value 0x0B  # pic_write
IN  port 0x0020, size 1, value 0x00
OUT port 0x0020, size 1, value 0x0B  # pic_write
IN  port 0x0020, size 1, value 0x00
OUT port 0x0020, size 1, value 0x0B  # pic_write
IN  port 0x0020, size 1, value 0x00
OUT port 0x0020, size 1, value 0x0B  # pic_write
IN  port 0x0020, size 1, value 0x00
OUT port 0x0020, size 1, value 0x0B  # pic_write
IN  port 0x0020, size 1, value 0x00
OUT port 0x0020, size 1, value 0x0B  # pic_write
IN  port 0x0020, size 1, value 0x00
OUT port 0x0020, size 1, value 0x0B  # pic_write
IN  port 0x0020, size 1, value 0x00
OUT port 0x0020, size 1, value 0x0B  # pic_write
IN  port 0x0020, size 1, value 0x00
OUT port 0x0020, size 1, value 0x0B  # pic_write
IN  port 0x0020, size 1, value 0x00
OUT port 0x0020, size 1, value 0x0B  # pic_write
IN  port 0x0020, size 1, value 0x00
OUT port 0x0020, size 1, value 0x0B  # pic_write
IN  port 0x0020, size 1, value 0x00
OUT port 0x0020, size 1, value 0x0B  # pic_write
IN  port 0x0020, size 1, value 0x00
OUT port 0x0020, size 1, value 0x0B  # pic_write
IN  port 0x0020, size 1, value 0x00
OUT port 0x0020, size 1, value 0x0B  # pic_write
IN  port 0x0020, size 1, value 0x00
OUT port 0x0020, size 1, value 0x0B  # pic_write
IN  port 0x0020, size 1, value 0x00
OUT port 0x0020, size 1, value 0x0B  # pic_write
IN  port 0x0020, size 1, value 0x00
OUT port 0x0020, size 1, value 0x0B  # pic_write
IN  port 0x0020, size 1, value 0x00
OUT port 0x0020, size 1, value 0x0B  # pic_write
IN  port 0x0020, size 1, value 0x00
OUT port 0x0020, size 1, value 0x0B  # pic_write
IN  port 0x0020, size 1, value 0x00
OUT port 0x0020, size 1, value 0x0B  # pic_write
IN  port 0x0020, size 1, value 0x00
OUT port 0x0020, size 1, value 0x0B  # pic_write
IN  port 0x0020, size 1, value 0x00
OUT port 0x0020, size 1, value 0x0B  # pic_write
IN  port 0x0020, size 1, value 0x00
OUT port 0x0020, size 1, value 0x0B  # pic_write
IN  port 0x0020, size 1, value 0x00
OUT port 0x0020, size 1, value 0x0B  # pic_write
IN  port 0x0020, size 1, value 0x00
OUT port 0x0020, size 1, value 0x0B  # pic_write
IN  port 0x0020, size 1, value 0x00
OUT port 0x0020, size 1, value 0x0B  # pic_write
IN  port 0x0020, size 1, value 0x00
OUT port 0x0020, size 1, value 0x0B  # pic_write
IN  port 0x0020, size 1, value 0x00
OUT port 0x0020, size 1, value 0x0B  # pic_write
IN  port 0x0020, size 1, value 0x00
OUT port 0x0020, size 1, value 0x0B  # pic_write
IN  port 0x0020, size 1, value 0x00
OUT port 0x0020, size 1, value 0x0B  # pic_write
IN  port 0x0020, size 1, value 0x00
OUT port 0x0020, size 1, value 0x0B  # pic_write
IN  port 0x0020, size 1, value 0x00
OUT port 0x0020, size 1, value 0x0B  # pic_write
IN  port 0x0020, size 1, value 0x00
OUT port 0x0020, size 1, value 0x0B  # pic_write
IN  port 0x0020, size 1, value 0x00
OUT port 0x0020, size 1, value 0x0B  # pic_write
IN  port 0x0020, size 1, value 0x00
OUT port 0x0020, size 1, value 0x0B  # pic_write
IN  port 0x0020, size 1, value 0x00
OUT port 0x0020, size 1, value 0x0B  # pic_write
IN  port 0x0020, size 1, value 0x00
OUT port 0x0020, size 1, value 0x0B  # pic_write
IN  port 0x0020, size 1, value 0x00
OUT port 0x0020, size 1, value 0x0B  # pic_write
IN  port 0x0020, size 1, value 0x00
OUT port 0x0020, size 1, value 0x0B  # pic_write
IN  port 0x0020, size 1, value 0x00
OUT port 0x0020, size 1, value 0x0B  # pic_write
IN  port 0x0020, size 1, value 0x00
OUT port 0x0020, size 1, value 0x0B  # pic_write
IN  port 0x0020, size 1, value 0x00
OUT port 0x0020, size 1, value 0x0B  # pic_write
IN  port 0x0020, size 1, value 0x00
OUT port 0x0020, size 1, value 0x0B  # pic_write
IN  port 0x0020, size 1, value 0x00
OUT port 0x0020, size 1, value 0x0B  # pic_write
IN  port 0x0020, size 1, value 0x00
OUT port 0x0020, size 1, value 0x0B  # pic_write
IN  port 0x0020, size 1, value 0x00
OUT port 0x0020, size 1, value 0x0B  # pic_write
IN  port 0x0020, size 1, value 0x00
OUT port 0x0020, size 1, value 0x0B  # pic_write
IN  port 0x0020, size 1, value 0x00
OUT port 0x0020, size 1, value 0x0B  # pic_write
IN  port 0x0020, size 1, value 0x00
OUT port 0x0020, size 1, value 0x0B  # pic_write
IN  port 0x0020, size 1, value 0x00
OUT port 0x0020, size 1, value 0x0B  # pic_write
IN  port 0x0020, size 1, value 0x00
OUT port 0x0020, size 1, value 0x0B  # pic_write
IN  port 0x0020, size 1, value 0x00
OUT port 0x0020, size 1, value 0x0B  # pic_write
IN  port 0x0020, size 1, value 0x00
OUT port 0x0020, size 1, value 0x0B  # pic_write
IN  port 0x0020, size 1, value 0x00
OUT port 0x0020, size 1, value 0x0B  # pic_write
IN  port 0x0020, size 1, value 0x00
OUT port 0x0020, size 1, value 0x0B  # pic_write
IN  port 0x0020, size 1, value 0x00
OUT port 0x0020, size 1, value 0x0B  # pic_write
IN  port 0x0020, size 1, value 0x00
OUT port 0x0020, size 1, value 0x0B  # pic_write
IN  port 0x0020, size 1, value 0x00
OUT port 0x0020, size 1, value 0x0B  # pic_write
IN  port 0x0020, size 1, value 0x00
OUT port 0x0020, size 1, value 0x0B  # pic_write
IN  port 0x0020, size 1, value 0x00
OUT port 0x0020, size 1, value 0x0B  # pic_write
IN  port 0x0020, size 1, value 0x00
OUT port 0x0020, size 1, value 0x0B  # pic_write
IN  port 0x0020, size 1, value 0x00
OUT port 0x0020, size 1, value 0x0B  # pic_write
IN  port 0x0020, size 1, value 0x00
OUT port 0x0020, size 1, value 0x0B  # pic_write
IN  port 0x0020, size 1, value 0x00
OUT port 0x0020, size 1, value 0x0B  # pic_write
IN  port 0x0020, size 1, value 0x00
OUT port 0x0020, size 1, value 0x0B  # pic_write
IN  port 0x0020, size 1, value 0x00
OUT port 0x0020, size 1, value 0x0B  # pic_write
IN  port 0x0020, size 1, value 0x00
OUT port 0x0020, size 1, value 0x0B  # pic_write
IN  port 0x0020, size 1, value 0x00
OUT port 0x0020, size 1, value 0x0B  # pic_write
IN  port 0x0020, size 1, value 0x00
OUT port 0x0020, size 1, value 0x0B  # pic_write
IN  port 0x0020, size 1, value 0x00
OUT port 0x0020, size 1, value 0x0B  # pic_write
IN  port 0x0020, size 1, value 0x00
OUT port 0x0020, size 1, value 0x0B  # pic_write
IN  port 0x0020, size 1, value 0x00
OUT port 0x0020, size 1, value 0x0B  # pic_write
IN  port 0x0020, size 1, value 0x00
OUT port 0x0020, size 1, value 0x0B  # pic_write
IN  port 0x0020, size 1, value 0x00
OUT port 0x0020, size 1, value 0x0B  # pic_write
IN  port 0x0020, size 1, value 0x00
OUT port 0x0020, size 1, value 0x0B  # pic_write
IN  port 0x0020, size 1, value 0x00
OUT port 0x0020, size 1, value 0x0B  # pic_write
IN  port 0x0020, size 1, value 0x00
OUT port 0x0020, size 1, value 0x0B  # pic_write
IN  port 0x0020, size 1, value 0x00
OUT port 0x0020, size 1, value 0x0B  # pic_write
IN  port 0x0020, size 1, value 0x00
OUT port 0x0020, size 1, value 0x0B  # pic_write
IN  port 0x0020, size 1, value 0x00
OUT port 0x0020, size 1, value 0x0B  # pic_write
IN  port 0x0020, size 1, value 0x00
OUT port 0x0020, size 1, value 0x0B  # pic_write
IN  port 0x0020, size 1, value 0x00
OUT port 0x0020, size 1, value 0x0B  # pic_write
IN  port 0x0020, size 1, value 0x00
OUT port 0x0020, size 1, value 0x0B  # pic_write
IN  port 0x0020, size 1, value 0x00
OUT port 0x0020, size 1, value 0x0B  # pic_write
IN  port 0x0020, size 1, value 0x00
OUT port 0x0020, size 1, value 0x0B  # pic_write
IN  port 0x0020, size 1, value 0x00
OUT port 0x0020, size 1, value 0x0B  # pic_write
IN  port 0x0020, size 1, value 0x00
OUT port 0x0020, size 1, value 0x0B  # pic_write
IN  port 0x0020, size 1, value 0x00
OUT port 0x0020, size 1, value 0x0B  # pic_write
IN  port 0x0020, size 1, value 0x00
OUT port 0x0020, size 1, value 0x0B  # pic_write
IN  port 0x0020, size 1, value 0x00
OUT port 0x0020, size 1, value 0x0B  # pic_write
IN  port 0x0020, size 1, value 0x00
OUT port 0x0020, size 1, value 0x0B  # pic_write
IN  port 0x0020, size 1, value 0x00
OUT port 0x0020, size 1, value 0x0B  # pic_write
IN  port 0x0020, size 1, value 0x00
OUT port 0x0020, size 1, value 0x0B  # pic_write
IN  port 0x0020, size 1, value 0x00
OUT port 0x0020, size 1, value 0x0B  # pic_write
IN  port 0x0020, size 1, value 0x00
OUT port 0x0020, size 1, value 0x0B  # pic_write
IN  port 0x0020, size 1, value 0x00
OUT port 0x0020, size 1, value 0x0B  # pic_write
IN  port 0x0020, size 1, value 0x00
OUT port 0x0020, size 1, value 0x0B  # pic_write
IN  port 0x0020, size 1, value 0x00
OUT port 0x0020, size 1, value 0x0B  # pic_write
IN  port 0x0020, size 1, value 0x00
OUT port 0x0020, size 1, value 0x0B  # pic_write
IN  port 0x0020, size 1, value 0x00
OUT port 0x0020, size 1, value 0x0B  # pic_write
IN  port 0x0020, size 1, value 0x00
OUT port 0x0020, size 1, value 0x0B  # pic_write
IN  port 0x0020, size 1, value 0x00
OUT port 0x0020, size 1, value 0x0B  # pic_write
IN  port 0x0020, size 1, value 0x00
OUT port 0x0020, size 1, value 0x0B  # pic_write
IN  port 0x0020, size 1, value 0x00
OUT port 0x0020, size 1, value 0x0B  # pic_write
IN  port 0x0020, size 1, value 0x00
OUT port 0x0020, size 1, value 0x0B  # pic_write
IN  port 0x0020, size 1, value 0x00
OUT port 0x0020, size 1, value 0x0B  # pic_write
IN  port 0x0020, size 1, value 0x00
OUT port 0x0020, size 1, value 0x0B  # pic_write
IN  port 0x0020, size 1, value 0x00
OUT port 0x0020, size 1, value 0x0B  # pic_write
IN  port 0x0020, size 1, value 0x00
OUT port 0x0020, size 1, value 0x0B  # pic_write
IN  port 0x0020, size 1, value 0x00
OUT port 0x0020, size 1, value 0x0B  # pic_write
IN  port 0x0020, size 1, value 0x00
OUT port 0x0020, size 1, value 0x0B  # pic_write
IN  port 0x0020, size 1, value 0x00
OUT port 0x0020, size 1, value 0x0B  # pic_write
IN  port 0x0020, size 1, value 0x00
OUT port 0x0020, size 1, value 0x0B  # pic_write
IN  port 0x0020, size 1, value 0x00
OUT port 0x0020, size 1, value 0x0B  # pic_write
IN  port 0x0020, size 1, value 0x00
OUT port 0x0020, size 1, value 0x0B  # pic_write
IN  port 0x0020, size 1, value 0x00
OUT port 0x0020, size 1, value 0x0B  # pic_write
IN  port 0x0020, size 1, value 0x00
OUT port 0x0020, size 1, value 0x0B  # pic_write
IN  port 0x0020, size 1, value 0x00
OUT port 0x0020, size 1, value 0x0B  # pic_write
IN  port 0x0020, size 1, value 0x00
OUT port 0x0020, size 1, value 0x0B  # pic_write
IN  port 0x0020, size 1, value 0x00
OUT port 0x0020, size 1, value 0x0B  # pic_write
IN  port 0x0020, size 1, value 0x00
OUT port 0x0020, size 1, value 0x0B  # pic_write
IN  port 0x0020, size 1, value 0x00
OUT port 0x0020, size 1, value 0x0B  # pic_write
IN  port 0x0020, size 1, value 0x00
OUT port 0x0020, size 1, value 0x0B  # pic_write
IN  port 0x0020, size 1, value 0x00
OUT port 0x0020, size 1, value 0x0B  # pic_write
IN  port 0x0020, size 1, value 0x00
OUT port 0x0020, size 1, value 0x0B  # pic_write
IN  port 0x0020, size 1, value 0x00
OUT port 0x0020, size 1, value 0x0B  # pic_write
IN  port 0x0020, size 1, value 0x00
OUT port 0x0020, size 1, value 0x0B  # pic_write
IN  port 0x0020, size 1, value 0x00
OUT port 0x0020, size 1, value 0x0B  # pic_write
IN  port 0x0020, size 1, value 0x00
OUT port 0x0020, size 1, value 0x0B  # pic_write
IN  port 0x0020, size 1, value 0x00
OUT port 0x0020, size 1, value 0x0B  # pic_write
IN  port 0x0020, size 1, value 0x00
OUT port 0x0020, size 1, value 0x0B  # pic_write
IN  port 0x0020, size 1, value 0x00
OUT port 0x0020, size 1, value 0x0B  # pic_write
IN  port 0x0020, size 1, value 0x00
OUT port 0x0020, size 1, value 0x0B  # pic_write
IN  port 0x0020, size 1, value 0x00
OUT port 0x0020, size 1, value 0x0B  # pic_write
IN  port 0x0020, size 1, value 0x00
OUT port 0x0020, size 1, value 0x0B  # pic_write
IN  port 0x0020, size 1, value 0x00
OUT port 0x0020, size 1, value 0x0B  # pic_write
IN  port 0x0020, size 1, value 0x00
OUT port 0x0020, size 1, value 0x0B  # pic_write
IN  port 0x0020, size 1, value 0x00
OUT port 0x0020, size 1, value 0x0B  # pic_write
IN  port 0x0020, size 1, value 0x00
OUT port 0x0020, size 1, value 0x0B  # pic_write
IN  port 0x0020, size 1, value 0x00
OUT port 0x0020, size 1, value 0x0B  # pic_write
IN  port 0x0020, size 1, value 0x00
OUT port 0x0020, size 1, value 0x0B  # pic_write
IN  port 0x0020, size 1, value 0x00
OUT port 0x0020, size 1, value 0x0B  # pic_write
IN  port 0x0020, size 1, value 0x00
OUT port 0x0020, size 1, value 0x0B  # pic_write
IN  port 0x0020, size 1, value 0x00
OUT port 0x0020, size 1, value 0x0B  # pic_write
IN  port 0x0020, size 1, value 0x00
OUT port 0x0020, size 1, value 0x0B  # pic_write
IN  port 0x0020, size 1, value 0x00
OUT port 0x0020, size 1, value 0x0B  # pic_write
IN  port 0x0020, size 1, value 0x00
OUT port 0x0020, size 1, value 0x0B  # pic_write
IN  port 0x0020, size 1, value 0x00
OUT port 0x0020, size 1, value 0x0B  # pic_write
IN  port 0x0020, size 1, value 0x00
OUT port 0x0020, size 1, value 0x0B  # pic_write
IN  port 0x0020, size 1, value 0x00
OUT port 0x0020, size 1, value 0x0B  # pic_write
IN  port 0x0020, size 1, value 0x00
OUT port 0x0020, size 1, value 0x0B  # pic_write
IN  port 0x0020, size 1, value 0x00
OUT port 0x0020, size 1, value 0x0B  # pic_write
IN  port 0x0020, size 1, value 0x00
OUT port 0x0020, size 1, value 0x0B  # pic_write
IN  port 0x0020, size 1, value 0x00
OUT port 0x0020, size 1, value 0x0B  # pic_write
IN  port 0x0020, size 1, value 0x00
OUT port 0x0020, size 1, value 0x0B  # pic_write
IN  port 0x0020, size 1, value 0x00
OUT port 0x0020, size 1, value 0x0B  # pic_write
IN  port 0x0020, size 1, value 0x00
OUT port 0x0020, size 1, value 0x0B  # pic_write
IN  port 0x0020, size 1, value 0x00
OUT port 0x0020, size 1, value 0x0B  # pic_write
IN  port 0x0020, size 1, value 0x00
OUT port 0x0020, size 1, value 0x0B  # pic_write
IN  port 0x0020, size 1, value 0x00
OUT port 0x0020, size 1, value 0x0B  # pic_write
IN  port 0x0020, size 1, value 0x00
OUT port 0x0020, size 1, value 0x0B  # pic_write
IN  port 0x0020, size 1, value 0x00
OUT port 0x0020, size 1, value 0x0B  # pic_write
IN  port 0x0020, size 1, value 0x00
OUT port 0x0020, size 1, value 0x0B  # pic_write
IN  port 0x0020, size 1, value 0x00
OUT port 0x0020, size 1, value 0x0B  # pic_write
IN  port 0x0020, size 1, value 0x00
OUT port 0x0020, size 1, value 0x0B  # pic_write
IN  port 0x0020, size 1, value 0x00
OUT port 0x0020, size 1, value 0x0B  # pic_write
IN  port 0x0020, size 1, value 0x00
OUT port 0x0020, size 1, value 0x0B  # pic_write
IN  port 0x0020, size 1, value 0x00
OUT port 0x0020, size 1, value 0x0B  # pic_write
IN  port 0x0020, size 1, value 0x00
OUT port 0x0020, size 1, value 0x0B  # pic_write
IN  port 0x0020, size 1, value 0x00
OUT port 0x0020, size 1, value 0x0B  # pic_write
IN  port 0x0020, size 1, value 0x00
OUT port 0x0020, size 1, value 0x0B  # pic_write
IN  port 0x0020, size 1, value 0x00
OUT port 0x0020, size 1, value 0x0B  # pic_write
IN  port 0x0020, size 1, value 0x00
OUT port 0x0020, size 1, value 0x0B  # pic_write
IN  port 0x0020, size 1, value 0x00
OUT port 0x0020, size 1, value 0x0B  # pic_write
IN  port 0x0020, size 1, value 0x00
OUT port 0x0020, size 1, value 0x0B  # pic_write
IN  port 0x0020, size 1, value 0x00
OUT port 0x0020, size 1, value 0x0B  # pic_write
IN  port 0x0020, size 1, value 0x00
OUT port 0x0020, size 1, value 0x0B  # pic_write
IN  port 0x0020, size 1, value 0x00
OUT port 0x0020, size 1, value 0x0B  # pic_write
IN  port 0x0020, size 1, value 0x00
OUT port 0x0020, size 1, value 0x0B  # pic_write
IN  port 0x0020, size 1, value 0x00
OUT port 0x0020, size 1, value 0x0B  # pic_write
IN  port 0x0020, size 1, value 0x00
OUT port 0x0020, size 1, value 0x0B  # pic_write
IN  port 0x0020, size 1, value 0x00
OUT port 0x0020, size 1, value 0x0B  # pic_write
IN  port 0x0020, size 1, value 0x00
OUT port 0x0020, size 1, value 0x0B  # pic_write
IN  port 0x0020, size 1, value 0x00
OUT port 0x0020, size 1, value 0x0B  # pic_write
IN  port 0x0020, size 1, value 0x00
OUT port 0x0020, size 1, value 0x0B  # pic_write
IN  port 0x0020, size 1, value 0x00
OUT port 0x0020, size 1, value 0x0B  # pic_write
IN  port 0x0020, size 1, value 0x00
OUT port 0x0020, size 1, value 0x0B  # pic_write
IN  port 0x0020, size 1, value 0x00
OUT port 0x0020, size 1, value 0x0B  # pic_write
IN  port 0x0020, size 1, value 0x00
OUT port 0x0020, size 1, value 0x0B  # pic_write
IN  port 0x0020, size 1, value 0x00
OUT port 0x0020, size 1, value 0x0B  # pic_write
IN  port 0x0020, size 1, value 0x00
OUT port 0x0020, size 1, value 0x0B  # pic_write
IN  port 0x0020, size 1, value 0x00
OUT port 0x0020, size 1, value 0x0B  # pic_write
IN  port 0x0020, size 1, value 0x00
OUT port 0x0020, size 1, value 0x0B  # pic_write
IN  port 0x0020, size 1, value 0x00
OUT port 0x0020, size 1, value 0x0B  # pic_write
IN  port 0x0020, size 1, value 0x00
OUT port 0x0020, size 1, value 0x0B  # pic_write
IN  port 0x0020, size 1, value 0x00
OUT port 0x0020, size 1, value 0x0B  # pic_write
IN  port 0x0020, size 1, value 0x00
OUT port 0x0020, size 1, value 0x0B  # pic_write
IN  port 0x0020, size 1, value 0x00
OUT port 0x0020, size 1, value 0x0B  # pic_write
IN  port 0x0020, size 1, value 0x00
OUT port 0x0020, size 1, value 0x0B  # pic_write
IN  port 0x0020, size 1, value 0x00
OUT port 0x0020, size 1, value 0x0B  # pic_write
IN  port 0x0020, size 1, value 0x00
OUT port 0x0020, size 1, value 0x0B  # pic_write
IN  port 0x0020, size 1, value 0x00
OUT port 0x0020, size 1, value 0x0B  # pic_write
IN  port 0x0020, size 1, value 0x00
OUT port 0x0020, size 1, value 0x0B  # pic_write
IN  port 0x0020, size 1, value 0x00
OUT port 0x0020, size 1, value 0x0B  # pic_write
IN  port 0x0020, size 1, value 0x00
OUT port 0x0020, size 1, value 0x0B  # pic_write
IN  port 0x0020, size 1, value 0x00
OUT port 0x0020, size 1, value 0x0B  # pic_write
IN  port 0x0020, size 1, value 0x00
OUT port 0x0020, size 1, value 0x0B  # pic_write
IN  port 0x0020, size 1, value 0x00
OUT port 0x0020, size 1, value 0x0B  # pic_write
IN  port 0x0020, size 1, value 0x00
OUT port 0x0020, size 1, value 0x0B  # pic_write
IN  port 0x0020, size 1, value 0x00
OUT port 0x0020, size 1, value 0x0B  # pic_write
IN  port 0x0020, size 1, value 0x00
OUT port 0x0020, size 1, value 0x0B  # pic_write
IN  port 0x0020, size 1, value 0x00
OUT port 0x0020, size 1, value 0x0B  # pic_write
IN  port 0x0020, size 1, value 0x00
OUT port 0x0020, size 1, value 0x0B  # pic_write
IN  port 0x0020, size 1, value 0x00
OUT port 0x0020, size 1, value 0x0B  # pic_write
IN  port 0x0020, size 1, value 0x00
OUT port 0x0020, size 1, value 0x0B  # pic_write
IN  port 0x0020, size 1, value 0x00
OUT port 0x0020, size 1, value 0x0B  # pic_write
IN  port 0x0020, size 1, value 0x00
OUT port 0x0020, size 1, value 0x0B  # pic_write
IN  port 0x0020, size 1, value 0x00
OUT port 0x0020, size 1, value 0x0B  # pic_write
IN  port 0x0020, size 1, value 0x00
OUT port 0x0020, size 1, value 0x0B  # pic_write
IN  port 0x0020, size 1, value 0x00
OUT port 0x0020, size 1, value 0x0B  # pic_write
IN  port 0x0020, size 1, value 0x00
OUT port 0x0020, size 1, value 0x0B  # pic_write
IN  port 0x0020, size 1, value 0x00
OUT port 0x0020, size 1, value 0x0B  # pic_write
IN  port 0x0020, size 1, value 0x00
OUT port 0x0020, size 1, value 0x0B  # pic_write
IN  port 0x0020, size 1, value 0x00
OUT port 0x0020, size 1, value 0x0B  # pic_write
IN  port 0x0020, size 1, value 0x00
OUT port 0x0020, size 1, value 0x0B  # pic_write
IN  port 0x0020, size 1, value 0x00
OUT port 0x0020, size 1, value 0x0B  # pic_write
IN  port 0x0020, size 1, value 0x00
OUT port 0x0020, size 1, value 0x0B  # pic_write
IN  port 0x0020, size 1, value 0x00
OUT port 0x0020, size 1, value 0x0B  # pic_write
IN  port 0x0020, size 1, value 0x00
OUT port 0x0020, size 1, value 0x0B  # pic_write
IN  port 0x0020, size 1, value 0x00
OUT port 0x0020, size 1, value 0x0B  # pic_write
IN  port 0x0020, size 1, value 0x00
OUT port 0x0020, size 1, value 0x0B  # pic_write
IN  port 0x0020, size 1, value 0x00
OUT port 0x0020, size 1, value 0x0B  # pic_write
IN  port 0x0020, size 1, value 0x00
OUT port 0x0020, size 1, value 0x0B  # pic_write
IN  port 0x0020, size 1, value 0x00
OUT port 0x0020, size 1, value 0x0B  # pic_write
IN  port 0x0020, size 1, value 0x00
OUT port 0x0020, size 1, value 0x0B  # pic_write
IN  port 0x0020, size 1, value 0x00
OUT port 0x0020, size 1, value 0x0B  # pic_write
IN  port 0x0020, size 1, value 0x00
OUT port 0x0020, size 1, value 0x0B  # pic_write
IN  port 0x0020, size 1, value 0x00
OUT port 0x0020, size 1, value 0x0B  # pic_write
IN  port 0x0020, size 1, value 0x00
OUT port 0x0020, size 1, value 0x0B  # pic_write
IN  port 0x0020, size 1, value 0x00
OUT port 0x0020, size 1, value 0x0B  # pic_write
IN  port 0x0020, size 1, value 0x00
OUT port 0x0020, size 1, value 0x0B  # pic_write
IN  port 0x0020, size 1, value 0x00
OUT port 0x0020, size 1, value 0x0B  # pic_write
IN  port 0x0020, size 1, value 0x00
OUT port 0x0020, size 1, value 0x0B  # pic_write
IN  port 0x0020, size 1, value 0x00
OUT port 0x0020, size 1, value 0x0B  # pic_write
IN  port 0x0020, size 1, value 0x00
OUT port 0x0020, size 1, value 0x0B  # pic_write
IN  port 0x0020, size 1, value 0x00
OUT port 0x0020, size 1, value 0x0B  # pic_write
IN  port 0x0020, size 1, value 0x00
OUT port 0x0020, size 1, value 0x0B  # pic_write
IN  port 0x0020, size 1, value 0x00
OUT port 0x0020, size 1, value 0x0B  # pic_write
IN  port 0x0020, size 1, value 0x00
OUT port 0x0020, size 1, value 0x0B  # pic_write
IN  port 0x0020, size 1, value 0x00
OUT port 0x0020, size 1, value 0x0B  # pic_write
IN  port 0x0020, size 1, value 0x00
OUT port 0x0020, size 1, value 0x0B  # pic_write
IN  port 0x0020, size 1, value 0x00
OUT port 0x0020, size 1, value 0x0B  # pic_write
IN  port 0x0020, size 1, value 0x00
OUT port 0x0020, size 1, value 0x0B  # pic_write
IN  port 0x0020, size 1, value 0x00
OUT port 0x0020, size 1, value 0x0B  # pic_write
IN  port 0x0020, size 1, value 0x00
OUT port 0x0020, size 1, value 0x0B  # pic_write
IN  port 0x0020, size 1, value 0x00
OUT port 0x0020, size 1, value 0x0B  # pic_write
IN  port 0x0020, size 1, value 0x00
OUT port 0x0020, size 1, value 0x0B  # pic_write
IN  port 0x0020, size 1, value 0x00
OUT port 0x0020, size 1, value 0x0B  # pic_write
IN  port 0x0020, size 1, value 0x00
OUT port 0x0020, size 1, value 0x0B  # pic_write
IN  port 0x0020, size 1, value 0x00
OUT port 0x0020, size 1, value 0x0B  # pic_write
IN  port 0x0020, size 1, value 0x00
OUT port 0x0020, size 1, value 0x0B  # pic_write
IN  port 0x0020, size 1, value 0x00
OUT port 0x0020, size 1, value 0x0B  # pic_write
IN  port 0x0020, size 1, value 0x00
OUT port 0x0020, size 1, value 0x0B  # pic_write
IN  port 0x0020, size 1, value 0x00
OUT port 0x0020, size 1, value 0x0B  # pic_write
IN  port 0x0020, size 1, value 0x00
OUT port 0x0020, size 1, value 0x0B  # pic_write
IN  port 0x0020, size 1, value 0x00
OUT port 0x0020, size 1, value 0x0B  # pic_write
IN  port 0x0020, size 1, value 0x00
OUT port 0x0020, size 1, value 0x0B  # pic_write
IN  port 0x0020, size 1, value 0x00
OUT port 0x0020, size 1, value 0x0B  # pic_write
IN  port 0x0020, size 1, value 0x00
OUT port 0x0020, size 1, value 0x0B  # pic_write
IN  port 0x0020, size 1, value 0x00
OUT port 0x0020, size 1, value 0x0B  # pic_write
IN  port 0x0020, size 1, value 0x00
OUT port 0x0020, size 1, value 0x0B  # pic_write
IN  port 0x0020, size 1, value 0x00
OUT port 0x0020, size 1, value 0x0B  # pic_write
IN  port 0x0020, size 1, value 0x00
OUT port 0x0020, size 1, value 0x0B  # pic_write
IN  port 0x0020, size 1, value 0x00
OUT port 0x0020, size 1, value 0x0B  # pic_write
IN  port 0x0020, size 1, value 0x00
OUT port 0x0020, size 1, value 0x0B  # pic_write
IN  port 0x0020, size 1, value 0x00
OUT port 0x0020, size 1, value 0x0B  # pic_write
IN  port 0x0020, size 1, value 0x00
OUT port 0x0020, size 1, value 0x0B  # pic_write
IN  port 0x0020, size 1, value 0x00
OUT port 0x0020, size 1, value 0x0B  # pic_write
IN  port 0x0020, size 1, value 0x00
OUT port 0x0020, size 1, value 0x0B  # pic_write
IN  port 0x0020, size 1, value 0x00
OUT port 0x0020, size 1, value 0x0B  # pic_write
IN  port 0x0020, size 1, value 0x00
OUT port 0x0020, size 1, value 0x0B  # pic_write
IN  port 0x0020, size 1, value 0x00
OUT port 0x0020, size 1, value 0x0B  # pic_write
IN  port 0x0020, size 1, value 0x00
OUT port 0x0020, size 1, value 0x0B  # pic_write
IN  port 0x0020, size 1, value 0x00
OUT port 0x0020, size 1, value 0x0B  # pic_write
IN  port 0x0020, size 1, value 0x00
OUT port 0x0020, size 1, value 0x0B  # pic_write
IN  port 0x0020, size 1, value 0x00
OUT port 0x0020, size 1, value 0x0B  # pic_write
IN  port 0x0020, size 1, value 0x00
OUT port 0x0020, size 1, value 0x0B  # pic_write
IN  port 0x0020, size 1, value 0x00
OUT port 0x0020, size 1, value 0x0B  # pic_write
IN  port 0x0020, size 1, value 0x00
OUT port 0x0020, size 1, value 0x0B  # pic_write
IN  port 0x0020, size 1, value 0x00
OUT port 0x0020, size 1, value 0x0B  # pic_write
IN  port 0x0020, size 1, value 0x00
OUT port 0x0020, size 1, value 0x0B  # pic_write
IN  port 0x0020, size 1, value 0x00
OUT port 0x0020, size 1, value 0x0B  # pic_write
IN  port 0x0020, size 1, value 0x00
OUT port 0x0020, size 1, value 0x0B  # pic_write
IN  port 0x0020, size 1, value 0x00
OUT port 0x0020, size 1, value 0x0B  # pic_write
IN  port 0x0020, size 1, value 0x00
OUT port 0x0020, size 1, value 0x0B  # pic_write
IN  port 0x0020, size 1, value 0x00
OUT port 0x0020, size 1, value 0x0B  # pic_write
IN  port 0x0020, size 1, value 0x00
OUT port 0x0020, size 1, value 0x0B  # pic_write
IN  port 0x0020, size 1, value 0x00
OUT port 0x0020, size 1, value 0x0B  # pic_write
IN  port 0x0020, size 1, value 0x00
OUT port 0x0020, size 1, value 0x0B  # pic_write
IN  port 0x0020, size 1, value 0x00
OUT port 0x0020, size 1, value 0x0B  # pic_write
IN  port 0x0020, size 1, value 0x00
OUT port 0x0020, size 1, value 0x0B  # pic_write
IN  port 0x0020, size 1, value 0x00
OUT port 0x0020, size 1, value 0x0B  # pic_write
IN  port 0x0020, size 1, value 0x00
OUT port 0x0020, size 1, value 0x0B  # pic_write
IN  port 0x0020, size 1, value 0x00
OUT port 0x0020, size 1, value 0x0B  # pic_write
IN  port 0x0020, size 1, value 0x00
OUT port 0x0020, size 1, value 0x0B  # pic_write
IN  port 0x0020, size 1, value 0x00
OUT port 0x0020, size 1, value 0x0B  # pic_write
IN  port 0x0020, size 1, value 0x00
OUT port 0x0020, size 1, value 0x0B  # pic_write
IN  port 0x0020, size 1, value 0x00
OUT port 0x0020, size 1, value 0x0B  # pic_write
IN  port 0x0020, size 1, value 0x00
OUT port 0x0020, size 1, value 0x0B  # pic_write
IN  port 0x0020, size 1, value 0x00
OUT port 0x0020, size 1, value 0x0B  # pic_write
IN  port 0x0020, size 1, value 0x00
OUT port 0x0020, size 1, value 0x0B  # pic_write
IN  port 0x0020, size 1, value 0x00
OUT port 0x0020, size 1, value 0x0B  # pic_write
IN  port 0x0020, size 1, value 0x00
OUT port 0x0020, size 1, value 0x0B  # pic_write
IN  port 0x0020, size 1, value 0x00
OUT port 0x0020, size 1, value 0x0B  # pic_write
IN  port 0x0020, size 1, value 0x00
OUT port 0x0020, size 1, value 0x0B  # pic_write
IN  port 0x0020, size 1, value 0x00
OUT port 0x0020, size 1, value 0x0B  # pic_write
IN  port 0x0020, size 1, value 0x00
OUT port 0x0020, size 1, value 0x0B  # pic_write
IN  port 0x0020, size 1, value 0x00
OUT port 0x0020, size 1, value 0x0B  # pic_write
IN  port 0x0020, size 1, value 0x00
OUT port 0x0020, size 1, value 0x0B  # pic_write
IN  port 0x0020, size 1, value 0x00
OUT port 0x0020, size 1, value 0x0B  # pic_write
IN  port 0x0020, size 1, value 0x00
OUT port 0x0020, size 1, value 0x0B  # pic_write
IN  port 0x0020, size 1, value 0x00
OUT port 0x0020, size 1, value 0x0B  # pic_write
IN  port 0x0020, size 1, value 0x00
OUT port 0x0020, size 1, value 0x0B  # pic_write
IN  port 0x0020, size 1, value 0x00
OUT port 0x0020, size 1, value 0x0B  # pic_write
IN  port 0x0020, size 1, value 0x00
OUT port 0x0020, size 1, value 0x0B  # pic_write
IN  port 0x0020, size 1, value 0x00
OUT port 0x0020, size 1, value 0x0B  # pic_write
IN  port 0x0020, size 1, value 0x00
OUT port 0x0020, size 1, value 0x0B  # pic_write
IN  port 0x0020, size 1, value 0x00
OUT port 0x0020, size 1, value 0x0B  # pic_write
IN  port 0x0020, size 1, value 0x00
OUT port 0x0020, size 1, value 0x0B  # pic_write
IN  port 0x0020, size 1, value 0x00
OUT port 0x0020, size 1, value 0x0B  # pic_write
IN  port 0x0020, size 1, value 0x00
OUT port 0x0020, size 1, value 0x0B  # pic_write
IN  port 0x0020, size 1, value 0x00
OUT port 0x0020, size 1, value 0x0B  # pic_write
IN  port 0x0020, size 1, value 0x00
OUT port 0x0020, size 1, value 0x0B  # pic_write
IN  port 0x0020, size 1, value 0x00
OUT port 0x0020, size 1, value 0x0B  # pic_write
IN  port 0x0020, size 1, value 0x00
OUT port 0x0020, size 1, value 0x0B  # pic_write
IN  port 0x0020, size 1, value 0x00
OUT port 0x0020, size 1, value 0x0B  # pic_write
IN  port 0x0020, size 1, value 0x00
OUT port 0x0020, size 1, value 0x0B  # pic_write
IN  port 0x0020, size 1, value 0x00
OUT port 0x0020, size 1, value 0x0B  # pic_write
IN  port 0x0020, size 1, value 0x00
OUT port 0x0020, size 1, value 0x0B  # pic_write
IN  port 0x0020, size 1, value 0x00
OUT port 0x0020, size 1, value 0x0B  # pic_write
IN  port 0x0020, size 1, value 0x00
OUT port 0x0020, size 1, value 0x0B  # pic_write
IN  port 0x0020, size 1, value 0x00
OUT port 0x0020, size 1, value 0x0B  # pic_write
IN  port 0x0020, size 1, value 0x00
OUT port 0x0020, size 1, value 0x0B  # pic_write
IN  port 0x0020, size 1, value 0x00
OUT port 0x0020, size 1, value 0x0B  # pic_write
IN  port 0x0020, size 1, value 0x00
OUT port 0x0020, size 1, value 0x0B  # pic_write
IN  port 0x0020, size 1, value 0x00
OUT port 0x0020, size 1, value 0x0B  # pic_write
IN  port 0x0020, size 1, value 0x00
OUT port 0x0020, size 1, value 0x0B  # pic_write
IN  port 0x0020, size 1, value 0x00
OUT port 0x0020, size 1, value 0x0B  # pic_write
IN  port 0x0020, size 1, value 0x00
OUT port 0x0020, size 1, value 0x0B  # pic_write
IN  port 0x0020, size 1, value 0x00
OUT port 0x0020, size 1, value 0x0B  # pic_write
IN  port 0x0020, size 1, value 0x00
OUT port 0x0020, size 1, value 0x0B  # pic_write
IN  port 0x0020, size 1, value 0x00
OUT port 0x0020, size 1, value 0x0B  # pic_write
IN  port 0x0020, size 1, value 0x00
OUT port 0x0020, size 1, value 0x0B  # pic_write
IN  port 0x0020, size 1, value 0x00
OUT port 0x0020, size 1, value 0x0B  # pic_write
IN  port 0x0020, size 1, value 0x00
OUT port 0x0020, size 1, value 0x0B  # pic_write
IN  port 0x0020, size 1, value 0x00
OUT port 0x0020, size 1, value 0x0B  # pic_write
IN  port 0x0020, size 1, value 0x00
OUT port 0x0020, size 1, value 0x0B  # pic_write
IN  port 0x0020, size 1, value 0x00
OUT port 0x0020, size 1, value 0x0B  # pic_write
IN  port 0x0020, size 1, value 0x00
OUT port 0x0020, size 1, value 0x0B  # pic_write
IN  port 0x0020, size 1, value 0x00
OUT port 0x0020, size 1, value 0x0B  # pic_write
IN  port 0x0020, size 1, value 0x00
OUT port 0x0020, size 1, value 0x0B  # pic_write
IN  port 0x0020, size 1, value 0x00
OUT port 0x0020, size 1, value 0x0B  # pic_write
IN  port 0x0020, size 1, value 0x00
OUT port 0x0020, size 1, value 0x0B  # pic_write
IN  port 0x0020, size 1, value 0x00
OUT port 0x0020, size 1, value 0x0B  # pic_write
IN  port 0x0020, size 1, value 0x00
OUT port 0x0020, size 1, value 0x0B  # pic_write
IN  port 0x0020, size 1, value 0x00
OUT port 0x0020, size 1, value 0x0B  # pic_write
IN  port 0x0020, size 1, value 0x00
OUT port 0x0020, size 1, value 0x0B  # pic_write
IN  port 0x0020, size 1, value 0x00
OUT port 0x0020, size 1, value 0x0B  # pic_write
IN  port 0x0020, size 1, value 0x00
OUT port 0x0020, size 1, value 0x0B  # pic_write
IN  port 0x0020, size 1, value 0x00
OUT port 0x0020, size 1, value 0x0B  # pic_write
IN  port 0x0020, size 1, value 0x00
OUT port 0x0020, size 1, value 0x0B  # pic_write
IN  port 0x0020, size 1, value 0x00
OUT port 0x0020, size 1, value 0x0B  # pic_write
IN  port 0x0020, size 1, value 0x00
OUT port 0x0020, size 1, value 0x0B  # pic_write
IN  port 0x0020, size 1, value 0x00
OUT port 0x0020, size 1, value 0x0B  # pic_write
IN  port 0x0020, size 1, value 0x00
OUT port 0x0020, size 1, value 0x0B  # pic_write
IN  port 0x0020, size 1, value 0x00
OUT port 0x0020, size 1, value 0x0B  # pic_write
IN  port 0x0020, size 1, value 0x00
OUT port 0x0020, size 1, value 0x0B  # pic_write
IN  port 0x0020, size 1, value 0x00
OUT port 0x0020, size 1, value 0x0B  # pic_write
IN  port 0x0020, size 1, value 0x00
OUT port 0x0020, size 1, value 0x0B  # pic_write
IN  port 0x0020, size 1, value 0x00
OUT port 0x0020, size 1, value 0x0B  # pic_write
IN  port 0x0020, size 1, value 0x00
OUT port 0x0020, size 1, value 0x0B  # pic_write
IN  port 0x0020, size 1, value 0x00
OUT port 0x0020, size 1, value 0x0B  # pic_write
IN  port 0x0020, size 1, value 0x00
OUT port 0x0020, size 1, value 0x0B  # pic_write
IN  port 0x0020, size 1, value 0x00
OUT port 0x0020, size 1, value 0x0B  # pic_write
IN  port 0x0020, size 1, value 0x00
OUT port 0x0020, size 1, value 0x0B  # pic_write
IN  port 0x0020, size 1, value 0x00
OUT port 0x0020, size 1, value 0x0B  # pic_write
IN  port 0x0020, size 1, value 0x00
OUT port 0x0020, size 1, value 0x0B  # pic_write
IN  port 0x0020, size 1, value 0x00
OUT port 0x0020, size 1, value 0x0B  # pic_write
IN  port 0x0020, size 1, value 0x00
OUT port 0x0020, size 1, value 0x0B  # pic_write
IN  port 0x0020, size 1, value 0x00
OUT port 0x0020, size 1, value 0x0B  # pic_write
IN  port 0x0020, size 1, value 0x00
OUT port 0x0020, size 1, value 0x0B  # pic_write
IN  port 0x0020, size 1, value 0x00
OUT port 0x0020, size 1, value 0x0B  # pic_write
IN  port 0x0020, size 1, value 0x00
OUT port 0x0020, size 1, value 0x0B  # pic_write
IN  port 0x0020, size 1, value 0x00
OUT port 0x0020, size 1, value 0x0B  # pic_write
IN  port 0x0020, size 1, value 0x00
OUT port 0x0020, size 1, value 0x0B  # pic_write
IN  port 0x0020, size 1, value 0x00
OUT port 0x0020, size 1, value 0x0B  # pic_write
IN  port 0x0020, size 1, value 0x00
OUT port 0x0020, size 1, value 0x0B  # pic_write
IN  port 0x0020, size 1, value 0x00
OUT port 0x0020, size 1, value 0x0B  # pic_write
IN  port 0x0020, size 1, value 0x00
OUT port 0x0020, size 1, value 0x0B  # pic_write
IN  port 0x0020, size 1, value 0x00
OUT port 0x0020, size 1, value 0x0B  # pic_write
IN  port 0x0020, size 1, value 0x00
OUT port 0x0020, size 1, value 0x0B  # pic_write
IN  port 0x0020, size 1, value 0x00
OUT port 0x0020, size 1, value 0x0B  # pic_write
IN  port 0x0020, size 1, value 0x00
OUT port 0x0020, size 1, value 0x0B  # pic_write
IN  port 0x0020, size 1, value 0x00
OUT port 0x0020, size 1, value 0x0B  # pic_write
IN  port 0x0020, size 1, value 0x00
OUT port 0x0020, size 1, value 0x0B  # pic_write
IN  port 0x0020, size 1, value 0x00
OUT port 0x0020, size 1, value 0x0B  # pic_write
IN  port 0x0020, size 1, value 0x00
OUT port 0x0020, size 1, value 0x0B  # pic_write
IN  port 0x0020, size 1, value 0x00
OUT port 0x0020, size 1, value 0x0B  # pic_write
IN  port 0x0020, size 1, value 0x00
OUT port 0x0020, size 1, value 0x0B  # pic_write
IN  port 0x0020, size 1, value 0x00
OUT port 0x0020, size 1, value 0x0B  # pic_write
IN  port 0x0020, size 1, value 0x00
OUT port 0x0020, size 1, value 0x0B  # pic_write
IN  port 0x0020, size 1, value 0x00
OUT port 0x0020, size 1, value 0x0B  # pic_write
IN  port 0x0020, size 1, value 0x00
OUT port 0x0020, size 1, value 0x0B  # pic_write
IN  port 0x0020, size 1, value 0x00
OUT port 0x0020, size 1, value 0x0B  # pic_write
IN  port 0x0020, size 1, value 0x00
OUT port 0x0020, size 1, value 0x0B  # pic_write
IN  port 0x0020, size 1, value 0x00
OUT port 0x0020, size 1, value 0x0B  # pic_write
IN  port 0x0020, size 1, value 0x00
OUT port 0x0020, size 1, value 0x0B  # pic_write
IN  port 0x0020, size 1, value 0x00
OUT port 0x0020, size 1, value 0x0B  # pic_write
IN  port 0x0020, size 1, value 0x00
OUT port 0x0020, size 1, value 0x0B  # pic_write
IN  port 0x0020, size 1, value 0x00
OUT port 0x0020, size 1, value 0x0B  # pic_write
IN  port 0x0020, size 1, value 0x00
OUT port 0x0020, size 1, value 0x0B  # pic_write
IN  port 0x0020, size 1, value 0x00
OUT port 0x0020, size 1, value 0x0B  # pic_write
IN  port 0x0020, size 1, value 0x00
OUT port 0x0020, size 1, value 0x0B  # pic_write
IN  port 0x0020, size 1, value 0x00
OUT port 0x0020, size 1, value 0x0B  # pic_write
IN  port 0x0020, size 1, value 0x00
OUT port 0x0020, size 1, value 0x0B  # pic_write
IN  port 0x0020, size 1, value 0x00
OUT port 0x0020, size 1, value 0x0B  # pic_write
IN  port 0x0020, size 1, value 0x00
OUT port 0x0020, size 1, value 0x0B  # pic_write
IN  port 0x0020, size 1, value 0x00
OUT port 0x0020, size 1, value 0x0B  # pic_write
IN  port 0x0020, size 1, value 0x00
OUT port 0x0020, size 1, value 0x0B  # pic_write
IN  port 0x0020, size 1, value 0x00
OUT port 0x0020, size 1, value 0x0B  # pic_write
IN  port 0x0020, size 1, value 0x00
OUT port 0x0020, size 1, value 0x0B  # pic_write
IN  port 0x0020, size 1, value 0x00
OUT port 0x0020, size 1, value 0x0B  # pic_write
IN  port 0x0020, size 1, value 0x00
OUT port 0x0020, size 1, value 0x0B  # pic_write
IN  port 0x0020, size 1, value 0x00
OUT port 0x0020, size 1, value 0x0B  # pic_write
IN  port 0x0020, size 1, value 0x00
OUT port 0x0020, size 1, value 0x0B  # pic_write
IN  port 0x0020, size 1, value 0x00
OUT port 0x0020, size 1, value 0x0B  # pic_write
IN  port 0x0020, size 1, value 0x00
OUT port 0x0020, size 1, value 0x0B  # pic_write
IN  port 0x0020, size 1, value 0x00
OUT port 0x0020, size 1, value 0x0B  # pic_write
IN  port 0x0020, size 1, value 0x00
OUT port 0x0020, size 1, value 0x0B  # pic_write
IN  port 0x0020, size 1, value 0x00
OUT port 0x0020, size 1, value 0x0B  # pic_write
IN  port 0x0020, size 1, value 0x00
OUT port 0x0020, size 1, value 0x0B  # pic_write
IN  port 0x0020, size 1, value 0x00
OUT port 0x0020, size 1, value 0x0B  # pic_write
IN  port 0x0020, size 1, value 0x00
OUT port 0x0020, size 1, value 0x0B  # pic_write
IN  port 0x0020, size 1, value 0x00
OUT port 0x0020, size 1, value 0x0B  # pic_write
IN  port 0x0020, size 1, value 0x00
OUT port 0x0020, size 1, value 0x0B  # pic_write
IN  port 0x0020, size 1, value 0x00
OUT port 0x0020, size 1, value 0x0B  # pic_write
IN  port 0x0020, size 1, value 0x00
OUT port 0x0020, size 1, value 0x0B  # pic_write
IN  port 0x0020, size 1, value 0x00
OUT port 0x0020, size 1, value 0x0B  # pic_write
IN  port 0x0020, size 1, value 0x00
OUT port 0x0020, size 1, value 0x0B  # pic_write
IN  port 0x0020, size 1, value 0x00
OUT port 0x0020, size 1, value 0x0B  # pic_write
IN  port 0x0020, size 1, value 0x00
OUT port 0x0020, size 1, value 0x0B  # pic_write
IN  port 0x0020, size 1, value 0x00
OUT port 0x0020, size 1, value 0x0B  # pic_write
IN  port 0x0020, size 1, value 0x00
OUT port 0x0020, size 1, value 0x0B  # pic_write
IN  port 0x0020, size 1, value 0x00
OUT port 0x0020, size 1, value 0x0B  # pic_write
IN  port 0x0020, size 1, value 0x00
OUT port 0x0020, size 1, value 0x0B  # pic_write
IN  port 0x0020, size 1, value 0x00
OUT port 0x0020, size 1, value 0x0B  # pic_write
IN  port 0x0020, size 1, value 0x00
OUT port 0x0020, size 1, value 0x0B  # pic_write
IN  port 0x0020, size 1, value 0x00
OUT port 0x0020, size 1, value 0x0B  # pic_write
IN  port 0x0020, size 1, value 0x00
OUT port 0x0020, size 1, value 0x0B  # pic_write
IN  port 0x0020, size 1, value 0x00
OUT port 0x0020, size 1, value 0x0B  # pic_write
IN  port 0x0020, size 1, value 0x00
OUT port 0x0020, size 1, value 0x0B  # pic_write
IN  port 0x0020, size 1, value 0x00
OUT port 0x0020, size 1, value 0x0B  # pic_write
IN  port 0x0020, size 1, value 0x00
OUT port 0x0020, size 1, value 0x0B  # pic_write
IN  port 0x0020, size 1, value 0x00
OUT port 0x0020, size 1, value 0x0B  # pic_write
IN  port 0x0020, size 1, value 0x00
OUT port 0x0020, size 1, value 0x0B  # pic_write
IN  port 0x0020, size 1, value 0x00
OUT port 0x0020, size 1, value 0x0B  # pic_write
IN  port 0x0020, size 1, value 0x00
OUT port 0x0020, size 1, value 0x0B  # pic_write
IN  port 0x0020, size 1, value 0x00
OUT port 0x0020, size 1, value 0x0B  # pic_write
IN  port 0x0020, size 1, value 0x00
OUT port 0x0020, size 1, value 0x0B  # pic_write
IN  port 0x0020, size 1, value 0x00
OUT port 0x0020, size 1, value 0x0B  # pic_write
IN  port 0x0020, size 1, value 0x00
OUT port 0x0020, size 1, value 0x0B  # pic_write
IN  port 0x0020, size 1, value 0x00
OUT port 0x0020, size 1, value 0x0B  # pic_write
IN  port 0x0020, size 1, value 0x00
OUT port 0x0020, size 1, value 0x0B  # pic_write
IN  port 0x0020, size 1, value 0x00
OUT port 0x0020, size 1, value 0x0B  # pic_write
IN  port 0x0020, size 1, value 0x00
OUT port 0x0020, size 1, value 0x0B  # pic_write
IN  port 0x0020, size 1, value 0x00
OUT port 0x0020, size 1, value 0x0B  # pic_write
IN  port 0x0020, size 1, value 0x00
OUT port 0x0020, size 1, value 0x0B  # pic_write
IN  port 0x0020, size 1, value 0x00
OUT port 0x0020, size 1, value 0x0B  # pic_write
IN  port 0x0020, size 1, value 0x00
OUT port 0x0020, size 1, value 0x0B  # pic_write
IN  port 0x0020, size 1, value 0x00
OUT port 0x0020, size 1, value 0x0B  # pic_write
IN  port 0x0020, size 1, value 0x00
OUT port 0x0020, size 1, value 0x0B  # pic_write
IN  port 0x0020, size 1, value 0x00
OUT port 0x0020, size 1, value 0x0B  # pic_write
IN  port 0x0020, size 1, value 0x00
OUT port 0x0020, size 1, value 0x0B  # pic_write
IN  port 0x0020, size 1, value 0x00
OUT port 0x0020, size 1, value 0x0B  # pic_write
IN  port 0x0020, size 1, value 0x00
OUT port 0x0020, size 1, value 0x0B  # pic_write
IN  port 0x0020, size 1, value 0x00
OUT port 0x0020, size 1, value 0x0B  # pic_write
IN  port 0x0020, size 1, value 0x00
OUT port 0x0020, size 1, value 0x0B  # pic_write
IN  port 0x0020, size 1, value 0x00
OUT port 0x0020, size 1, value 0x0B  # pic_write
IN  port 0x0020, size 1, value 0x00
OUT port 0x0020, size 1, value 0x0B  # pic_write
IN  port 0x0020, size 1, value 0x00
OUT port 0x0020, size 1, value 0x0B  # pic_write
IN  port 0x0020, size 1, value 0x00
OUT port 0x0020, size 1, value 0x0B  # pic_write
IN  port 0x0020, size 1, value 0x00
OUT port 0x0020, size 1, value 0x0B  # pic_write
IN  port 0x0020, size 1, value 0x00
OUT port 0x0020, size 1, value 0x0B  # pic_write
IN  port 0x0020, size 1, value 0x00
OUT port 0x0020, size 1, value 0x0B  # pic_write
IN  port 0x0020, size 1, value 0x00
OUT port 0x0020, size 1, value 0x0B  # pic_write
IN  port 0x0020, size 1, value 0x00
OUT port 0x0020, size 1, value 0x0B  # pic_write
IN  port 0x0020, size 1, value 0x00
OUT port 0x0020, size 1, value 0x0B  # pic_write
IN  port 0x0020, size 1, value 0x00
OUT port 0x0020, size 1, value 0x0B  # pic_write
IN  port 0x0020, size 1, value 0x00
OUT port 0x0020, size 1, value 0x0B  # pic_write
IN  port 0x0020, size 1, value 0x00
OUT port 0x0020, size 1, value 0x0B  # pic_write
IN  port 0x0020, size 1, value 0x00
OUT port 0x0020, size 1, value 0x0B  # pic_write
IN  port 0x0020, size 1, value 0x00
OUT port 0x0020, size 1, value 0x0B  # pic_write
IN  port 0x0020, size 1, value 0x00
OUT port 0x0020, size 1, value 0x0B  # pic_write
IN  port 0x0020, size 1, value 0x00
OUT port 0x0020, size 1, value 0x0B  # pic_write
IN  port 0x0020, size 1, value 0x00
OUT port 0x0020, size 1, value 0x0B  # pic_write
IN  port 0x0020, size 1, value 0x00
OUT port 0x0020, size 1, value 0x0B  # pic_write
IN  port 0x0020, size 1, value 0x00
OUT port 0x0020, size 1, value 0x0B  # pic_write
IN  port 0x0020, size 1, value 0x00
OUT port 0x0020, size 1, value 0x0B  # pic_write
IN  port 0x0020, size 1, value 0x00
OUT port 0x0020, size 1, value 0x0B  # pic_write
IN  port 0x0020, size 1, value 0x00
OUT port 0x0020, size 1, value 0x0B  # pic_write
IN  port 0x0020, size 1, value 0x00
OUT port 0x0020, size 1, value 0x0B  # pic_write
IN  port 0x0020, size 1, value 0x00
OUT port 0x0020, size 1, value 0x0B  # pic_write
IN  port 0x0020, size 1, value 0x00
OUT port 0x0020, size 1, value 0x0B  # pic_write
IN  port 0x0020, size 1, value 0x00
OUT port 0x0020, size 1, value 0x0B  # pic_write
IN  port 0x0020, size 1, value 0x00
OUT port 0x0020, size 1, value 0x0B  # pic_write
IN  port 0x0020, size 1, value 0x00
OUT port 0x0020, size 1, value 0x0B  # pic_write
IN  port 0x0020, size 1, value 0x00
OUT port 0x0020, size 1, value 0x0B  # pic_write
IN  port 0x0020, size 1, value 0x00
OUT port 0x0020, size 1, value 0x0B  # pic_write
IN  port 0x0020, size 1, value 0x00
OUT port 0x0020, size 1, value 0x0B  # pic_write
IN  port 0x0020, size 1, value 0x00
OUT port 0x0020, size 1, value 0x0B  # pic_write
IN  port 0x0020, size 1, value 0x00
OUT port 0x0020, size 1, value 0x0B  # pic_write
IN  port 0x0020, size 1, value 0x00
OUT port 0x0020, size 1, value 0x0B  # pic_write
IN  port 0x0020, size 1, value 0x00
OUT port 0x0020, size 1, value 0x0B  # pic_write
IN  port 0x0020, size 1, value 0x00
OUT port 0x0020, size 1, value 0x0B  # pic_write
IN  port 0x0020, size 1, value 0x00
OUT port 0x0020, size 1, value 0x0B  # pic_write
IN  port 0x0020, size 1, value 0x00
OUT port 0x0020, size 1, value 0x0B  # pic_write
IN  port 0x0020, size 1, value 0x00
OUT port 0x0020, size 1, value 0x0B  # pic_write
IN  port 0x0020, size 1, value 0x00
OUT port 0x0020, size 1, value 0x0B  # pic_write
IN  port 0x0020, size 1, value 0x00
OUT port 0x0020, size 1, value 0x0B  # pic_write
IN  port 0x0020, size 1, value 0x00
OUT port 0x0020, size 1, value 0x0B  # pic_write
IN  port 0x0020, size 1, value 0x00
OUT port 0x0020, size 1, value 0x0B  # pic_write
IN  port 0x0020, size 1, value 0x00
OUT port 0x0020, size 1, value 0x0B  # pic_write
IN  port 0x0020, size 1, value 0x00
OUT port 0x0020, size 1, value 0x0B  # pic_write
IN  port 0x0020, size 1, value 0x00
OUT port 0x0020, size 1, value 0x0B  # pic_write
IN  port 0x0020, size 1, value 0x00
OUT port 0x0020, size 1, value 0x0B  # pic_write
IN  port 0x0020, size 1, value 0x00
OUT port 0x0020, size 1, value 0x0B  # pic_write
IN  port 0x0020, size 1, value 0x00
OUT port 0x0020, size 1, value 0x0B  # pic_write
IN  port 0x0020, size 1, value 0x00
OUT port 0x0020, size 1, value 0x0B  # pic_write
IN  port 0x0020, size 1, value 0x00
OUT port 0x0020, size 1, value 0x0B  # pic_write
IN  port 0x0020, size 1, value 0x00
OUT port 0x0020, size 1, value 0x0B  # pic_write
IN  port 0x0020, size 1, value 0x00
OUT port 0x0020, size 1, value 0x0B  # pic_write
IN  port 0x0020, size 1, value 0x00
OUT port 0x0020, size 1, value 0x0B  # pic_write
IN  port 0x0020, size 1, value 0x00
OUT port 0x0020, size 1, value 0x0B  # pic_write
IN  port 0x0020, size 1, value 0x00
OUT port 0x0020, size 1, value 0x0B  # pic_write
IN  port 0x0020, size 1, value 0x00
OUT port 0x0020, size 1, value 0x0B  # pic_write
IN  port 0x0020, size 1, value 0x00
OUT port 0x0020, size 1, value 0x0B  # pic_write
IN  port 0x0020, size 1, value 0x00
OUT port 0x0020, size 1, value 0x0B  # pic_write
IN  port 0x0020, size 1, value 0x00
OUT port 0x0020, size 1, value 0x0B  # pic_write
IN  port 0x0020, size 1, value 0x00
OUT port 0x0020, size 1, value 0x0B  # pic_write
IN  port 0x0020, size 1, value 0x00
OUT port 0x0020, size 1, value 0x0B  # pic_write
IN  port 0x0020, size 1, value 0x00
OUT port 0x0020, size 1, value 0x0B  # pic_write
IN  port 0x0020, size 1, value 0x00
OUT port 0x0020, size 1, value 0x0B  # pic_write
IN  port 0x0020, size 1, value 0x00
OUT port 0x0020, size 1, value 0x0B  # pic_write
IN  port 0x0020, size 1, value 0x00
OUT port 0x0020, size 1, value 0x0B  # pic_write
IN  port 0x0020, size 1, value 0x00
OUT port 0x0020, size 1, value 0x0B  # pic_write
IN  port 0x0020, size 1, value 0x00
OUT port 0x0020, size 1, value 0x0B  # pic_write
IN  port 0x0020, size 1, value 0x00
OUT port 0x0020, size 1, value 0x0B  # pic_write
IN  port 0x0020, size 1, value 0x00
OUT port 0x0020, size 1, value 0x0B  # pic_write
IN  port 0x0020, size 1, value 0x00
OUT port 0x0020, size 1, value 0x0B  # pic_write
IN  port 0x0020, size 1, value 0x00
OUT port 0x0020, size 1, value 0x0B  # pic_write
IN  port 0x0020, size 1, value 0x00
OUT port 0x0020, size 1, value 0x0B  # pic_write
IN  port 0x0020, size 1, value 0x00
OUT port 0x0020, size 1, value 0x0B  # pic_write
IN  port 0x0020, size 1, value 0x00
OUT port 0x0020, size 1, value 0x0B  # pic_write
IN  port 0x0020, size 1, value 0x00
OUT port 0x0020, size 1, value 0x0B  # pic_write
IN  port 0x0020, size 1, value 0x00
OUT port 0x0020, size 1, value 0x0B  # pic_write
IN  port 0x0020, size 1, value 0x00
OUT port 0x0020, size 1, value 0x0B  # pic_write
IN  port 0x0020, size 1, value 0x00
OUT port 0x0020, size 1, value 0x0B  # pic_write
IN  port 0x0020, size 1, value 0x00
OUT port 0x0020, size 1, value 0x0B  # pic_write
IN  port 0x0020, size 1, value 0x00
OUT port 0x0020, size 1, value 0x0B  # pic_write
IN  port 0x0020, size 1, value 0x00
OUT port 0x0020, size 1, value 0x0B  # pic_write
IN  port 0x0020, size 1, value 0x00
OUT port 0x0020, size 1, value 0x0B  # pic_write
IN  port 0x0020, size 1, value 0x00
OUT port 0x0020, size 1, value 0x0B  # pic_write
IN  port 0x0020, size 1, value 0x00
OUT port 0x0020, size 1, value 0x0B  # pic_write
IN  port 0x0020, size 1, value 0x00
OUT port 0x0020, size 1, value 0x0B  # pic_write
IN  port 0x0020, size 1, value 0x00
OUT port 0x0020, size 1, value 0x0B  # pic_write
IN  port 0x0020, size 1, value 0x00
OUT port 0x0020, size 1, value 0x0B  # pic_write
IN  port 0x0020, size 1, value 0x00
OUT port 0x0020, size 1, value 0x0B  # pic_write
IN  port 0x0020, size 1, value 0x00
OUT port 0x0020, size 1, value 0x0B  # pic_write
IN  port 0x0020, size 1, value 0x00
OUT port 0x0020, size 1, value 0x0B  # pic_write
IN  port 0x0020, size 1, value 0x00
OUT port 0x0020, size 1, value 0x0B  # pic_write
IN  port 0x0020, size 1, value 0x00
OUT port 0x0020, size 1, value 0x0B  # pic_write
IN  port 0x0020, size 1, value 0x00
OUT port 0x0020, size 1, value 0x0B  # pic_write
IN  port 0x0020, size 1, value 0x00
OUT port 0x0020, size 1, value 0x0B  # pic_write
IN  port 0x0020, size 1, value 0x00
OUT port 0x0020, size 1, value 0x0B  # pic_write
IN  port 0x0020, size 1, value 0x00
OUT port 0x0020, size 1, value 0x0B  # pic_write
IN  port 0x0020, size 1, value 0x00
OUT port 0x0020, size 1, value 0x0B  # pic_write
IN  port 0x0020, size 1, value 0x00
OUT port 0x0020, size 1, value 0x0B  # pic_write
IN  port 0x0020, size 1, value 0x00
OUT port 0x0020, size 1, value 0x0B  # pic_write
IN  port 0x0020, size 1, value 0x00
OUT port 0x0020, size 1, value 0x0B  # pic_write
IN  port 0x0020, size 1, value 0x00
OUT port 0x0020, size 1, value 0x0B  # pic_write
IN  port 0x0020, size 1, value 0x00
OUT port 0x0020, size 1, value 0x0B  # pic_write
IN  port 0x0020, size 1, value 0x00
OUT port 0x0020, size 1, value 0x0B  # pic_write
IN  port 0x0020, size 1, value 0x00
OUT port 0x0020, size 1, value 0x0B  # pic_write
IN  port 0x0020, size 1, value 0x00
OUT port 0x0020, size 1, value 0x0B  # pic_write
IN  port 0x0020, size 1, value 0x00
OUT port 0x0020, size 1, value 0x0B  # pic_write
IN  port 0x0020, size 1, value 0x00
OUT port 0x0020, size 1, value 0x0B  # pic_write
IN  port 0x0020, size 1, value 0x00
OUT port 0x0020, size 1, value 0x0B  # pic_write
IN  port 0x0020, size 1, value 0x00
OUT port 0x0020, size 1, value 0x0B  # pic_write
IN  port 0x0020, size 1, value 0x00
OUT port 0x0020, size 1, value 0x0B  # pic_write
IN  port 0x0020, size 1, value 0x00
OUT port 0x0020, size 1, value 0x0B  # pic_write
IN  port 0x0020, size 1, value 0x00
OUT port 0x0020, size 1, value 0x0B  # pic_write
IN  port 0x0020, size 1, value 0x00
OUT port 0x0020, size 1, value 0x0B  # pic_write
IN  port 0x0020, size 1, value 0x00
OUT port 0x0020, size 1, value 0x0B  # pic_write
IN  port 0x0020, size 1, value 0x00
OUT port 0x0020, size 1, value 0x0B  # pic_write
IN  port 0x0020, size 1, value 0x00
OUT port 0x0020, size 1, value 0x0B  # pic_write
IN  port 0x0020, size 1, value 0x00
OUT port 0x0020, size 1, value 0x0B  # pic_write
IN  port 0x0020, size 1, value 0x00
OUT port 0x0020, size 1, value 0x0B  # pic_write
IN  port 0x0020, size 1, value 0x00
OUT port 0x0020, size 1, value 0x0B  # pic_write
IN  port 0x0020, size 1, value 0x00
OUT port 0x0020, size 1, value 0x0B  # pic_write
IN  port 0x0020, size 1, value 0x00
OUT port 0x0020, size 1, value 0x0B  # pic_write
IN  port 0x0020, size 1, value 0x00
OUT port 0x0020, size 1, value 0x0B  # pic_write
IN  port 0x0020, size 1, value 0x00
OUT port 0x0020, size 1, value 0x0B  # pic_write
IN  port 0x0020, size 1, value 0x00
OUT port 0x0020, size 1, value 0x0B  # pic_write
IN  port 0x0020, size 1, value 0x00
OUT port 0x0020, size 1, value 0x0B  # pic_write
IN  port 0x0020, size 1, value 0x00
OUT port 0x0020, size 1, value 0x0B  # pic_write
IN  port 0x0020, size 1, value 0x00
OUT port 0x0020, size 1, value 0x0B  # pic_write
IN  port 0x0020, size 1, value 0x00
OUT port 0x0020, size 1, value 0x0B  # pic_write
IN  port 0x0020, size 1, value 0x00
OUT port 0x0020, size 1, value 0x0B  # pic_write
IN  port 0x0020, size 1, value 0x00
OUT port 0x0020, size 1, value 0x0B  # pic_write
IN  port 0x0020, size 1, value 0x00
OUT port 0x0020, size 1, value 0x0B  # pic_write
IN  port 0x0020, size 1, value 0x00
OUT port 0x0020, size 1, value 0x0B  # pic_write
IN  port 0x0020, size 1, value 0x00
OUT port 0x0020, size 1, value 0x0B  # pic_write
IN  port 0x0020, size 1, value 0x00
OUT port 0x0020, size 1, value 0x0B  # pic_write
IN  port 0x0020, size 1, value 0x00
OUT port 0x0020, size 1, value 0x0B  # pic_write
IN  port 0x0020, size 1, value 0x00
OUT port 0x0020, size 1, value 0x0B  # pic_write
IN  port 0x0020, size 1, value 0x00
OUT port 0x0020, size 1, value 0x0B  # pic_write
IN  port 0x0020, size 1, value 0x00
OUT port 0x0020, size 1, value 0x0B  # pic_write
IN  port 0x0020, size 1, value 0x00
OUT port 0x0020, size 1, value 0x0B  # pic_write
IN  port 0x0020, size 1, value 0x00
OUT port 0x0020, size 1, value 0x0B  # pic_write
IN  port 0x0020, size 1, value 0x00
OUT port 0x0020, size 1, value 0x0B  # pic_write
IN  port 0x0020, size 1, value 0x00
OUT port 0x0020, size 1, value 0x0B  # pic_write
IN  port 0x0020, size 1, value 0x00
OUT port 0x0020, size 1, value 0x0B  # pic_write
IN  port 0x0020, size 1, value 0x00
OUT port 0x0020, size 1, value 0x0B  # pic_write
IN  port 0x0020, size 1, value 0x00
OUT port 0x0020, size 1, value 0x0B  # pic_write
IN  port 0x0020, size 1, value 0x00
OUT port 0x0020, size 1, value 0x0B  # pic_write
IN  port 0x0020, size 1, value 0x00
OUT port 0x0020, size 1, value 0x0B  # pic_write
IN  port 0x0020, size 1, value 0x00
OUT port 0x0020, size 1, value 0x0B  # pic_write
IN  port 0x0020, size 1, value 0x00
OUT port 0x0020, size 1, value 0x0B  # pic_write
IN  port 0x0020, size 1, value 0x00
OUT port 0x0020, size 1, value 0x0B  # pic_write
IN  port 0x0020, size 1, value 0x00
OUT port 0x0020, size 1, value 0x0B  # pic_write
IN  port 0x0020, size 1, value 0x00
OUT port 0x0020, size 1, value 0x0B  # pic_write
IN  port 0x0020, size 1, value 0x00
OUT port 0x0020, size 1, value 0x0B  # pic_write
IN  port 0x0020, size 1, value 0x00
OUT port 0x0020, size 1, value 0x0B  # pic_write
IN  port 0x0020, size 1, value 0x00
OUT port 0x0020, size 1, value 0x0B  # pic_write
IN  port 0x0020, size 1, value 0x00
OUT port 0x0020, size 1, value 0x0B  # pic_write
IN  port 0x0020, size 1, value 0x00
OUT port 0x0020, size 1, value 0x0B  # pic_write
IN  port 0x0020, size 1, value 0x00
OUT port 0x0020, size 1, value 0x0B  # pic_write
IN  port 0x0020, size 1, value 0x00
OUT port 0x0020, size 1, value 0x0B  # pic_write
IN  port 0x0020, size 1, value 0x00
OUT port 0x0020, size 1, value 0x0B  # pic_write
IN  port 0x0020, size 1, value 0x00
OUT port 0x0020, size 1, value 0x0B  # pic_write
IN  port 0x0020, size 1, value 0x00
OUT port 0x0020, size 1, value 0x0B  # pic_write
IN  port 0x0020, size 1, value 0x00
OUT port 0x0020, size 1, value 0x0B  # pic_write
IN  port 0x0020, size 1, value 0x00
OUT port 0x0020, size 1, value 0x0B  # pic_write
IN  port 0x0020, size 1, value 0x00
OUT port 0x0020, size 1, value 0x0B  # pic_write
IN  port 0x0020, size 1, value 0x00
OUT port 0x0020, size 1, value 0x0B  # pic_write
IN  port 0x0020, size 1, value 0x00
OUT port 0x0020, size 1, value 0x0B  # pic_write
IN  port 0x0020, size 1, value 0x00
OUT port 0x0020, size 1, value 0x0B  # pic_write
IN  port 0x0020, size 1, value 0x00
OUT port 0x0020, size 1, value 0x0B  # pic_write
IN  port 0x0020, size 1, value 0x00
OUT port 0x0020, size 1, value 0x0B  # pic_write
IN  port 0x0020, size 1, value 0x00
OUT port 0x0020, size 1, value 0x0B  # pic_write
IN  port 0x0020, size 1, value 0x00
OUT port 0x0020, size 1, value 0x0B  # pic_write
IN  port 0x0020, size 1, value 0x00
OUT port 0x0020, size 1, value 0x0B  # pic_write
IN  port 0x0020, size 1, value 0x00
OUT port 0x0020, size 1, value 0x0B  # pic_write
IN  port 0x0020, size 1, value 0x00
OUT port 0x0020, size 1, value 0x0B  # pic_write
IN  port 0x0020, size 1, value 0x00
OUT port 0x0020, size 1, value 0x0B  # pic_write
IN  port 0x0020, size 1, value 0x00
OUT port 0x0020, size 1, value 0x0B  # pic_write
IN  port 0x0020, size 1, value 0x00
OUT port 0x0020, size 1, value 0x0B  # pic_write
IN  port 0x0020, size 1, value 0x00
OUT port 0x0020, size 1, value 0x0B  # pic_write
IN  port 0x0020, size 1, value 0x00
OUT port 0x0020, size 1, value 0x0B  # pic_write
IN  port 0x0020, size 1, value 0x00
OUT port 0x0020, size 1, value 0x0B  # pic_write
IN  port 0x0020, size 1, value 0x00
OUT port 0x0020, size 1, value 0x0B  # pic_write
IN  port 0x0020, size 1, value 0x00
OUT port 0x0020, size 1, value 0x0B  # pic_write
IN  port 0x0020, size 1, value 0x00
OUT port 0x0020, size 1, value 0x0B  # pic_write
IN  port 0x0020, size 1, value 0x00
OUT port 0x0020, size 1, value 0x0B  # pic_write
IN  port 0x0020, size 1, value 0x00
OUT port 0x0020, size 1, value 0x0B  # pic_write
IN  port 0x0020, size 1, value 0x00
OUT port 0x0020, size 1, value 0x0B  # pic_write
IN  port 0x0020, size 1, value 0x00
OUT port 0x0020, size 1, value 0x0B  # pic_write
IN  port 0x0020, size 1, value 0x00
OUT port 0x0020, size 1, value 0x0B  # pic_write
IN  port 0x0020, size 1, value 0x00
OUT port 0x0020, size 1, value 0x0B  # pic_write
IN  port 0x0020, size 1, value 0x00
OUT port 0x0020, size 1, value 0x0B  # pic_write
IN  port 0x0020, size 1, value 0x00
OUT port 0x0020, size 1, value 0x0B  # pic_write
IN  port 0x0020, size 1, value 0x00
OUT port 0x0020, size 1, value 0x0B  # pic_write
IN  port 0x0020, size 1, value 0x00
OUT port 0x0020, size 1, value 0x0B  # pic_write
IN  port 0x0020, size 1, value 0x00
OUT port 0x0020, size 1, value 0x0B  # pic_write
IN  port 0x0020, size 1, value 0x00
OUT port 0x0020, size 1, value 0x0B  # pic_write
IN  port 0x0020, size 1, value 0x00
OUT port 0x0020, size 1, value 0x0B  # pic_write
IN  port 0x0020, size 1, value 0x00
OUT port 0x0020, size 1, value 0x0B  # pic_write
IN  port 0x0020, size 1, value 0x00
OUT port 0x0020, size 1, value 0x0B  # pic_write
IN  port 0x0020, size 1, value 0x00
OUT port 0x0020, size 1, value 0x0B  # pic_write
IN  port 0x0020, size 1, value 0x00
OUT port 0x0020, size 1, value 0x0B  # pic_write
IN  port 0x0020, size 1, value 0x00
OUT port 0x0020, size 1, value 0x0B  # pic_write
IN  port 0x0020, size 1, value 0x00
OUT port 0x0020, size 1, value 0x0B  # pic_write
IN  port 0x0020, size 1, value 0x00
OUT port 0x0020, size 1, value 0x0B  # pic_write
IN  port 0x0020, size 1, value 0x00
OUT port 0x0020, size 1, value 0x0B  # pic_write
IN  port 0x0020, size 1, value 0x00
OUT port 0x0020, size 1, value 0x0B  # pic_write
IN  port 0x0020, size 1, value 0x00
OUT port 0x0020, size 1, value 0x0B  # pic_write
IN  port 0x0020, size 1, value 0x00
OUT port 0x0020, size 1, value 0x0B  # pic_write
IN  port 0x0020, size 1, value 0x00
OUT port 0x0020, size 1, value 0x0B  # pic_write
IN  port 0x0020, size 1, value 0x00
OUT port 0x0020, size 1, value 0x0B  # pic_write
IN  port 0x0020, size 1, value 0x00
OUT port 0x0020, size 1, value 0x0B  # pic_write
IN  port 0x0020, size 1, value 0x00
OUT port 0x0020, size 1, value 0x0B  # pic_write
IN  port 0x0020, size 1, value 0x00
OUT port 0x0020, size 1, value 0x0B  # pic_write
IN  port 0x0020, size 1, value 0x00
OUT port 0x0020, size 1, value 0x0B  # pic_write
IN  port 0x0020, size 1, value 0x00
OUT port 0x0020, size 1, value 0x0B  # pic_write
IN  port 0x0020, size 1, value 0x00
OUT port 0x0020, size 1, value 0x0B  # pic_write
IN  port 0x0020, size 1, value 0x00
OUT port 0x0020, size 1, value 0x0B  # pic_write
IN  port 0x0020, size 1, value 0x00
OUT port 0x0020, size 1, value 0x0B  # pic_write
IN  port 0x0020, size 1, value 0x00
OUT port 0x0020, size 1, value 0x0B  # pic_write
IN  port 0x0020, size 1, value 0x00
OUT port 0x0020, size 1, value 0x0B  # pic_write
IN  port 0x0020, size 1, value 0x00
OUT port 0x0020, size 1, value 0x0B  # pic_write
IN  port 0x0020, size 1, value 0x00
OUT port 0x0020, size 1, value 0x0B  # pic_write
IN  port 0x0020, size 1, value 0x00
OUT port 0x0020, size 1, value 0x0B  # pic_write
IN  port 0x0020, size 1, value 0x00
OUT port 0x0020, size 1, value 0x0B  # pic_write
IN  port 0x0020, size 1, value 0x00
OUT port 0x0020, size 1, value 0x0B  # pic_write
IN  port 0x0020, size 1, value 0x00
OUT port 0x0020, size 1, value 0x0B  # pic_write
IN  port 0x0020, size 1, value 0x00
OUT port 0x0020, size 1, value 0x0B  # pic_write
IN  port 0x0020, size 1, value 0x00
OUT port 0x0020, size 1, value 0x0B  # pic_write
IN  port 0x0020, size 1, value 0x00
OUT port 0x0020, size 1, value 0x0B  # pic_write
IN  port 0x0020, size 1, value 0x00
OUT port 0x0020, size 1, value 0x0B  # pic_write
IN  port 0x0020, size 1, value 0x00
OUT port 0x0020, size 1, value 0x0B  # pic_write
IN  port 0x0020, size 1, value 0x00
OUT port 0x0020, size 1, value 0x0B  # pic_write
IN  port 0x0020, size 1, value 0x00
OUT port 0x0020, size 1, value 0x0B  # pic_write
IN  port 0x0020, size 1, value 0x00
OUT port 0x0020, size 1, value 0x0B  # pic_write
IN  port 0x0020, size 1, value 0x00
OUT port 0x0020, size 1, value 0x0B  # pic_write
IN  port 0x0020, size 1, value 0x00
OUT port 0x0020, size 1, value 0x0B  # pic_write
IN  port 0x0020, size 1, value 0x00
OUT port 0x0020, size 1, value 0x0B  # pic_write
IN  port 0x0020, size 1, value 0x00
OUT port 0x0020, size 1, value 0x0B  # pic_write
IN  port 0x0020, size 1, value 0x00
OUT port 0x0020, size 1, value 0x0B  # pic_write
IN  port 0x0020, size 1, value 0x00
OUT port 0x0020, size 1, value 0x0B  # pic_write
IN  port 0x0020, size 1, value 0x00
OUT port 0x0020, size 1, value 0x0B  # pic_write
IN  port 0x0020, size 1, value 0x00
OUT port 0x0020, size 1, value 0x0B  # pic_write
IN  port 0x0020, size 1, value 0x00
OUT port 0x0020, size 1, value 0x0B  # pic_write
IN  port 0x0020, size 1, value 0x00
OUT port 0x0020, size 1, value 0x0B  # pic_write
IN  port 0x0020, size 1, value 0x00
OUT port 0x0020, size 1, value 0x0B  # pic_write
IN  port 0x0020, size 1, value 0x00
OUT port 0x0020, size 1, value 0x0B  # pic_write
IN  port 0x0020, size 1, value 0x00
OUT port 0x0020, size 1, value 0x0B  # pic_write
IN  port 0x0020, size 1, value 0x00
OUT port 0x0020, size 1, value 0x0B  # pic_write
IN  port 0x0020, size 1, value 0x00
OUT port 0x0020, size 1, value 0x0B  # pic_write
IN  port 0x0020, size 1, value 0x00
OUT port 0x0020, size 1, value 0x0B  # pic_write
IN  port 0x0020, size 1, value 0x00
OUT port 0x0020, size 1, value 0x0B  # pic_write
IN  port 0x0020, size 1, value 0x00
OUT port 0x0020, size 1, value 0x0B  # pic_write
IN  port 0x0020, size 1, value 0x00
OUT port 0x0020, size 1, value 0x0B  # pic_write
IN  port 0x0020, size 1, value 0x00
OUT port 0x0020, size 1, value 0x0B  # pic_write
IN  port 0x0020, size 1, value 0x00
OUT port 0x0020, size 1, value 0x0B  # pic_write
IN  port 0x0020, size 1, value 0x00
OUT port 0x0020, size 1, value 0x0B  # pic_write
IN  port 0x0020, size 1, value 0x00
OUT port 0x0020, size 1, value 0x0B  # pic_write
IN  port 0x0020, size 1, value 0x00
OUT port 0x0020, size 1, value 0x0B  # pic_write
IN  port 0x0020, size 1, value 0x00
OUT port 0x0020, size 1, value 0x0B  # pic_write
IN  port 0x0020, size 1, value 0x00
OUT port 0x0020, size 1, value 0x0B  # pic_write
IN  port 0x0020, size 1, value 0x00
OUT port 0x0020, size 1, value 0x0B  # pic_write
IN  port 0x0020, size 1, value 0x00
OUT port 0x0020, size 1, value 0x0B  # pic_write
IN  port 0x0020, size 1, value 0x00
OUT port 0x0020, size 1, value 0x0B  # pic_write
IN  port 0x0020, size 1, value 0x00
OUT port 0x0020, size 1, value 0x0B  # pic_write
IN  port 0x0020, size 1, value 0x00
OUT port 0x0020, size 1, value 0x0B  # pic_write
IN  port 0x0020, size 1, value 0x00
OUT port 0x0020, size 1, value 0x0B  # pic_write
IN  port 0x0020, size 1, value 0x00
OUT port 0x0020, size 1, value 0x0B  # pic_write
IN  port 0x0020, size 1, value 0x00
OUT port 0x0020, size 1, value 0x0B  # pic_write
IN  port 0x0020, size 1, value 0x00
OUT port 0x0020, size 1, value 0x0B  # pic_write
IN  port 0x0020, size 1, value 0x00
OUT port 0x0020, size 1, value 0x0B  # pic_write
IN  port 0x0020, size 1, value 0x00
OUT port 0x0020, size 1, value 0x0B  # pic_write
IN  port 0x0020, size 1, value 0x00
OUT port 0x0020, size 1, value 0x0B  # pic_write
IN  port 0x0020, size 1, value 0x00
OUT port 0x0020, size 1, value 0x0B  # pic_write
IN  port 0x0020, size 1, value 0x00
OUT port 0x0020, size 1, value 0x0B  # pic_write
IN  port 0x0020, size 1, value 0x00
OUT port 0x0020, size 1, value 0x0B  # pic_write
IN  port 0x0020, size 1, value 0x00
OUT port 0x0020, size 1, value 0x0B  # pic_write
IN  port 0x0020, size 1, value 0x00
OUT port 0x0020, size 1, value 0x0B  # pic_write
IN  port 0x0020, size 1, value 0x00
OUT port 0x0020, size 1, value 0x0B  # pic_write
IN  port 0x0020, size 1, value 0x00
OUT port 0x0020, size 1, value 0x0B  # pic_write
IN  port 0x0020, size 1, value 0x00
OUT port 0x0020, size 1, value 0x0B  # pic_write
IN  port 0x0020, size 1, value 0x00
OUT port 0x0020, size 1, value 0x0B  # pic_write
IN  port 0x0020, size 1, value 0x00
OUT port 0x0020, size 1, value 0x0B  # pic_write
IN  port 0x0020, size 1, value 0x00
OUT port 0x0020, size 1, value 0x0B  # pic_write
IN  port 0x0020, size 1, value 0x00
OUT port 0x0020, size 1, value 0x0B  # pic_write
IN  port 0x0020, size 1, value 0x00
OUT port 0x0020, size 1, value 0x0B  # pic_write
IN  port 0x0020, size 1, value 0x00
OUT port 0x0020, size 1, value 0x0B  # pic_write
IN  port 0x0020, size 1, value 0x00
OUT port 0x0020, size 1, value 0x0B  # pic_write
IN  port 0x0020, size 1, value 0x00
OUT port 0x0020, size 1, value 0x0B  # pic_write
IN  port 0x0020, size 1, value 0x00
OUT port 0x0020, size 1, value 0x0B  # pic_write
IN  port 0x0020, size 1, value 0x00
OUT port 0x0020, size 1, value 0x0B  # pic_write
IN  port 0x0020, size 1, value 0x00
OUT port 0x0020, size 1, value 0x0B  # pic_write
IN  port 0x0020, size 1, value 0x00
OUT port 0x0020, size 1, value 0x0B  # pic_write
IN  port 0x0020, size 1, value 0x00
OUT port 0x0020, size 1, value 0x0B  # pic_write
IN  port 0x0020, size 1, value 0x00
OUT port 0x0020, size 1, value 0x0B  # pic_write
IN  port 0x0020, size 1, value 0x00
OUT port 0x0020, size 1, value 0x0B  # pic_write
IN  port 0x0020, size 1, value 0x00
OUT port 0x0020, size 1, value 0x0B  # pic_write
IN  port 0x0020, size 1, value 0x00
OUT port 0x0020, size 1, value 0x0B  # pic_write
IN  port 0x0020, size 1, value 0x00
OUT port 0x0020, size 1, value 0x0B  # pic_write
IN  port 0x0020, size 1, value 0x00
OUT port 0x0020, size 1, value 0x0B  # pic_write
IN  port 0x0020, size 1, value 0x00
OUT port 0x0020, size 1, value 0x0B  # pic_write
IN  port 0x0020, size 1, value 0x00
OUT port 0x0020, size 1, value 0x0B  # pic_write
IN  port 0x0020, size 1, value 0x00
OUT port 0x0020, size 1, value 0x0B  # pic_write
IN  port 0x0020, size 1, value 0x00
OUT port 0x0020, size 1, value 0x0B  # pic_write
IN  port 0x0020, size 1, value 0x00
OUT port 0x0020, size 1, value 0x0B  # pic_write
IN  port 0x0020, size 1, value 0x00
OUT port 0x0020, size 1, value 0x0B  # pic_write
IN  port 0x0020, size 1, value 0x00
OUT port 0x0020, size 1, value 0x0B  # pic_write
IN  port 0x0020, size 1, value 0x00
OUT port 0x0020, size 1, value 0x0B  # pic_write
IN  port 0x0020, size 1, value 0x00
OUT port 0x0020, size 1, value 0x0B  # pic_write
IN  port 0x0020, size 1, value 0x00
OUT port 0x0020, size 1, value 0x0B  # pic_write
IN  port 0x0020, size 1, value 0x00
OUT port 0x0020, size 1, value 0x0B  # pic_write
IN  port 0x0020, size 1, value 0x00
OUT port 0x0020, size 1, value 0x0B  # pic_write
IN  port 0x0020, size 1, value 0x00
OUT port 0x0020, size 1, value 0x0B  # pic_write
IN  port 0x0020, size 1, value 0x00
OUT port 0x0020, size 1, value 0x0B  # pic_write
IN  port 0x0020, size 1, value 0x00
OUT port 0x0020, size 1, value 0x0B  # pic_write
IN  port 0x0020, size 1, value 0x00
OUT port 0x0020, size 1, value 0x0B  # pic_write
IN  port 0x0020, size 1, value 0x00
OUT port 0x0020, size 1, value 0x0B  # pic_write
IN  port 0x0020, size 1, value 0x00
OUT port 0x0020, size 1, value 0x0B  # pic_write
IN  port 0x0020, size 1, value 0x00
OUT port 0x0020, size 1, value 0x0B  # pic_write
IN  port 0x0020, size 1, value 0x00
OUT port 0x0020, size 1, value 0x0B  # pic_write
IN  port 0x0020, size 1, value 0x00
OUT port 0x0020, size 1, value 0x0B  # pic_write
IN  port 0x0020, size 1, value 0x00
OUT port 0x0020, size 1, value 0x0B  # pic_write
IN  port 0x0020, size 1, value 0x00
OUT port 0x0020, size 1, value 0x0B  # pic_write
IN  port 0x0020, size 1, value 0x00
OUT port 0x0020, size 1, value 0x0B  # pic_write
IN  port 0x0020, size 1, value 0x00
OUT port 0x0020, size 1, value 0x0B  # pic_write
IN  port 0x0020, size 1, value 0x00
OUT port 0x0020, size 1, value 0x0B  # pic_write
IN  port 0x0020, size 1, value 0x00
OUT port 0x0020, size 1, value 0x0B  # pic_write
IN  port 0x0020, size 1, value 0x00
OUT port 0x0020, size 1, value 0x0B  # pic_write
IN  port 0x0020, size 1, value 0x00
OUT port 0x0020, size 1, value 0x0B  # pic_write
IN  port 0x0020, size 1, value 0x00
OUT port 0x0020, size 1, value 0x0B  # pic_write
IN  port 0x0020, size 1, value 0x00
OUT port 0x0020, size 1, value 0x0B  # pic_write
IN  port 0x0020, size 1, value 0x00
OUT port 0x0020, size 1, value 0x0B  # pic_write
IN  port 0x0020, size 1, value 0x00
OUT port 0x0020, size 1, value 0x0B  # pic_write
IN  port 0x0020, size 1, value 0x00
OUT port 0x0020, size 1, value 0x0B  # pic_write
IN  port 0x0020, size 1, value 0x00
OUT port 0x0020, size 1, value 0x0B  # pic_write
IN  port 0x0020, size 1, value 0x00
OUT port 0x0020, size 1, value 0x0B  # pic_write
IN  port 0x0020, size 1, value 0x00
OUT port 0x0020, size 1, value 0x0B  # pic_write
IN  port 0x0020, size 1, value 0x00
OUT port 0x0020, size 1, value 0x0B  # pic_write
IN  port 0x0020, size 1, value 0x00
OUT port 0x0020, size 1, value 0x0B  # pic_write
IN  port 0x0020, size 1, value 0x00
OUT port 0x0020, size 1, value 0x0B  # pic_write
IN  port 0x0020, size 1, value 0x00
OUT port 0x0020, size 1, value 0x0B  # pic_write
IN  port 0x0020, size 1, value 0x00
OUT port 0x0020, size 1, value 0x0B  # pic_write
IN  port 0x0020, size 1, value 0x00
OUT port 0x0020, size 1, value 0x0B  # pic_write
IN  port 0x0020, size 1, value 0x00
OUT port 0x0020, size 1, value 0x0B  # pic_write
IN  port 0x0020, size 1, value 0x00
OUT port 0x0020, size 1, value 0x0B  # pic_write
IN  port 0x0020, size 1, value 0x00
OUT port 0x0020, size 1, value 0x0B  # pic_write
IN  port 0x0020, size 1, value 0x00
OUT port 0x0020, size 1, value 0x0B  # pic_write
IN  port 0x0020, size 1, value 0x00
OUT port 0x0020, size 1, value 0x0B  # pic_write
IN  port 0x0020, size 1, value 0x00
OUT port 0x0020, size 1, value 0x0B  # pic_write
IN  port 0x0020, size 1, value 0x00
OUT port 0x0020, size 1, value 0x0B  # pic_write
IN  port 0x0020, size 1, value 0x00
OUT port 0x0020, size 1, value 0x0B  # pic_write
IN  port 0x0020, size 1, value 0x00
OUT port 0x0020, size 1, value 0x0B  # pic_write
IN  port 0x0020, size 1, value 0x00
OUT port 0x0020, size 1, value 0x0B  # pic_write
IN  port 0x0020, size 1, value 0x00
OUT port 0x0020, size 1, value 0x0B  # pic_write
IN  port 0x0020, size 1, value 0x00
OUT port 0x0020, size 1, value 0x0B  # pic_write
IN  port 0x0020, size 1, value 0x00
OUT port 0x0020, size 1, value 0x0B  # pic_write
IN  port 0x0020, size 1, value 0x00
OUT port 0x0020, size 1, value 0x0B  # pic_write
IN  port 0x0020, size 1, value 0x00
OUT port 0x0020, size 1, value 0x0B  # pic_write
IN  port 0x0020, size 1, value 0x00
OUT port 0x0020, size 1, value 0x0B  # pic_write
IN  port 0x0020, size 1, value 0x00
OUT port 0x0020, size 1, value 0x0B  # pic_write
IN  port 0x0020, size 1, value 0x00
OUT port 0x0020, size 1, value 0x0B  # pic_write
IN  port 0x0020, size 1, value 0x00
OUT port 0x0020, size 1, value 0x0B  # pic_write
IN  port 0x0020, size 1, value 0x00
OUT port 0x0020, size 1, value 0x0B  # pic_write
IN  port 0x0020, size 1, value 0x00
OUT port 0x0020, size 1, value 0x0B  # pic_write
IN  port 0x0020, size 1, value 0x00
OUT port 0x0020, size 1, value 0x0B  # pic_write
IN  port 0x0020, size 1, value 0x00
OUT port 0x0020, size 1, value 0x0B  # pic_write
IN  port 0x0020, size 1, value 0x00
OUT port 0x0020, size 1, value 0x0B  # pic_write
IN  port 0x0020, size 1, value 0x00
OUT port 0x0020, size 1, value 0x0B  # pic_write
IN  port 0x0020, size 1, value 0x00
OUT port 0x0020, size 1, value 0x0B  # pic_write
IN  port 0x0020, size 1, value 0x00
OUT port 0x0020, size 1, value 0x0B  # pic_write
IN  port 0x0020, size 1, value 0x00
OUT port 0x0020, size 1, value 0x0B  # pic_write
IN  port 0x0020, size 1, value 0x00
OUT port 0x0020, size 1, value 0x0B  # pic_write
IN  port 0x0020, size 1, value 0x00
OUT port 0x0020, size 1, value 0x0B  # pic_write
IN  port 0x0020, size 1, value 0x00
OUT port 0x0020, size 1, value 0x0B  # pic_write
IN  port 0x0020, size 1, value 0x00
OUT port 0x0020, size 1, value 0x0B  # pic_write
IN  port 0x0020, size 1, value 0x00
OUT port 0x0020, size 1, value 0x0B  # pic_write
IN  port 0x0020, size 1, value 0x00
OUT port 0x0020, size 1, value 0x0B  # pic_write
IN  port 0x0020, size 1, value 0x00
OUT port 0x0020, size 1, value 0x0B  # pic_write
IN  port 0x0020, size 1, value 0x00
OUT port 0x0020, size 1, value 0x0B  # pic_write
IN  port 0x0020, size 1, value 0x00
OUT port 0x0020, size 1, value 0x0B  # pic_write
IN  port 0x0020, size 1, value 0x00
OUT port 0x0020, size 1, value 0x0B  # pic_write
IN  port 0x0020, size 1, value 0x00
OUT port 0x0020, size 1, value 0x0B  # pic_write
IN  port 0x0020, size 1, value 0x00
OUT port 0x0020, size 1, value 0x0B  # pic_write
IN  port 0x0020, size 1, value 0x00
OUT port 0x0020, size 1, value 0x0B  # pic_write
IN  port 0x0020, size 1, value 0x00
OUT port 0x0020, size 1, value 0x0B  # pic_write
IN  port 0x0020, size 1, value 0x00
OUT port 0x0020, size 1, value 0x0B  # pic_write
IN  port 0x0020, size 1, value 0x00
OUT port 0x0020, size 1, value 0x0B  # pic_write
IN  port 0x0020, size 1, value 0x00
OUT port 0x0020, size 1, value 0x0B  # pic_write
IN  port 0x0020, size 1, value 0x00
OUT port 0x0020, size 1, value 0x0B  # pic_write
IN  port 0x0020, size 1, value 0x00
OUT port 0x0020, size 1, value 0x0B  # pic_write
IN  port 0x0020, size 1, value 0x00
OUT port 0x0020, size 1, value 0x0B  # pic_write
IN  port 0x0020, size 1, value 0x00
OUT port 0x0020, size 1, value 0x0B  # pic_write
IN  port 0x0020, size 1, value 0x00
OUT port 0x0020, size 1, value 0x0B  # pic_write
IN  port 0x0020, size 1, value 0x00
OUT port 0x0020, size 1, value 0x0B  # pic_write
IN  port 0x0020, size 1, value 0x00
OUT port 0x0020, size 1, value 0x0B  # pic_write
IN  port 0x0020, size 1, value 0x00
OUT port 0x0020, size 1, value 0x0B  # pic_write
IN  port 0x0020, size 1, value 0x00
OUT port 0x0020, size 1, value 0x0B  # pic_write
IN  port 0x0020, size 1, value 0x00
OUT port 0x0020, size 1, value 0x0B  # pic_write
IN  port 0x0020, size 1, value 0x00
OUT port 0x0020, size 1, value 0x0B  # pic_write
IN  port 0x0020, size 1, value 0x00
OUT port 0x0020, size 1, value 0x0B  # pic_write
IN  port 0x0020, size 1, value 0x00
OUT port 0x0020, size 1, value 0x0B  # pic_write
IN  port 0x0020, size 1, value 0x00
OUT port 0x0020, size 1, value 0x0B  # pic_write
IN  port 0x0020, size 1, value 0x00
OUT port 0x0020, size 1, value 0x0B  # pic_write
IN  port 0x0020, size 1, value 0x00
OUT port 0x0020, size 1, value 0x0B  # pic_write
IN  port 0x0020, size 1, value 0x00
OUT port 0x0020, size 1, value 0x0B  # pic_write
IN  port 0x0020, size 1, value 0x00
OUT port 0x0020, size 1, value 0x0B  # pic_write
IN  port 0x0020, size 1, value 0x00
OUT port 0x0020, size 1, value 0x0B  # pic_write
IN  port 0x0020, size 1, value 0x00
OUT port 0x0020, size 1, value 0x0B  # pic_write
IN  port 0x0020, size 1, value 0x00
OUT port 0x0020, size 1, value 0x0B  # pic_write
IN  port 0x0020, size 1, value 0x00
OUT port 0x0020, size 1, value 0x0B  # pic_write
IN  port 0x0020, size 1, value 0x00
OUT port 0x0020, size 1, value 0x0B  # pic_write
IN  port 0x0020, size 1, value 0x00
OUT port 0x0020, size 1, value 0x0B  # pic_write
IN  port 0x0020, size 1, value 0x00
OUT port 0x0020, size 1, value 0x0B  # pic_write
IN  port 0x0020, size 1, value 0x00
OUT port 0x0020, size 1, value 0x0B  # pic_write
IN  port 0x0020, size 1, value 0x00
OUT port 0x0020, size 1, value 0x0B  # pic_write
IN  port 0x0020, size 1, value 0x00
OUT port 0x0020, size 1, value 0x0B  # pic_write
IN  port 0x0020, size 1, value 0x00
OUT port 0x0020, size 1, value 0x0B  # pic_write
IN  port 0x0020, size 1, value 0x00
OUT port 0x0020, size 1, value 0x0B  # pic_write
IN  port 0x0020, size 1, value 0x00
OUT port 0x0020, size 1, value 0x0B  # pic_write
IN  port 0x0020, size 1, value 0x00
OUT port 0x0020, size 1, value 0x0B  # pic_write
IN  port 0x0020, size 1, value 0x00
OUT port 0x0020, size 1, value 0x0B  # pic_write
IN  port 0x0020, size 1, value 0x00
OUT port 0x0020, size 1, value 0x0B  # pic_write
IN  port 0x0020, size 1, value 0x00
OUT port 0x0020, size 1, value 0x0B  # pic_write
IN  port 0x0020, size 1, value 0x00
OUT port 0x0020, size 1, value 0x0B  # pic_write
IN  port 0x0020, size 1, value 0x00
OUT port 0x0020, size 1, value 0x0B  # pic_write
IN  port 0x0020, size 1, value 0x00
OUT port 0x0020, size 1, value 0x0B  # pic_write
IN  port 0x0020, size 1, value 0x00
OUT port 0x0020, size 1, value 0x0B  # pic_write
IN  port 0x0020, size 1, value 0x00
OUT port 0x0020, size 1, value 0x0B  # pic_write
IN  port 0x0020, size 1, value 0x00
OUT port 0x0020, size 1, value 0x0B  # pic_write
IN  port 0x0020, size 1, value 0x00
OUT port 0x0020, size 1, value 0x0B  # pic_write
IN  port 0x0020, size 1, value 0x00
OUT port 0x0020, size 1, value 0x0B  # pic_write
IN  port 0x0020, size 1, value 0x00
OUT port 0x0020, size 1, value 0x0B  # pic_write
IN  port 0x0020, size 1, value 0x00
OUT port 0x0020, size 1, value 0x0B  # pic_write
IN  port 0x0020, size 1, value 0x00
OUT port 0x0020, size 1, value 0x0B  # pic_write
IN  port 0x0020, size 1, value 0x00
OUT port 0x0020, size 1, value 0x0B  # pic_write
IN  port 0x0020, size 1, value 0x00
OUT port 0x0020, size 1, value 0x0B  # pic_write
IN  port 0x0020, size 1, value 0x00
OUT port 0x0020, size 1, value 0x0B  # pic_write
IN  port 0x0020, size 1, value 0x00
OUT port 0x0020, size 1, value 0x0B  # pic_write
IN  port 0x0020, size 1, value 0x00
OUT port 0x0020, size 1, value 0x0B  # pic_write
IN  port 0x0020, size 1, value 0x00
OUT port 0x0020, size 1, value 0x0B  # pic_write
IN  port 0x0020, size 1, value 0x00
OUT port 0x0020, size 1, value 0x0B  # pic_write
IN  port 0x0020, size 1, value 0x00
OUT port 0x0020, size 1, value 0x0B  # pic_write
IN  port 0x0020, size 1, value 0x00
OUT port 0x0020, size 1, value 0x0B  # pic_write
IN  port 0x0020, size 1, value 0x00
OUT port 0x0020, size 1, value 0x0B  # pic_write
IN  port 0x0020, size 1, value 0x00
OUT port 0x0020, size 1, value 0x0B  # pic_write
IN  port 0x0020, size 1, value 0x00
OUT port 0x0020, size 1, value 0x0B  # pic_write
IN  port 0x0020, size 1, value 0x00
OUT port 0x0020, size 1, value 0x0B  # pic_write
IN  port 0x0020, size 1, value 0x00
OUT port 0x0020, size 1, value 0x0B  # pic_write
IN  port 0x0020, size 1, value 0x00
OUT port 0x0020, size 1, value 0x0B  # pic_write
IN  port 0x0020, size 1, value 0x00
OUT port 0x0020, size 1, value 0x0B  # pic_write
IN  port 0x0020, size 1, value 0x00
OUT port 0x0020, size 1, value 0x0B  # pic_write
IN  port 0x0020, size 1, value 0x00
OUT port 0x0020, size 1, value 0x0B  # pic_write
IN  port 0x0020, size 1, value 0x00
OUT port 0x0020, size 1, value 0x0B  # pic_write
IN  port 0x0020, size 1, value 0x00
OUT port 0x0020, size 1, value 0x0B  # pic_write
IN  port 0x0020, size 1, value 0x00
OUT port 0x0020, size 1, value 0x0B  # pic_write
IN  port 0x0020, size 1, value 0x00
OUT port 0x0020, size 1, value 0x0B  # pic_write
IN  port 0x0020, size 1, value 0x00
OUT port 0x0020, size 1, value 0x0B  # pic_write
IN  port 0x0020, size 1, value 0x00
OUT port 0x0020, size 1, value 0x0B  # pic_write
IN  port 0x0020, size 1, value 0x00
OUT port 0x0020, size 1, value 0x0B  # pic_write
IN  port 0x0020, size 1, value 0x00
OUT port 0x0020, size 1, value 0x0B  # pic_write
IN  port 0x0020, size 1, value 0x00
OUT port 0x0020, size 1, value 0x0B  # pic_write
IN  port 0x0020, size 1, value 0x00
OUT port 0x0020, size 1, value 0x0B  # pic_write
IN  port 0x0020, size 1, value 0x00
OUT port 0x0020, size 1, value 0x0B  # pic_write
IN  port 0x0020, size 1, value 0x00
OUT port 0x0020, size 1, value 0x0B  # pic_write
IN  port 0x0020, size 1, value 0x00
OUT port 0x0020, size 1, value 0x0B  # pic_write
IN  port 0x0020, size 1, value 0x00
OUT port 0x0020, size 1, value 0x0B  # pic_write
IN  port 0x0020, size 1, value 0x00
OUT port 0x0020, size 1, value 0x0B  # pic_write
IN  port 0x0020, size 1, value 0x00
OUT port 0x0020, size 1, value 0x0B  # pic_write
IN  port 0x0020, size 1, value 0x00
OUT port 0x0020, size 1, value 0x0B  # pic_write
IN  port 0x0020, size 1, value 0x00
OUT port 0x0020, size 1, value 0x0B  # pic_write
IN  port 0x0020, size 1, value 0x00
OUT port 0x0020, size 1, value 0x0B  # pic_write
IN  port 0x0020, size 1, value 0x00
OUT port 0x0020, size 1, value 0x0B  # pic_write
IN  port 0x0020, size 1, value 0x00
OUT port 0x0020, size 1, value 0x0B  # pic_write
IN  port 0x0020, size 1, value 0x00
OUT port 0x0020, size 1, value 0x0B  # pic_write
IN  port 0x0020, size 1, value 0x00
OUT port 0x0020, size 1, value 0x0B  # pic_write
IN  port 0x0020, size 1, value 0x00
OUT port 0x0020, size 1, value 0x0B  # pic_write
IN  port 0x0020, size 1, value 0x00
OUT port 0x0020, size 1, value 0x0B  # pic_write
IN  port 0x0020, size 1, value 0x00
OUT port 0x0020, size 1, value 0x0B  # pic_write
IN  port 0x0020, size 1, value 0x00
OUT port 0x0020, size 1, value 0x0B  # pic_write
IN  port 0x0020, size 1, value 0x00
OUT port 0x0020, size 1, value 0x0B  # pic_write
IN  port 0x0020, size 1, value 0x00
OUT port 0x0020, size 1, value 0x0B  # pic_write
IN  port 0x0020, size 1, value 0x00
OUT port 0x0020, size 1, value 0x0B  # pic_write
IN  port 0x0020, size 1, value 0x00
OUT port 0x0020, size 1, value 0x0B  # pic_write
IN  port 0x0020, size 1, value 0x00
OUT port 0x0020, size 1, value 0x0B  # pic_write
IN  port 0x0020, size 1, value 0x00
OUT port 0x0020, size 1, value 0x0B  # pic_write
IN  port 0x0020, size 1, value 0x00
OUT port 0x0020, size 1, value 0x0B  # pic_write
IN  port 0x0020, size 1, value 0x00
OUT port 0x0020, size 1, value 0x0B  # pic_write
IN  port 0x0020, size 1, value 0x00
OUT port 0x0020, size 1, value 0x0B  # pic_write
IN  port 0x0020, size 1, value 0x00
OUT port 0x0020, size 1, value 0x0B  # pic_write
IN  port 0x0020, size 1, value 0x00
OUT port 0x0020, size 1, value 0x0B  # pic_write
IN  port 0x0020, size 1, value 0x00
OUT port 0x0020, size 1, value 0x0B  # pic_write
IN  port 0x0020, size 1, value 0x00
OUT port 0x0020, size 1, value 0x0B  # pic_write
IN  port 0x0020, size 1, value 0x00
OUT port 0x0020, size 1, value 0x0B  # pic_write
IN  port 0x0020, size 1, value 0x00
OUT port 0x0020, size 1, value 0x0B  # pic_write
IN  port 0x0020, size 1, value 0x00
OUT port 0x0020, size 1, value 0x0B  # pic_write
IN  port 0x0020, size 1, value 0x00
OUT port 0x0020, size 1, value 0x0B  # pic_write
IN  port 0x0020, size 1, value 0x00
OUT port 0x0020, size 1, value 0x0B  # pic_write
IN  port 0x0020, size 1, value 0x00
OUT port 0x0020, size 1, value 0x0B  # pic_write
IN  port 0x0020, size 1, value 0x00
OUT port 0x0020, size 1, value 0x0B  # pic_write
IN  port 0x0020, size 1, value 0x00
OUT port 0x0020, size 1, value 0x0B  # pic_write
IN  port 0x0020, size 1, value 0x00
OUT port 0x0020, size 1, value 0x0B  # pic_write
IN  port 0x0020, size 1, value 0x00
OUT port 0x0020, size 1, value 0x0B  # pic_write
IN  port 0x0020, size 1, value 0x00
OUT port 0x0020, size 1, value 0x0B  # pic_write
IN  port 0x0020, size 1, value 0x00
OUT port 0x0020, size 1, value 0x0B  # pic_write
IN  port 0x0020, size 1, value 0x00
OUT port 0x0020, size 1, value 0x0B  # pic_write
IN  port 0x0020, size 1, value 0x00
OUT port 0x0020, size 1, value 0x0B  # pic_write
IN  port 0x0020, size 1, value 0x00
OUT port 0x0020, size 1, value 0x0B  # pic_write
IN  port 0x0020, size 1, value 0x00
OUT port 0x0020, size 1, value 0x0B  # pic_write
IN  port 0x0020, size 1, value 0x00
OUT port 0x0020, size 1, value 0x0B  # pic_write
IN  port 0x0020, size 1, value 0x00
OUT port 0x0020, size 1, value 0x0B  # pic_write
IN  port 0x0020, size 1, value 0x00
OUT port 0x0020, size 1, value 0x0B  # pic_write
IN  port 0x0020, size 1, value 0x00
OUT port 0x0020, size 1, value 0x0B  # pic_write
IN  port 0x0020, size 1, value 0x00
OUT port 0x0020, size 1, value 0x0B  # pic_write
IN  port 0x0020, size 1, value 0x00
OUT port 0x0020, size 1, value 0x0B  # pic_write
IN  port 0x0020, size 1, value 0x00
OUT port 0x0020, size 1, value 0x0B  # pic_write
IN  port 0x0020, size 1, value 0x00
OUT port 0x0020, size 1, value 0x0B  # pic_write
IN  port 0x0020, size 1, value 0x00
OUT port 0x0020, size 1, value 0x0B  # pic_write
IN  port 0x0020, size 1, value 0x00
OUT port 0x0020, size 1, value 0x0B  # pic_write
IN  port 0x0020, size 1, value 0x00
OUT port 0x0020, size 1, value 0x0B  # pic_write
IN  port 0x0020, size 1, value 0x00
OUT port 0x0020, size 1, value 0x0B  # pic_write
IN  port 0x0020, size 1, value 0x00
OUT port 0x0020, size 1, value 0x0B  # pic_write
IN  port 0x0020, size 1, value 0x00
OUT port 0x0020, size 1, value 0x0B  # pic_write
IN  port 0x0020, size 1, value 0x00
OUT port 0x0020, size 1, value 0x0B  # pic_write
IN  port 0x0020, size 1, value 0x00
OUT port 0x0020, size 1, value 0x0B  # pic_write
IN  port 0x0020, size 1, value 0x00
OUT port 0x0020, size 1, value 0x0B  # pic_write
IN  port 0x0020, size 1, value 0x00
OUT port 0x0020, size 1, value 0x0B  # pic_write
IN  port 0x0020, size 1, value 0x00
OUT port 0x0020, size 1, value 0x0B  # pic_write
IN  port 0x0020, size 1, value 0x00
OUT port 0x0020, size 1, value 0x0B  # pic_write
IN  port 0x0020, size 1, value 0x00
OUT port 0x0020, size 1, value 0x0B  # pic_write
IN  port 0x0020, size 1, value 0x00
OUT port 0x0020, size 1, value 0x0B  # pic_write
IN  port 0x0020, size 1, value 0x00
OUT port 0x0020, size 1, value 0x0B  # pic_write
IN  port 0x0020, size 1, value 0x00
OUT port 0x0020, size 1, value 0x0B  # pic_write
IN  port 0x0020, size 1, value 0x00
OUT port 0x0020, size 1, value 0x0B  # pic_write
IN  port 0x0020, size 1, value 0x00
OUT port 0x0020, size 1, value 0x0B  # pic_write
IN  port 0x0020, size 1, value 0x00
OUT port 0x0020, size 1, value 0x0B  # pic_write
IN  port 0x0020, size 1, value 0x00
OUT port 0x0020, size 1, value 0x0B  # pic_write
IN  port 0x0020, size 1, value 0x00
OUT port 0x0020, size 1, value 0x0B  # pic_write
IN  port 0x0020, size 1, value 0x00
OUT port 0x0020, size 1, value 0x0B  # pic_write
IN  port 0x0020, size 1, value 0x00
OUT port 0x0020, size 1, value 0x0B  # pic_write
IN  port 0x0020, size 1, value 0x00
OUT port 0x0020, size 1, value 0x0B  # pic_write
IN  port 0x0020, size 1, value 0x00
OUT port 0x0020, size 1, value 0x0B  # pic_write
IN  port 0x0020, size 1, value 0x00
OUT port 0x0020, size 1, value 0x0B  # pic_write
IN  port 0x0020, size 1, value 0x00
OUT port 0x0020, size 1, value 0x0B  # pic_write
IN  port 0x0020, size 1, value 0x00
OUT port 0x0020, size 1, value 0x0B  # pic_write
IN  port 0x0020, size 1, value 0x00
OUT port 0x0020, size 1, value 0x0B  # pic_write
IN  port 0x0020, size 1, value 0x00
OUT port 0x0020, size 1, value 0x0B  # pic_write
IN  port 0x0020, size 1, value 0x00
OUT port 0x0020, size 1, value 0x0B  # pic_write
IN  port 0x0020, size 1, value 0x00
OUT port 0x0020, size 1, value 0x0B  # pic_write
IN  port 0x0020, size 1, value 0x00
OUT port 0x0020, size 1, value 0x0B  # pic_write
IN  port 0x0020, size 1, value 0x00
OUT port 0x0020, size 1, value 0x0B  # pic_write
IN  port 0x0020, size 1, value 0x00
OUT port 0x0020, size 1, value 0x0B  # pic_write
IN  port 0x0020, size 1, value 0x00
OUT port 0x0020, size 1, value 0x0B  # pic_write
IN  port 0x0020, size 1, value 0x00
OUT port 0x0020, size 1, value 0x0B  # pic_write
IN  port 0x0020, size 1, value 0x00
OUT port 0x0020, size 1, value 0x0B  # pic_write
IN  port 0x0020, size 1, value 0x00
OUT port 0x0020, size 1, value 0x0B  # pic_write
IN  port 0x0020, size 1, value 0x00
OUT port 0x0020, size 1, value 0x0B  # pic_write
IN  port 0x0020, size 1, value 0x00
OUT port 0x0020, size 1, value 0x0B  # pic_write
IN  port 0x0020, size 1, value 0x00
OUT port 0x0020, size 1, value 0x0B  # pic_write
IN  port 0x0020, size 1, value 0x00
OUT port 0x0020, size 1, value 0x0B  # pic_write
IN  port 0x0020, size 1, value 0x00
OUT port 0x0020, size 1, value 0x0B  # pic_write
IN  port 0x0020, size 1, value 0x00
OUT port 0x0020, size 1, value 0x0B  # pic_write
IN  port 0x0020, size 1, value 0x00
OUT port 0x0020, size 1, value 0x0B  # pic_write
IN  port 0x0020, size 1, value 0x00
OUT port 0x0020, size 1, value 0x0B  # pic_write
IN  port 0x0020, size 1, value 0x00
OUT port 0x0020, size 1, value 0x0B  # pic_write
IN  port 0x0020, size 1, value 0x00
OUT port 0x0020, size 1, value 0x0B  # pic_write
IN  port 0x0020, size 1, value 0x00
OUT port 0x0020, size 1, value 0x0B  # pic_write
IN  port 0x0020, size 1, value 0x00
OUT port 0x0020, size 1, value 0x0B  # pic_write
IN  port 0x0020, size 1, value 0x00
OUT port 0x0020, size 1, value 0x0B  # pic_write
IN  port 0x0020, size 1, value 0x00
OUT port 0x0020, size 1, value 0x0B  # pic_write
IN  port 0x0020, size 1, value 0x00
OUT port 0x0020, size 1, value 0x0B  # pic_write
IN  port 0x0020, size 1, value 0x00
OUT port 0x0020, size 1, value 0x0B  # pic_write
IN  port 0x0020, size 1, value 0x00
OUT port 0x0020, size 1, value 0x0B  # pic_write
IN  port 0x0020, size 1, value 0x00
OUT port 0x0020, size 1, value 0x0B  # pic_write
IN  port 0x0020, size 1, value 0x00
OUT port 0x0020, size 1, value 0x0B  # pic_write
IN  port 0x0020, size 1, value 0x00
OUT port 0x0020, size 1, value 0x0B  # pic_write
IN  port 0x0020, size 1, value 0x00
OUT port 0x0020, size 1, value 0x0B  # pic_write
IN  port 0x0020, size 1, value 0x00
OUT port 0x0020, size 1, value 0x0B  # pic_write
IN  port 0x0020, size 1, value 0x00
OUT port 0x0020, size 1, value 0x0B  # pic_write
IN  port 0x0020, size 1, value 0x00
OUT port 0x0020, size 1, value 0x0B  # pic_write
IN  port 0x0020, size 1, value 0x00
OUT port 0x0020, size 1, value 0x0B  # pic_write
IN  port 0x0020, size 1, value 0x00
OUT port 0x0020, size 1, value 0x0B  # pic_write
IN  port 0x0020, size 1, value 0x00
OUT port 0x0020, size 1, value 0x0B  # pic_write
IN  port 0x0020, size 1, value 0x00
OUT port 0x0020, size 1, value 0x0B  # pic_write
IN  port 0x0020, size 1, value 0x00
OUT port 0x0020, size 1, value 0x0B  # pic_write
IN  port 0x0020, size 1, value 0x00
OUT port 0x0020, size 1, value 0x0B  # pic_write
IN  port 0x0020, size 1, value 0x00
OUT port 0x0020, size 1, value 0x0B  # pic_write
IN  port 0x0020, size 1, value 0x00
OUT port 0x0020, size 1, value 0x0B  # pic_write
IN  port 0x0020, size 1, value 0x00
OUT port 0x0020, size 1, value 0x0B  # pic_write
IN  port 0x0020, size 1, value 0x00
OUT port 0x0020, size 1, value 0x0B  # pic_write
IN  port 0x0020, size 1, value 0x00
OUT port 0x0020, size 1, value 0x0B  # pic_write
IN  port 0x0020, size 1, value 0x00
OUT port 0x0020, size 1, value 0x0B  # pic_write
IN  port 0x0020, size 1, value 0x00
OUT port 0x0020, size 1, value 0x0B  # pic_write
IN  port 0x0020, size 1, value 0x00
OUT port 0x0020, size 1, value 0x0B  # pic_write
IN  port 0x0020, size 1, value 0x00
OUT port 0x0020, size 1, value 0x0B  # pic_write
IN  port 0x0020, size 1, value 0x00
OUT port 0x0020, size 1, value 0x0B  # pic_write
IN  port 0x0020, size 1, value 0x00
OUT port 0x0020, size 1, value 0x0B  # pic_write
IN  port 0x0020, size 1, value 0x00
OUT port 0x0020, size 1, value 0x0B  # pic_write
IN  port 0x0020, size 1, value 0x00
OUT port 0x0020, size 1, value 0x0B  # pic_write
IN  port 0x0020, size 1, value 0x00
OUT port 0x0020, size 1, value 0x0B  # pic_write
IN  port 0x0020, size 1, value 0x00
OUT port 0x0020, size 1, value 0x0B  # pic_write
IN  port 0x0020, size 1, value 0x00
OUT port 0x0020, size 1, value 0x0B  # pic_write
IN  port 0x0020, size 1, value 0x00
OUT port 0x0020, size 1, value 0x0B  # pic_write
IN  port 0x0020, size 1, value 0x00
OUT port 0x0020, size 1, value 0x0B  # pic_write
IN  port 0x0020, size 1, value 0x00
OUT port 0x0020, size 1, value 0x0B  # pic_write
IN  port 0x0020, size 1, value 0x00
OUT port 0x0020, size 1, value 0x0B  # pic_write
IN  port 0x0020, size 1, value 0x00
OUT port 0x0020, size 1, value 0x0B  # pic_write
IN  port 0x0020, size 1, value 0x00
OUT port 0x0020, size 1, value 0x0B  # pic_write
IN  port 0x0020, size 1, value 0x00
OUT port 0x0020, size 1, value 0x0B  # pic_write
IN  port 0x0020, size 1, value 0x00
OUT port 0x0020, size 1, value 0x0B  # pic_write
IN  port 0x0020, size 1, value 0x00
OUT port 0x0020, size 1, value 0x0B  # pic_write
IN  port 0x0020, size 1, value 0x00
OUT port 0x0020, size 1, value 0x0B  # pic_write
IN  port 0x0020, size 1, value 0x00
OUT port 0x0020, size 1, value 0x0B  # pic_write
IN  port 0x0020, size 1, value 0x00
OUT port 0x0020, size 1, value 0x0B  # pic_write
IN  port 0x0020, size 1, value 0x00
OUT port 0x0020, size 1, value 0x0B  # pic_write
IN  port 0x0020, size 1, value 0x00
OUT port 0x0020, size 1, value 0x0B  # pic_write
IN  port 0x0020, size 1, value 0x00
OUT port 0x0020, size 1, value 0x0B  # pic_write
IN  port 0x0020, size 1, value 0x00
OUT port 0x0020, size 1, value 0x0B  # pic_write
IN  port 0x0020, size 1, value 0x00
OUT port 0x0020, size 1, value 0x0B  # pic_write
IN  port 0x0020, size 1, value 0x00
OUT port 0x0020, size 1, value 0x0B  # pic_write
IN  port 0x0020, size 1, value 0x00
OUT port 0x0020, size 1, value 0x0B  # pic_write
IN  port 0x0020, size 1, value 0x00
OUT port 0x0020, size 1, value 0x0B  # pic_write
IN  port 0x0020, size 1, value 0x00
OUT port 0x0020, size 1, value 0x0B  # pic_write
IN  port 0x0020, size 1, value 0x00
OUT port 0x0020, size 1, value 0x0B  # pic_write
IN  port 0x0020, size 1, value 0x00
OUT port 0x0020, size 1, value 0x0B  # pic_write
IN  port 0x0020, size 1, value 0x00
OUT port 0x0020, size 1, value 0x0B  # pic_write
IN  port 0x0020, size 1, value 0x00
OUT port 0x0020, size 1, value 0x0B  # pic_write
IN  port 0x0020, size 1, value 0x00
OUT port 0x0020, size 1, value 0x0B  # pic_write
IN  port 0x0020, size 1, value 0x00
OUT port 0x0020, size 1, value 0x0B  # pic_write
IN  port 0x0020, size 1, value 0x00
OUT port 0x0020, size 1, value 0x0B  # pic_write
IN  port 0x0020, size 1, value 0x00
OUT port 0x0020, size 1, value 0x0B  # pic_write
IN  port 0x0020, size 1, value 0x00
OUT port 0x0020, size 1, value 0x0B  # pic_write
IN  port 0x0020, size 1, value 0x00
OUT port 0x0020, size 1, value 0x0B  # pic_write
IN  port 0x0020, size 1, value 0x00
OUT port 0x0020, size 1, value 0x0B  # pic_write
IN  port 0x0020, size 1, value 0x00
OUT port 0x0020, size 1, value 0x0B  # pic_write
IN  port 0x0020, size 1, value 0x00
OUT port 0x0020, size 1, value 0x0B  # pic_write
IN  port 0x0020, size 1, value 0x00
OUT port 0x0020, size 1, value 0x0B  # pic_write
IN  port 0x0020, size 1, value 0x00
OUT port 0x0020, size 1, value 0x0B  # pic_write
IN  port 0x0020, size 1, value 0x00
OUT port 0x0020, size 1, value 0x0B  # pic_write
IN  port 0x0020, size 1, value 0x00
OUT port 0x0020, size 1, value 0x0B  # pic_write
IN  port 0x0020, size 1, value 0x00
OUT port 0x0020, size 1, value 0x0B  # pic_write
IN  port 0x0020, size 1, value 0x00
OUT port 0x0020, size 1, value 0x0B  # pic_write
IN  port 0x0020, size 1, value 0x00
OUT port 0x0020, size 1, value 0x0B  # pic_write
IN  port 0x0020, size 1, value 0x00
OUT port 0x0020, size 1, value 0x0B  # pic_write
IN  port 0x0020, size 1, value 0x00
OUT port 0x0020, size 1, value 0x0B  # pic_write
IN  port 0x0020, size 1, value 0x00
OUT port 0x0020, size 1, value 0x0B  # pic_write
IN  port 0x0020, size 1, value 0x00
OUT port 0x0020, size 1, value 0x0B  # pic_write
IN  port 0x0020, size 1, value 0x00
OUT port 0x0020, size 1, value 0x0B  # pic_write
IN  port 0x0020, size 1, value 0x00
OUT port 0x0020, size 1, value 0x0B  # pic_write
IN  port 0x0020, size 1, value 0x00
OUT port 0x0020, size 1, value 0x0B  # pic_write
IN  port 0x0020, size 1, value 0x00
OUT port 0x0020, size 1, value 0x0B  # pic_write
IN  port 0x0020, size 1, value 0x00
OUT port 0x0020, size 1, value 0x0B  # pic_write
IN  port 0x0020, size 1, value 0x00
OUT port 0x0020, size 1, value 0x0B  # pic_write
IN  port 0x0020, size 1, value 0x00
OUT port 0x0020, size 1, value 0x0B  # pic_write
IN  port 0x0020, size 1, value 0x00
OUT port 0x0020, size 1, value 0x0B  # pic_write
IN  port 0x0020, size 1, value 0x00
OUT port 0x0020, size 1, value 0x0B  # pic_write
IN  port 0x0020, size 1, value 0x00
OUT port 0x0020, size 1, value 0x0B  # pic_write
IN  port 0x0020, size 1, value 0x00
OUT port 0x0020, size 1, value 0x0B  # pic_write
IN  port 0x0020, size 1, value 0x00
OUT port 0x0020, size 1, value 0x0B  # pic_write
IN  port 0x0020, size 1, value 0x00
OUT port 0x0020, size 1, value 0x0B  # pic_write
IN  port 0x0020, size 1, value 0x00
OUT port 0x0020, size 1, value 0x0B  # pic_write
IN  port 0x0020, size 1, value 0x00
OUT port 0x0020, size 1, value 0x0B  # pic_write
IN  port 0x0020, size 1, value 0x00
OUT port 0x0020, size 1, value 0x0B  # pic_write
IN  port 0x0020, size 1, value 0x00
OUT port 0x0020, size 1, value 0x0B  # pic_write
IN  port 0x0020, size 1, value 0x00
OUT port 0x0020, size 1, value 0x0B  # pic_write
IN  port 0x0020, size 1, value 0x00
OUT port 0x0020, size 1, value 0x0B  # pic_write
IN  port 0x0020, size 1, value 0x00
OUT port 0x0020, size 1, value 0x0B  # pic_write
IN  port 0x0020, size 1, value 0x00
OUT port 0x0020, size 1, value 0x0B  # pic_write
IN  port 0x0020, size 1, value 0x00
OUT port 0x0020, size 1, value 0x0B  # pic_write
IN  port 0x0020, size 1, value 0x00
OUT port 0x0020, size 1, value 0x0B  # pic_write
IN  port 0x0020, size 1, value 0x00
OUT port 0x0020, size 1, value 0x0B  # pic_write
IN  port 0x0020, size 1, value 0x00
OUT port 0x0020, size 1, value 0x0B  # pic_write
IN  port 0x0020, size 1, value 0x00
OUT port 0x0020, size 1, value 0x0B  # pic_write
IN  port 0x0020, size 1, value 0x00
OUT port 0x0020, size 1, value 0x0B  # pic_write
IN  port 0x0020, size 1, value 0x00
OUT port 0x0020, size 1, value 0x0B  # pic_write
IN  port 0x0020, size 1, value 0x00
OUT port 0x0020, size 1, value 0x0B  # pic_write
IN  port 0x0020, size 1, value 0x00
OUT port 0x0020, size 1, value 0x0B  # pic_write
IN  port 0x0020, size 1, value 0x00
OUT port 0x0020, size 1, value 0x0B  # pic_write
IN  port 0x0020, size 1, value 0x00
OUT port 0x0020, size 1, value 0x0B  # pic_write
IN  port 0x0020, size 1, value 0x00
OUT port 0x0020, size 1, value 0x0B  # pic_write
IN  port 0x0020, size 1, value 0x00
OUT port 0x0020, size 1, value 0x0B  # pic_write
IN  port 0x0020, size 1, value 0x00
OUT port 0x0020, size 1, value 0x0B  # pic_write
IN  port 0x0020, size 1, value 0x00
OUT port 0x0020, size 1, value 0x0B  # pic_write
IN  port 0x0020, size 1, value 0x00
OUT port 0x0020, size 1, value 0x0B  # pic_write
IN  port 0x0020, size 1, value 0x00
OUT port 0x0020, size 1, value 0x0B  # pic_write
IN  port 0x0020, size 1, value 0x00
OUT port 0x0020, size 1, value 0x0B  # pic_write
IN  port 0x0020, size 1, value 0x00
OUT port 0x0020, size 1, value 0x0B  # pic_write
IN  port 0x0020, size 1, value 0x00
OUT port 0x0020, size 1, value 0x0B  # pic_write
IN  port 0x0020, size 1, value 0x00
OUT port 0x0020, size 1, value 0x0B  # pic_write
IN  port 0x0020, size 1, value 0x00
OUT port 0x0020, size 1, value 0x0B  # pic_write
IN  port 0x0020, size 1, value 0x00
OUT port 0x0020, size 1, value 0x0B  # pic_write
IN  port 0x0020, size 1, value 0x00
OUT port 0x0020, size 1, value 0x0B  # pic_write
IN  port 0x0020, size 1, value 0x00
OUT port 0x0020, size 1, value 0x0B  # pic_write
IN  port 0x0020, size 1, value 0x00
OUT port 0x0020, size 1, value 0x0B  # pic_write
IN  port 0x0020, size 1, value 0x00
OUT port 0x0020, size 1, value 0x0B  # pic_write
IN  port 0x0020, size 1, value 0x00
OUT port 0x0020, size 1, value 0x0B  # pic_write
IN  port 0x0020, size 1, value 0x00
OUT port 0x0020, size 1, value 0x0B  # pic_write
IN  port 0x0020, size 1, value 0x00
OUT port 0x0020, size 1, value 0x0B  # pic_write
IN  port 0x0020, size 1, value 0x00
OUT port 0x0020, size 1, value 0x0B  # pic_write
IN  port 0x0020, size 1, value 0x00
OUT port 0x0020, size 1, value 0x0B  # pic_write
IN  port 0x0020, size 1, value 0x00
OUT port 0x0020, size 1, value 0x0B  # pic_write
IN  port 0x0020, size 1, value 0x00
OUT port 0x0020, size 1, value 0x0B  # pic_write
IN  port 0x0020, size 1, value 0x00
OUT port 0x0020, size 1, value 0x0B  # pic_write
IN  port 0x0020, size 1, value 0x00
OUT port 0x0020, size 1, value 0x0B  # pic_write
IN  port 0x0020, size 1, value 0x00
OUT port 0x0020, size 1, value 0x0B  # pic_write
IN  port 0x0020, size 1, value 0x00
OUT port 0x0020, size 1, value 0x0B  # pic_write
IN  port 0x0020, size 1, value 0x00
OUT port 0x0020, size 1, value 0x0B  # pic_write
IN  port 0x0020, size 1, value 0x00
OUT port 0x0020, size 1, value 0x0B  # pic_write
IN  port 0x0020, size 1, value 0x00
OUT port 0x0020, size 1, value 0x0B  # pic_write
IN  port 0x0020, size 1, value 0x00
OUT port 0x0020, size 1, value 0x0B  # pic_write
IN  port 0x0020, size 1, value 0x00
OUT port 0x0020, size 1, value 0x0B  # pic_write
IN  port 0x0020, size 1, value 0x00
OUT port 0x0020, size 1, value 0x0B  # pic_write
IN  port 0x0020, size 1, value 0x00
OUT port 0x0020, size 1, value 0x0B  # pic_write
IN  port 0x0020, size 1, value 0x00
OUT port 0x0020, size 1, value 0x0B  # pic_write
IN  port 0x0020, size 1, value 0x00
OUT port 0x0020, size 1, value 0x0B  # pic_write
IN  port 0x0020, size 1, value 0x00
OUT port 0x0020, size 1, value 0x0B  # pic_write
IN  port 0x0020, size 1, value 0x00
OUT port 0x0020, size 1, value 0x0B  # pic_write
IN  port 0x0020, size 1, value 0x00
OUT port 0x0020, size 1, value 0x0B  # pic_write
IN  port 0x0020, size 1, value 0x00
OUT port 0x0020, size 1, value 0x0B  # pic_write
IN  port 0x0020, size 1, value 0x00
OUT port 0x0020, size 1, value 0x0B  # pic_write
IN  port 0x0020, size 1, value 0x00
OUT port 0x0020, size 1, value 0x0B  # pic_write
IN  port 0x0020, size 1, value 0x00
OUT port 0x0020, size 1, value 0x0B  # pic_write
IN  port 0x0020, size 1, value 0x00
OUT port 0x0020, size 1, value 0x0B  # pic_write
IN  port 0x0020, size 1, value 0x00
OUT port 0x0020, size 1, value 0x0B  # pic_write
IN  port 0x0020, size 1, value 0x00
OUT port 0x0020, size 1, value 0x0B  # pic_write
IN  port 0x0020, size 1, value 0x00
OUT port 0x0020, size 1, value 0x0B  # pic_write
IN  port 0x0020, size 1, value 0x00
OUT port 0x0020, size 1, value 0x0B  # pic_write
IN  port 0x0020, size 1, value 0x00
OUT port 0x0020, size 1, value 0x0B  # pic_write
IN  port 0x0020, size 1, value 0x00
OUT port 0x0020, size 1, value 0x0B  # pic_write
IN  port 0x0020, size 1, value 0x00
OUT port 0x0020, size 1, value 0x0B  # pic_write
IN  port 0x0020, size 1, value 0x00
OUT port 0x0020, size 1, value 0x0B  # pic_write
IN  port 0x0020, size 1, value 0x00
OUT port 0x0020, size 1, value 0x0B  # pic_write
IN  port 0x0020, size 1, value 0x00
OUT port 0x0020, size 1, value 0x0B  # pic_write
IN  port 0x0020, size 1, value 0x00
OUT port 0x0020, size 1, value 0x0B  # pic_write
IN  port 0x0020, size 1, value 0x00
OUT port 0x0020, size 1, value 0x0B  # pic_write
IN  port 0x0020, size 1, value 0x00
OUT port 0x0020, size 1, value 0x0B  # pic_write
IN  port 0x0020, size 1, value 0x00
OUT port 0x0020, size 1, value 0x0B  # pic_write
IN  port 0x0020, size 1, value 0x00
OUT port 0x0020, size 1, value 0x0B  # pic_write
IN  port 0x0020, size 1, value 0x00
OUT port 0x0020, size 1, value 0x0B  # pic_write
IN  port 0x0020, size 1, value 0x00
OUT port 0x0020, size 1, value 0x0B  # pic_write
IN  port 0x0020, size 1, value 0x00
OUT port 0x0020, size 1, value 0x0B  # pic_write
IN  port 0x0020, size 1, value 0x00
OUT port 0x0020, size 1, value 0x0B  # pic_write
IN  port 0x0020, size 1, value 0x00
OUT port 0x0020, size 1, value 0x0B  # pic_write
IN  port 0x0020, size 1, value 0x00
OUT port 0x0020, size 1, value 0x0B  # pic_write
IN  port 0x0020, size 1, value 0x00
OUT port 0x0020, size 1, value 0x0B  # pic_write
IN  port 0x0020, size 1, value 0x00
OUT port 0x0020, size 1, value 0x0B  # pic_write
IN  port 0x0020, size 1, value 0x00
OUT port 0x0020, size 1, value 0x0B  # pic_write
IN  port 0x0020, size 1, value 0x00
OUT port 0x0020, size 1, value 0x0B  # pic_write
IN  port 0x0020, size 1, value 0x00
OUT port 0x0020, size 1, value 0x0B  # pic_write
IN  port 0x0020, size 1, value 0x00
OUT port 0x0020, size 1, value 0x0B  # pic_write
IN  port 0x0020, size 1, value 0x00
OUT port 0x0020, size 1, value 0x0B  # pic_write
IN  port 0x0020, size 1, value 0x00
OUT port 0x0020, size 1, value 0x0B  # pic_write
IN  port 0x0020, size 1, value 0x00
OUT port 0x0020, size 1, value 0x0B  # pic_write
IN  port 0x0020, size 1, value 0x00
OUT port 0x0020, size 1, value 0x0B  # pic_write
IN  port 0x0020, size 1, value 0x00
OUT port 0x0020, size 1, value 0x0B  # pic_write
IN  port 0x0020, size 1, value 0x00
OUT port 0x0020, size 1, value 0x0B  # pic_write
IN  port 0x0020, size 1, value 0x00
OUT port 0x0020, size 1, value 0x0B  # pic_write
IN  port 0x0020, size 1, value 0x00
OUT port 0x0020, size 1, value 0x0B  # pic_write
IN  port 0x0020, size 1, value 0x00
OUT port 0x0020, size 1, value 0x0B  # pic_write
IN  port 0x0020, size 1, value 0x00
OUT port 0x0020, size 1, value 0x0B  # pic_write
IN  port 0x0020, size 1, value 0x00
OUT port 0x0020, size 1, value 0x0B  # pic_write
IN  port 0x0020, size 1, value 0x00
OUT port 0x0020, size 1, value 0x0B  # pic_write
IN  port 0x0020, size 1, value 0x00
OUT port 0x0020, size 1, value 0x0B  # pic_write
IN  port 0x0020, size 1, value 0x00
OUT port 0x0020, size 1, value 0x0B  # pic_write
IN  port 0x0020, size 1, value 0x00
OUT port 0x0020, size 1, value 0x0B  # pic_write
IN  port 0x0020, size 1, value 0x00
OUT port 0x0020, size 1, value 0x0B  # pic_write
IN  port 0x0020, size 1, value 0x00
OUT port 0x0020, size 1, value 0x0B  # pic_write
IN  port 0x0020, size 1, value 0x00
OUT port 0x0020, size 1, value 0x0B  # pic_write
IN  port 0x0020, size 1, value 0x00
OUT port 0x0020, size 1, value 0x0B  # pic_write
IN  port 0x0020, size 1, value 0x00
OUT port 0x0020, size 1, value 0x0B  # pic_write
IN  port 0x0020, size 1, value 0x00
OUT port 0x0020, size 1, value 0x0B  # pic_write
IN  port 0x0020, size 1, value 0x00
OUT port 0x0020, size 1, value 0x0B  # pic_write
IN  port 0x0020, size 1, value 0x00
OUT port 0x0020, size 1, value 0x0B  # pic_write
IN  port 0x0020, size 1, value 0x00
OUT port 0x0020, size 1, value 0x0B  # pic_write
IN  port 0x0020, size 1, value 0x00
OUT port 0x0020, size 1, value 0x0B  # pic_write
IN  port 0x0020, size 1, value 0x00
OUT port 0x0020, size 1, value 0x0B  # pic_write
IN  port 0x0020, size 1, value 0x00
OUT port 0x0020, size 1, value 0x0B  # pic_write
IN  port 0x0020, size 1, value 0x00
OUT port 0x0020, size 1, value 0x0B  # pic_write
IN  port 0x0020, size 1, value 0x00
OUT port 0x0020, size 1, value 0x0B  # pic_write
IN  port 0x0020, size 1, value 0x00
OUT port 0x0020, size 1, value 0x0B  # pic_write
IN  port 0x0020, size 1, value 0x00
OUT port 0x0020, size 1, value 0x0B  # pic_write
IN  port 0x0020, size 1, value 0x00
OUT port 0x0020, size 1, value 0x0B  # pic_write
IN  port 0x0020, size 1, value 0x00
OUT port 0x0020, size 1, value 0x0B  # pic_write
IN  port 0x0020, size 1, value 0x00
OUT port 0x0020, size 1, value 0x0B  # pic_write
IN  port 0x0020, size 1, value 0x00
OUT port 0x0020, size 1, value 0x0B  # pic_write
IN  port 0x0020, size 1, value 0x00
OUT port 0x0020, size 1, value 0x0B  # pic_write
IN  port 0x0020, size 1, value 0x00
OUT port 0x0020, size 1, value 0x0B  # pic_write
IN  port 0x0020, size 1, value 0x00
OUT port 0x0020, size 1, value 0x0B  # pic_write
IN  port 0x0020, size 1, value 0x00
OUT port 0x0020, size 1, value 0x0B  # pic_write
IN  port 0x0020, size 1, value 0x00
OUT port 0x0020, size 1, value 0x0B  # pic_write
IN  port 0x0020, size 1, value 0x00
OUT port 0x0020, size 1, value 0x0B  # pic_write
IN  port 0x0020, size 1, value 0x00
OUT port 0x0020, size 1, value 0x0B  # pic_write
IN  port 0x0020, size 1, value 0x00
OUT port 0x0020, size 1, value 0x0B  # pic_write
IN  port 0x0020, size 1, value 0x00
OUT port 0x0020, size 1, value 0x0B  # pic_write
IN  port 0x0020, size 1, value 0x00
OUT port 0x0020, size 1, value 0x0B  # pic_write
IN  port 0x0020, size 1, value 0x00
OUT port 0x0020, size 1, value 0x0B  # pic_write
IN  port 0x0020, size 1, value 0x00
OUT port 0x0020, size 1, value 0x0B  # pic_write
IN  port 0x0020, size 1, value 0x00
OUT port 0x0020, size 1, value 0x0B  # pic_write
IN  port 0x0020, size 1, value 0x00
OUT port 0x0020, size 1, value 0x0B  # pic_write
IN  port 0x0020, size 1, value 0x00
OUT port 0x0020, size 1, value 0x0B  # pic_write
IN  port 0x0020, size 1, value 0x00
OUT port 0x0020, size 1, value 0x0B  # pic_write
IN  port 0x0020, size 1, value 0x00
OUT port 0x0020, size 1, value 0x0B  # pic_write
IN  port 0x0020, size 1, value 0x00
OUT port 0x0020, size 1, value 0x0B  # pic_write
IN  port 0x0020, size 1, value 0x00
OUT port 0x0020, size 1, value 0x0B  # pic_write
IN  port 0x0020, size 1, value 0x00
OUT port 0x0020, size 1, value 0x0B  # pic_write
IN  port 0x0020, size 1, value 0x00
OUT port 0x0020, size 1, value 0x0B  # pic_write
IN  port 0x0020, size 1, value 0x00
OUT port 0x0020, size 1, value 0x0B  # pic_write
IN  port 0x0020, size 1, value 0x00
OUT port 0x0020, size 1, value 0x0B  # pic_write
IN  port 0x0020, size 1, value 0x00
OUT port 0x0020, size 1, value 0x0B  # pic_write
IN  port 0x0020, size 1, value 0x00
OUT port 0x0020, size 1, value 0x0B  # pic_write
IN  port 0x0020, size 1, value 0x00
OUT port 0x0020, size 1, value 0x0B  # pic_write
IN  port 0x0020, size 1, value 0x00
OUT port 0x0020, size 1, value 0x0B  # pic_write
IN  port 0x0020, size 1, value 0x00
OUT port 0x0020, size 1, value 0x0B  # pic_write
IN  port 0x0020, size 1, value 0x00
OUT port 0x0020, size 1, value 0x0B  # pic_write
IN  port 0x0020, size 1, value 0x00
OUT port 0x0020, size 1, value 0x0B  # pic_write
IN  port 0x0020, size 1, value 0x00
OUT port 0x0020, size 1, value 0x0B  # pic_write
IN  port 0x0020, size 1, value 0x00
OUT port 0x0020, size 1, value 0x0B  # pic_write
IN  port 0x0020, size 1, value 0x00
OUT port 0x0020, size 1, value 0x0B  # pic_write
IN  port 0x0020, size 1, value 0x00
OUT port 0x0020, size 1, value 0x0B  # pic_write
IN  port 0x0020, size 1, value 0x00
OUT port 0x0020, size 1, value 0x0B  # pic_write
IN  port 0x0020, size 1, value 0x00
OUT port 0x0020, size 1, value 0x0B  # pic_write
IN  port 0x0020, size 1, value 0x00
OUT port 0x0020, size 1, value 0x0B  # pic_write
IN  port 0x0020, size 1, value 0x00
OUT port 0x0020, size 1, value 0x0B  # pic_write
IN  port 0x0020, size 1, value 0x00
OUT port 0x0020, size 1, value 0x0B  # pic_write
IN  port 0x0020, size 1, value 0x00
OUT port 0x0020, size 1, value 0x0B  # pic_write
IN  port 0x0020, size 1, value 0x00
OUT port 0x0020, size 1, value 0x0B  # pic_write
IN  port 0x0020, size 1, value 0x00
OUT port 0x0020, size 1, value 0x0B  # pic_write
IN  port 0x0020, size 1, value 0x00
OUT port 0x0020, size 1, value 0x0B  # pic_write
IN  port 0x0020, size 1, value 0x00
OUT port 0x0020, size 1, value 0x0B  # pic_write
IN  port 0x0020, size 1, value 0x00
OUT port 0x0020, size 1, value 0x0B  # pic_write
IN  port 0x0020, size 1, value 0x00
OUT port 0x0020, size 1, value 0x0B  # pic_write
IN  port 0x0020, size 1, value 0x00
OUT port 0x0020, size 1, value 0x0B  # pic_write
IN  port 0x0020, size 1, value 0x00
OUT port 0x0020, size 1, value 0x0B  # pic_write
IN  port 0x0020, size 1, value 0x00
OUT port 0x0020, size 1, value 0x0B  # pic_write
IN  port 0x0020, size 1, value 0x00
OUT port 0x0020, size 1, value 0x0B  # pic_write
IN  port 0x0020, size 1, value 0x00
OUT port 0x0020, size 1, value 0x0B  # pic_write
IN  port 0x0020, size 1, value 0x00
OUT port 0x0020, size 1, value 0x0B  # pic_write
IN  port 0x0020, size 1, value 0x00
OUT port 0x0020, size 1, value 0x0B  # pic_write
IN  port 0x0020, size 1, value 0x00
OUT port 0x0020, size 1, value 0x0B  # pic_write
IN  port 0x0020, size 1, value 0x00
OUT port 0x0020, size 1, value 0x0B  # pic_write
IN  port 0x0020, size 1, value 0x00
OUT port 0x0020, size 1, value 0x0B  # pic_write
IN  port 0x0020, size 1, value 0x00
OUT port 0x0020, size 1, value 0x0B  # pic_write
IN  port 0x0020, size 1, value 0x00
OUT port 0x0020, size 1, value 0x0B  # pic_write
IN  port 0x0020, size 1, value 0x00
OUT port 0x0020, size 1, value 0x0B  # pic_write
IN  port 0x0020, size 1, value 0x00
OUT port 0x0020, size 1, value 0x0B  # pic_write
IN  port 0x0020, size 1, value 0x00
OUT port 0x0020, size 1, value 0x0B  # pic_write
IN  port 0x0020, size 1, value 0x00
OUT port 0x0020, size 1, value 0x0B  # pic_write
IN  port 0x0020, size 1, value 0x00
OUT port 0x0020, size 1, value 0x0B  # pic_write
IN  port 0x0020, size 1, value 0x00
OUT port 0x0020, size 1, value 0x0B  # pic_write
IN  port 0x0020, size 1, value 0x00
OUT port 0x0020, size 1, value 0x0B  # pic_write
IN  port 0x0020, size 1, value 0x00
OUT port 0x0020, size 1, value 0x0B  # pic_write
IN  port 0x0020, size 1, value 0x00
OUT port 0x0020, size 1, value 0x0B  # pic_write
IN  port 0x0020, size 1, value 0x00
OUT port 0x0020, size 1, value 0x0B  # pic_write
IN  port 0x0020, size 1, value 0x00
OUT port 0x0020, size 1, value 0x0B  # pic_write
IN  port 0x0020, size 1, value 0x00
OUT port 0x0020, size 1, value 0x0B  # pic_write
IN  port 0x0020, size 1, value 0x00
OUT port 0x0020, size 1, value 0x0B  # pic_write
IN  port 0x0020, size 1, value 0x00
OUT port 0x0020, size 1, value 0x0B  # pic_write
IN  port 0x0020, size 1, value 0x00
OUT port 0x0020, size 1, value 0x0B  # pic_write
IN  port 0x0020, size 1, value 0x00
OUT port 0x0020, size 1, value 0x0B  # pic_write
IN  port 0x0020, size 1, value 0x00
OUT port 0x0020, size 1, value 0x0B  # pic_write
IN  port 0x0020, size 1, value 0x00
OUT port 0x0020, size 1, value 0x0B  # pic_write
IN  port 0x0020, size 1, value 0x00
OUT port 0x0020, size 1, value 0x0B  # pic_write
IN  port 0x0020, size 1, value 0x00
OUT port 0x0020, size 1, value 0x0B  # pic_write
IN  port 0x0020, size 1, value 0x00
OUT port 0x0020, size 1, value 0x0B  # pic_write
IN  port 0x0020, size 1, value 0x00
OUT port 0x0020, size 1, value 0x0B  # pic_write
IN  port 0x0020, size 1, value 0x00
OUT port 0x0020, size 1, value 0x0B  # pic_write
IN  port 0x0020, size 1, value 0x00
OUT port 0x0020, size 1, value 0x0B  # pic_write
IN  port 0x0020, size 1, value 0x00
OUT port 0x0020, size 1, value 0x0B  # pic_write
IN  port 0x0020, size 1, value 0x00
OUT port 0x0020, size 1, value 0x0B  # pic_write
IN  port 0x0020, size 1, value 0x00
OUT port 0x0020, size 1, value 0x0B  # pic_write
IN  port 0x0020, size 1, value 0x00
OUT port 0x0020, size 1, value 0x0B  # pic_write
IN  port 0x0020, size 1, value 0x00
OUT port 0x0020, size 1, value 0x0B  # pic_write
IN  port 0x0020, size 1, value 0x00
OUT port 0x0020, size 1, value 0x0B  # pic_write
IN  port 0x0020, size 1, value 0x00
OUT port 0x0020, size 1, value 0x0B  # pic_write
IN  port 0x0020, size 1, value 0x00
OUT port 0x0020, size 1, value 0x0B  # pic_write
IN  port 0x0020, size 1, value 0x00
OUT port 0x0020, size 1, value 0x0B  # pic_write
IN  port 0x0020, size 1, value 0x00
OUT port 0x0020, size 1, value 0x0B  # pic_write
IN  port 0x0020, size 1, value 0x00
OUT port 0x0020, size 1, value 0x0B  # pic_write
IN  port 0x0020, size 1, value 0x00
OUT port 0x0020, size 1, value 0x0B  # pic_write
IN  port 0x0020, size 1, value 0x00
OUT port 0x0020, size 1, value 0x0B  # pic_write
IN  port 0x0020, size 1, value 0x00
OUT port 0x0020, size 1, value 0x0B  # pic_write
IN  port 0x0020, size 1, value 0x00
OUT port 0x0020, size 1, value 0x0B  # pic_write
IN  port 0x0020, size 1, value 0x00
OUT port 0x0020, size 1, value 0x0B  # pic_write
IN  port 0x0020, size 1, value 0x00
OUT port 0x0020, size 1, value 0x0B  # pic_write
IN  port 0x0020, size 1, value 0x00
OUT port 0x0020, size 1, value 0x0B  # pic_write
IN  port 0x0020, size 1, value 0x00
OUT port 0x0020, size 1, value 0x0B  # pic_write
IN  port 0x0020, size 1, value 0x00
OUT port 0x0020, size 1, value 0x0B  # pic_write
IN  port 0x0020, size 1, value 0x00
OUT port 0x0020, size 1, value 0x0B  # pic_write
IN  port 0x0020, size 1, value 0x00
OUT port 0x0020, size 1, value 0x0B  # pic_write
IN  port 0x0020, size 1, value 0x00
OUT port 0x0020, size 1, value 0x0B  # pic_write
IN  port 0x0020, size 1, value 0x00
OUT port 0x0020, size 1, value 0x0B  # pic_write
IN  port 0x0020, size 1, value 0x00
OUT port 0x0020, size 1, value 0x0B  # pic_write
IN  port 0x0020, size 1, value 0x00
OUT port 0x0020, size 1, value 0x0B  # pic_write
IN  port 0x0020, size 1, value 0x00
OUT port 0x0020, size 1, value 0x0B  # pic_write
IN  port 0x0020, size 1, value 0x00
OUT port 0x0020, size 1, value 0x0B  # pic_write
IN  port 0x0020, size 1, value 0x00
OUT port 0x0020, size 1, value 0x0B  # pic_write
IN  port 0x0020, size 1, value 0x00
OUT port 0x0020, size 1, value 0x0B  # pic_write
IN  port 0x0020, size 1, value 0x00
OUT port 0x0020, size 1, value 0x0B  # pic_write
IN  port 0x0020, size 1, value 0x00
OUT port 0x0020, size 1, value 0x0B  # pic_write
IN  port 0x0020, size 1, value 0x00
OUT port 0x0020, size 1, value 0x0B  # pic_write
IN  port 0x0020, size 1, value 0x00
OUT port 0x0020, size 1, value 0x0B  # pic_write
IN  port 0x0020, size 1, value 0x00
OUT port 0x0020, size 1, value 0x0B  # pic_write
IN  port 0x0020, size 1, value 0x00
OUT port 0x0020, size 1, value 0x0B  # pic_write
IN  port 0x0020, size 1, value 0x00
OUT port 0x0020, size 1, value 0x0B  # pic_write
IN  port 0x0020, size 1, value 0x00
OUT port 0x0020, size 1, value 0x0B  # pic_write
IN  port 0x0020, size 1, value 0x00
OUT port 0x0020, size 1, value 0x0B  # pic_write
IN  port 0x0020, size 1, value 0x00
OUT port 0x0020, size 1, value 0x0B  # pic_write
IN  port 0x0020, size 1, value 0x00
OUT port 0x0020, size 1, value 0x0B  # pic_write
IN  port 0x0020, size 1, value 0x00
OUT port 0x0020, size 1, value 0x0B  # pic_write
IN  port 0x0020, size 1, value 0x00
OUT port 0x0020, size 1, value 0x0B  # pic_write
IN  port 0x0020, size 1, value 0x00
OUT port 0x0020, size 1, value 0x0B  # pic_write
IN  port 0x0020, size 1, value 0x00
OUT port 0x0020, size 1, value 0x0B  # pic_write
IN  port 0x0020, size 1, value 0x00
OUT port 0x0020, size 1, value 0x0B  # pic_write
IN  port 0x0020, size 1, value 0x00
OUT port 0x0020, size 1, value 0x0B  # pic_write
IN  port 0x0020, size 1, value 0x00
OUT port 0x0020, size 1, value 0x0B  # pic_write
IN  port 0x0020, size 1, value 0x00
OUT port 0x0020, size 1, value 0x0B  # pic_write
IN  port 0x0020, size 1, value 0x00
OUT port 0x0020, size 1, value 0x0B  # pic_write
IN  port 0x0020, size 1, value 0x00
OUT port 0x0020, size 1, value 0x0B  # pic_write
IN  port 0x0020, size 1, value 0x00
OUT port 0x0020, size 1, value 0x0B  # pic_write
IN  port 0x0020, size 1, value 0x00
OUT port 0x0020, size 1, value 0x0B  # pic_write
IN  port 0x0020, size 1, value 0x00
OUT port 0x0020, size 1, value 0x0B  # pic_write
IN  port 0x0020, size 1, value 0x00
OUT port 0x0020, size 1, value 0x0B  # pic_write
IN  port 0x0020, size 1, value 0x00
OUT port 0x0020, size 1, value 0x0B  # pic_write
IN  port 0x0020, size 1, value 0x00
OUT port 0x0020, size 1, value 0x0B  # pic_write
IN  port 0x0020, size 1, value 0x00
OUT port 0x0020, size 1, value 0x0B  # pic_write
IN  port 0x0020, size 1, value 0x00
OUT port 0x0020, size 1, value 0x0B  # pic_write
IN  port 0x0020, size 1, value 0x00
OUT port 0x0020, size 1, value 0x0B  # pic_write
IN  port 0x0020, size 1, value 0x00
OUT port 0x0020, size 1, value 0x0B  # pic_write
IN  port 0x0020, size 1, value 0x00
OUT port 0x0020, size 1, value 0x0B  # pic_write
IN  port 0x0020, size 1, value 0x00
OUT port 0x0020, size 1, value 0x0B  # pic_write
IN  port 0x0020, size 1, value 0x00
OUT port 0x0020, size 1, value 0x0B  # pic_write
IN  port 0x0020, size 1, value 0x00
OUT port 0x0020, size 1, value 0x0B  # pic_write
IN  port 0x0020, size 1, value 0x00
OUT port 0x0020, size 1, value 0x0B  # pic_write
IN  port 0x0020, size 1, value 0x00
OUT port 0x0020, size 1, value 0x0B  # pic_write
IN  port 0x0020, size 1, value 0x00
OUT port 0x0020, size 1, value 0x0B  # pic_write
IN  port 0x0020, size 1, value 0x00
OUT port 0x0020, size 1, value 0x0B  # pic_write
IN  port 0x0020, size 1, value 0x00
OUT port 0x0020, size 1, value 0x0B  # pic_write
IN  port 0x0020, size 1, value 0x00
OUT port 0x0020, size 1, value 0x0B  # pic_write
IN  port 0x0020, size 1, value 0x00
OUT port 0x0020, size 1, value 0x0B  # pic_write
IN  port 0x0020, size 1, value 0x00
OUT port 0x0020, size 1, value 0x0B  # pic_write
IN  port 0x0020, size 1, value 0x00
OUT port 0x0020, size 1, value 0x0B  # pic_write
IN  port 0x0020, size 1, value 0x00
OUT port 0x0020, size 1, value 0x0B  # pic_write
IN  port 0x0020, size 1, value 0x00
OUT port 0x0020, size 1, value 0x0B  # pic_write
IN  port 0x0020, size 1, value 0x00
OUT port 0x0020, size 1, value 0x0B  # pic_write
IN  port 0x0020, size 1, value 0x00
OUT port 0x0020, size 1, value 0x0B  # pic_write
IN  port 0x0020, size 1, value 0x00
OUT port 0x0020, size 1, value 0x0B  # pic_write
IN  port 0x0020, size 1, value 0x00
OUT port 0x0020, size 1, value 0x0B  # pic_write
IN  port 0x0020, size 1, value 0x00
OUT port 0x0020, size 1, value 0x0B  # pic_write
IN  port 0x0020, size 1, value 0x00
OUT port 0x0020, size 1, value 0x0B  # pic_write
IN  port 0x0020, size 1, value 0x00
OUT port 0x0020, size 1, value 0x0B  # pic_write
IN  port 0x0020, size 1, value 0x00
OUT port 0x0020, size 1, value 0x0B  # pic_write
IN  port 0x0020, size 1, value 0x00
OUT port 0x0020, size 1, value 0x0B  # pic_write
IN  port 0x0020, size 1, value 0x00
OUT port 0x0020, size 1, value 0x0B  # pic_write
IN  port 0x0020, size 1, value 0x00
OUT port 0x0020, size 1, value 0x0B  # pic_write
IN  port 0x0020, size 1, value 0x00
OUT port 0x0020, size 1, value 0x0B  # pic_write
IN  port 0x0020, size 1, value 0x00
OUT port 0x0020, size 1, value 0x0B  # pic_write
IN  port 0x0020, size 1, value 0x00
OUT port 0x0020, size 1, value 0x0B  # pic_write
IN  port 0x0020, size 1, value 0x00
OUT port 0x0020, size 1, value 0x0B  # pic_write
IN  port 0x0020, size 1, value 0x00
OUT port 0x0020, size 1, value 0x0B  # pic_write
IN  port 0x0020, size 1, value 0x00
OUT port 0x0020, size 1, value 0x0B  # pic_write
IN  port 0x0020, size 1, value 0x00
OUT port 0x0020, size 1, value 0x0B  # pic_write
IN  port 0x0020, size 1, value 0x00
OUT port 0x0020, size 1, value 0x0B  # pic_write
IN  port 0x0020, size 1, value 0x00
OUT port 0x0020, size 1, value 0x0B  # pic_write
IN  port 0x0020, size 1, value 0x00
OUT port 0x0020, size 1, value 0x0B  # pic_write
IN  port 0x0020, size 1, value 0x00
OUT port 0x0020, size 1, value 0x0B  # pic_write
IN  port 0x0020, size 1, value 0x00
OUT port 0x0020, size 1, value 0x0B  # pic_write
IN  port 0x0020, size 1, value 0x00
OUT port 0x0020, size 1, value 0x0B  # pic_write
IN  port 0x0020, size 1, value 0x00
OUT port 0x0020, size 1, value 0x0B  # pic_write
IN  port 0x0020, size 1, value 0x00
OUT port 0x0020, size 1, value 0x0B  # pic_write
IN  port 0x0020, size 1, value 0x00
OUT port 0x0020, size 1, value 0x0B  # pic_write
IN  port 0x0020, size 1, value 0x00
OUT port 0x0020, size 1, value 0x0B  # pic_write
IN  port 0x0020, size 1, value 0x00
OUT port 0x0020, size 1, value 0x0B  # pic_write
IN  port 0x0020, size 1, value 0x00
OUT port 0x0020, size 1, value 0x0B  # pic_write
IN  port 0x0020, size 1, value 0x00
OUT port 0x0020, size 1, value 0x0B  # pic_write
IN  port 0x0020, size 1, value 0x00
OUT port 0x0020, size 1, value 0x0B  # pic_write
IN  port 0x0020, size 1, value 0x00
OUT port 0x0020, size 1, value 0x0B  # pic_write
IN  port 0x0020, size 1, value 0x00
OUT port 0x0020, size 1, value 0x0B  # pic_write
IN  port 0x0020, size 1, value 0x00
OUT port 0x0020, size 1, value 0x0B  # pic_write
IN  port 0x0020, size 1, value 0x00
OUT port 0x0020, size 1, value 0x0B  # pic_write
IN  port 0x0020, size 1, value 0x00
OUT port 0x0020, size 1, value 0x0B  # pic_write
IN  port 0x0020, size 1, value 0x00
OUT port 0x0020, size 1, value 0x0B  # pic_write
IN  port 0x0020, size 1, value 0x00
OUT port 0x0020, size 1, value 0x0B  # pic_write
IN  port 0x0020, size 1, value 0x00
OUT port 0x0020, size 1, value 0x0B  # pic_write
IN  port 0x0020, size 1, value 0x00
OUT port 0x0020, size 1, value 0x0B  # pic_write
IN  port 0x0020, size 1, value 0x00
OUT port 0x0020, size 1, value 0x0B  # pic_write
IN  port 0x0020, size 1, value 0x00
OUT port 0x0020, size 1, value 0x0B  # pic_write
IN  port 0x0020, size 1, value 0x00
OUT port 0x0020, size 1, value 0x0B  # pic_write
IN  port 0x0020, size 1, value 0x00
OUT port 0x0020, size 1, value 0x0B  # pic_write
IN  port 0x0020, size 1, value 0x00
OUT port 0x0020, size 1, value 0x0B  # pic_write
IN  port 0x0020, size 1, value 0x00
OUT port 0x0020, size 1, value 0x0B  # pic_write
IN  port 0x0020, size 1, value 0x00
OUT port 0x0020, size 1, value 0x0B  # pic_write
IN  port 0x0020, size 1, value 0x00
OUT port 0x0020, size 1, value 0x0B  # pic_write
IN  port 0x0020, size 1, value 0x00
OUT port 0x0020, size 1, value 0x0B  # pic_write
IN  port 0x0020, size 1, value 0x00
OUT port 0x0020, size 1, value 0x0B  # pic_write
IN  port 0x0020, size 1, value 0x00
OUT port 0x0020, size 1, value 0x0B  # pic_write
IN  port 0x0020, size 1, value 0x00
OUT port 0x0020, size 1, value 0x0B  # pic_write
IN  port 0x0020, size 1, value 0x00
OUT port 0x0020, size 1, value 0x0B  # pic_write
IN  port 0x0020, size 1, value 0x00
OUT port 0x0020, size 1, value 0x0B  # pic_write
IN  port 0x0020, size 1, value 0x00
OUT port 0x0020, size 1, value 0x0B  # pic_write
IN  port 0x0020, size 1, value 0x00
OUT port 0x0020, size 1, value 0x0B  # pic_write
IN  port 0x0020, size 1, value 0x00
OUT port 0x0020, size 1, value 0x0B  # pic_write
IN  port 0x0020, size 1, value 0x00
OUT port 0x0020, size 1, value 0x0B  # pic_write
IN  port 0x0020, size 1, value 0x00
OUT port 0x0020, size 1, value 0x0B  # pic_write
IN  port 0x0020, size 1, value 0x00
OUT port 0x0020, size 1, value 0x0B  # pic_write
IN  port 0x0020, size 1, value 0x00
OUT port 0x0020, size 1, value 0x0B  # pic_write
IN  port 0x0020, size 1, value 0x00
OUT port 0x0020, size 1, value 0x0B  # pic_write
IN  port 0x0020, size 1, value 0x00
OUT port 0x0020, size 1, value 0x0B  # pic_write
IN  port 0x0020, size 1, value 0x00
OUT port 0x0020, size 1, value 0x0B  # pic_write
IN  port 0x0020, size 1, value 0x00
OUT port 0x0020, size 1, value 0x0B  # pic_write
IN  port 0x0020, size 1, value 0x00
OUT port 0x0020, size 1, value 0x0B  # pic_write
IN  port 0x0020, size 1, value 0x00
OUT port 0x0020, size 1, value 0x0B  # pic_write
IN  port 0x0020, size 1, value 0x00
OUT port 0x0020, size 1, value 0x0B  # pic_write
IN  port 0x0020, size 1, value 0x00
OUT port 0x0020, size 1, value 0x0B  # pic_write
IN  port 0x0020, size 1, value 0x00
OUT port 0x0020, size 1, value 0x0B  # pic_write
IN  port 0x0020, size 1, value 0x00
OUT port 0x0020, size 1, value 0x0B  # pic_write
IN  port 0x0020, size 1, value 0x00
OUT port 0x0020, size 1, value 0x0B  # pic_write
IN  port 0x0020, size 1, value 0x00
OUT port 0x0020, size 1, value 0x0B  # pic_write
IN  port 0x0020, size 1, value 0x00
OUT port 0x0020, size 1, value 0x0B  # pic_write
IN  port 0x0020, size 1, value 0x00
OUT port 0x0020, size 1, value 0x0B  # pic_write
IN  port 0x0020, size 1, value 0x00
OUT port 0x0020, size 1, value 0x0B  # pic_write
IN  port 0x0020, size 1, value 0x00
OUT port 0x0020, size 1, value 0x0B  # pic_write
IN  port 0x0020, size 1, value 0x00
OUT port 0x0020, size 1, value 0x0B  # pic_write
IN  port 0x0020, size 1, value 0x00
OUT port 0x0020, size 1, value 0x0B  # pic_write
IN  port 0x0020, size 1, value 0x00
OUT port 0x0020, size 1, value 0x0B  # pic_write
IN  port 0x0020, size 1, value 0x00
OUT port 0x0020, size 1, value 0x0B  # pic_write
IN  port 0x0020, size 1, value 0x00
OUT port 0x0020, size 1, value 0x0B  # pic_write
IN  port 0x0020, size 1, value 0x00
OUT port 0x0020, size 1, value 0x0B  # pic_write
IN  port 0x0020, size 1, value 0x00
OUT port 0x0020, size 1, value 0x0B  # pic_write
IN  port 0x0020, size 1, value 0x00
OUT port 0x0020, size 1, value 0x0B  # pic_write
IN  port 0x0020, size 1, value 0x00
OUT port 0x0020, size 1, value 0x0B  # pic_write
IN  port 0x0020, size 1, value 0x00
OUT port 0x0020, size 1, value 0x0B  # pic_write
IN  port 0x0020, size 1, value 0x00
OUT port 0x0020, size 1, value 0x0B  # pic_write
IN  port 0x0020, size 1, value 0x00
OUT port 0x0020, size 1, value 0x0B  # pic_write
IN  port 0x0020, size 1, value 0x00
OUT port 0x0020, size 1, value 0x0B  # pic_write
IN  port 0x0020, size 1, value 0x00
OUT port 0x0020, size 1, value 0x0B  # pic_write
IN  port 0x0020, size 1, value 0x00
OUT port 0x0020, size 1, value 0x0B  # pic_write
IN  port 0x0020, size 1, value 0x00
OUT port 0x0020, size 1, value 0x0B  # pic_write
IN  port 0x0020, size 1, value 0x00
OUT port 0x0020, size 1, value 0x0B  # pic_write
IN  port 0x0020, size 1, value 0x00
OUT port 0x0020, size 1, value 0x0B  # pic_write
IN  port 0x0020, size 1, value 0x00
OUT port 0x0020, size 1, value 0x0B  # pic_write
IN  port 0x0020, size 1, value 0x00
OUT port 0x0020, size 1, value 0x0B  # pic_write
IN  port 0x0020, size 1, value 0x00
OUT port 0x0020, size 1, value 0x0B  # pic_write
IN  port 0x0020, size 1, value 0x00
OUT port 0x0020, size 1, value 0x0B  # pic_write
IN  port 0x0020, size 1, value 0x00
OUT port 0x0020, size 1, value 0x0B  # pic_write
IN  port 0x0020, size 1, value 0x00
OUT port 0x0020, size 1, value 0x0B  # pic_write
IN  port 0x0020, size 1, value 0x00
OUT port 0x0020, size 1, value 0x0B  # pic_write
IN  port 0x0020, size 1, value 0x00
OUT port 0x0020, size 1, value 0x0B  # pic_write
IN  port 0x0020, size 1, value 0x00
OUT port 0x0020, size 1, value 0x0B  # pic_write
IN  port 0x0020, size 1, value 0x00
OUT port 0x0020, size 1, value 0x0B  # pic_write
IN  port 0x0020, size 1, value 0x00
OUT port 0x0020, size 1, value 0x0B  # pic_write
IN  port 0x0020, size 1, value 0x00
OUT port 0x0020, size 1, value 0x0B  # pic_write
IN  port 0x0020, size 1, value 0x00
OUT port 0x0020, size 1, value 0x0B  # pic_write
IN  port 0x0020, size 1, value 0x00
OUT port 0x0020, size 1, value 0x0B  # pic_write
IN  port 0x0020, size 1, value 0x00
OUT port 0x0020, size 1, value 0x0B  # pic_write
IN  port 0x0020, size 1, value 0x00
OUT port 0x0020, size 1, value 0x0B  # pic_write
IN  port 0x0020, size 1, value 0x00
OUT port 0x0020, size 1, value 0x0B  # pic_write
IN  port 0x0020, size 1, value 0x00
OUT port 0x0020, size 1, value 0x0B  # pic_write
IN  port 0x0020, size 1, value 0x00
OUT port 0x0020, size 1, value 0x0B  # pic_write
IN  port 0x0020, size 1, value 0x00
OUT port 0x0020, size 1, value 0x0B  # pic_write
IN  port 0x0020, size 1, value 0x00
OUT port 0x0020, size 1, value 0x0B  # pic_write
IN  port 0x0020, size 1, value 0x00
OUT port 0x0020, size 1, value 0x0B  # pic_write
IN  port 0x0020, size 1, value 0x00
OUT port 0x0020, size 1, value 0x0B  # pic_write
IN  port 0x0020, size 1, value 0x00
OUT port 0x0020, size 1, value 0x0B  # pic_write
IN  port 0x0020, size 1, value 0x00
OUT port 0x0020, size 1, value 0x0B  # pic_write
IN  port 0x0020, size 1, value 0x00
OUT port 0x0020, size 1, value 0x0B  # pic_write
IN  port 0x0020, size 1, value 0x00
OUT port 0x0020, size 1, value 0x0B  # pic_write
IN  port 0x0020, size 1, value 0x00
OUT port 0x0020, size 1, value 0x0B  # pic_write
IN  port 0x0020, size 1, value 0x00
OUT port 0x0020, size 1, value 0x0B  # pic_write
IN  port 0x0020, size 1, value 0x00
OUT port 0x0020, size 1, value 0x0B  # pic_write
IN  port 0x0020, size 1, value 0x00
OUT port 0x0020, size 1, value 0x0B  # pic_write
IN  port 0x0020, size 1, value 0x00
OUT port 0x0020, size 1, value 0x0B  # pic_write
IN  port 0x0020, size 1, value 0x00
OUT port 0x0020, size 1, value 0x0B  # pic_write
IN  port 0x0020, size 1, value 0x00
OUT port 0x0020, size 1, value 0x0B  # pic_write
IN  port 0x0020, size 1, value 0x00
OUT port 0x0020, size 1, value 0x0B  # pic_write
IN  port 0x0020, size 1, value 0x00
OUT port 0x0020, size 1, value 0x0B  # pic_write
IN  port 0x0020, size 1, value 0x00
OUT port 0x0020, size 1, value 0x0B  # pic_write
IN  port 0x0020, size 1, value 0x00
OUT port 0x0020, size 1, value 0x0B  # pic_write
IN  port 0x0020, size 1, value 0x00
OUT port 0x0020, size 1, value 0x0B  # pic_write
IN  port 0x0020, size 1, value 0x00
OUT port 0x0020, size 1, value 0x0B  # pic_write
IN  port 0x0020, size 1, value 0x00
OUT port 0x0020, size 1, value 0x0B  # pic_write
IN  port 0x0020, size 1, value 0x00
OUT port 0x0020, size 1, value 0x0B  # pic_write
IN  port 0x0020, size 1, value 0x00
OUT port 0x0020, size 1, value 0x0B  # pic_write
IN  port 0x0020, size 1, value 0x00
OUT port 0x0020, size 1, value 0x0B  # pic_write
IN  port 0x0020, size 1, value 0x00
OUT port 0x0020, size 1, value 0x0B  # pic_write
IN  port 0x0020, size 1, value 0x00
OUT port 0x0020, size 1, value 0x0B  # pic_write
IN  port 0x0020, size 1, value 0x00
OUT port 0x0020, size 1, value 0x0B  # pic_write
IN  port 0x0020, size 1, value 0x00
OUT port 0x0020, size 1, value 0x0B  # pic_write
IN  port 0x0020, size 1, value 0x00
OUT port 0x0020, size 1, value 0x0B  # pic_write
IN  port 0x0020, size 1, value 0x00
OUT port 0x0020, size 1, value 0x0B  # pic_write
IN  port 0x0020, size 1, value 0x00
OUT port 0x0020, size 1, value 0x0B  # pic_write
IN  port 0x0020, size 1, value 0x00
OUT port 0x0020, size 1, value 0x0B  # pic_write
IN  port 0x0020, size 1, value 0x00
OUT port 0x0020, size 1, value 0x0B  # pic_write
IN  port 0x0020, size 1, value 0x00
OUT port 0x0020, size 1, value 0x0B  # pic_write
IN  port 0x0020, size 1, value 0x00
OUT port 0x0020, size 1, value 0x0B  # pic_write
IN  port 0x0020, size 1, value 0x00
OUT port 0x0020, size 1, value 0x0B  # pic_write
IN  port 0x0020, size 1, value 0x00
OUT port 0x0020, size 1, value 0x0B  # pic_write
IN  port 0x0020, size 1, value 0x00
OUT port 0x0020, size 1, value 0x0B  # pic_write
IN  port 0x0020, size 1, value 0x00
OUT port 0x0020, size 1, value 0x0B  # pic_write
IN  port 0x0020, size 1, value 0x00
OUT port 0x0020, size 1, value 0x0B  # pic_write
IN  port 0x0020, size 1, value 0x00
OUT port 0x0020, size 1, value 0x0B  # pic_write
IN  port 0x0020, size 1, value 0x00
OUT port 0x0020, size 1, value 0x0B  # pic_write
IN  port 0x0020, size 1, value 0x00
OUT port 0x0020, size 1, value 0x0B  # pic_write
IN  port 0x0020, size 1, value 0x00
OUT port 0x0020, size 1, value 0x0B  # pic_write
IN  port 0x0020, size 1, value 0x00
OUT port 0x0020, size 1, value 0x0B  # pic_write
IN  port 0x0020, size 1, value 0x00
OUT port 0x0020, size 1, value 0x0B  # pic_write
IN  port 0x0020, size 1, value 0x00
OUT port 0x0020, size 1, value 0x0B  # pic_write
IN  port 0x0020, size 1, value 0x00
OUT port 0x0020, size 1, value 0x0B  # pic_write
IN  port 0x0020, size 1, value 0x00
OUT port 0x0020, size 1, value 0x0B  # pic_write
IN  port 0x0020, size 1, value 0x00
OUT port 0x0020, size 1, value 0x0B  # pic_write
IN  port 0x0020, size 1, value 0x00
OUT port 0x0020, size 1, value 0x0B  # pic_write
IN  port 0x0020, size 1, value 0x00
OUT port 0x0020, size 1, value 0x0B  # pic_write
IN  port 0x0020, size 1, value 0x00
OUT port 0x0020, size 1, value 0x0B  # pic_write
IN  port 0x0020, size 1, value 0x00
OUT port 0x0020, size 1, value 0x0B  # pic_write
IN  port 0x0020, size 1, value 0x00
OUT port 0x0020, size 1, value 0x0B  # pic_write
IN  port 0x0020, size 1, value 0x00
OUT port 0x0020, size 1, value 0x0B  # pic_write
IN  port 0x0020, size 1, value 0x00
OUT port 0x0020, size 1, value 0x0B  # pic_write
IN  port 0x0020, size 1, value 0x00
OUT port 0x0020, size 1, value 0x0B  # pic_write
IN  port 0x0020, size 1, value 0x00
OUT port 0x0020, size 1, value 0x0B  # pic_write
IN  port 0x0020, size 1, value 0x00
OUT port 0x0020, size 1, value 0x0B  # pic_write
IN  port 0x0020, size 1, value 0x00
OUT port 0x0020, size 1, value 0x0B  # pic_write
IN  port 0x0020, size 1, value 0x00
OUT port 0x0020, size 1, value 0x0B  # pic_write
IN  port 0x0020, size 1, value 0x00
OUT port 0x0020, size 1, value 0x0B  # pic_write
IN  port 0x0020, size 1, value 0x00
OUT port 0x0020, size 1, value 0x0B  # pic_write
IN  port 0x0020, size 1, value 0x00
OUT port 0x0020, size 1, value 0x0B  # pic_write
IN  port 0x0020, size 1, value 0x00
OUT port 0x0020, size 1, value 0x0B  # pic_write
IN  port 0x0020, size 1, value 0x00
OUT port 0x0020, size 1, value 0x0B  # pic_write
IN  port 0x0020, size 1, value 0x00
OUT port 0x0020, size 1, value 0x0B  # pic_write
IN  port 0x0020, size 1, value 0x00
OUT port 0x0020, size 1, value 0x0B  # pic_write
IN  port 0x0020, size 1, value 0x00
OUT port 0x0020, size 1, value 0x0B  # pic_write
IN  port 0x0020, size 1, value 0x00
OUT port 0x0020, size 1, value 0x0B  # pic_write
IN  port 0x0020, size 1, value 0x00
OUT port 0x0020, size 1, value 0x0B  # pic_write
IN  port 0x0020, size 1, value 0x00
OUT port 0x0020, size 1, value 0x0B  # pic_write
IN  port 0x0020, size 1, value 0x00
OUT port 0x0020, size 1, value 0x0B  # pic_write
IN  port 0x0020, size 1, value 0x00
OUT port 0x0020, size 1, value 0x0B  # pic_write
IN  port 0x0020, size 1, value 0x00
OUT port 0x0020, size 1, value 0x0B  # pic_write
IN  port 0x0020, size 1, value 0x00
OUT port 0x0020, size 1, value 0x0B  # pic_write
IN  port 0x0020, size 1, value 0x00
OUT port 0x0020, size 1, value 0x0B  # pic_write
IN  port 0x0020, size 1, value 0x00
OUT port 0x0020, size 1, value 0x0B  # pic_write
IN  port 0x0020, size 1, value 0x00
OUT port 0x0020, size 1, value 0x0B  # pic_write
IN  port 0x0020, size 1, value 0x00
OUT port 0x0020, size 1, value 0x0B  # pic_write
IN  port 0x0020, size 1, value 0x00
OUT port 0x0020, size 1, value 0x0B  # pic_write
IN  port 0x0020, size 1, value 0x00
OUT port 0x0020, size 1, value 0x0B  # pic_write
IN  port 0x0020, size 1, value 0x00
OUT port 0x0020, size 1, value 0x0B  # pic_write
IN  port 0x0020, size 1, value 0x00
OUT port 0x0020, size 1, value 0x0B  # pic_write
IN  port 0x0020, size 1, value 0x00
OUT port 0x0020, size 1, value 0x0B  # pic_write
IN  port 0x0020, size 1, value 0x00
OUT port 0x0020, size 1, value 0x0B  # pic_write
IN  port 0x0020, size 1, value 0x00
OUT port 0x0020, size 1, value 0x0B  # pic_write
IN  port 0x0020, size 1, value 0x00
OUT port 0x0020, size 1, value 0x0B  # pic_write
IN  port 0x0020, size 1, value 0x00
OUT port 0x0020, size 1, value 0x0B  # pic_write
IN  port 0x0020, size 1, value 0x00
OUT port 0x0020, size 1, value 0x0B  # pic_write
IN  port 0x0020, size 1, value 0x00
OUT port 0x0020, size 1, value 0x0B  # pic_write
IN  port 0x0020, size 1, value 0x00
OUT port 0x0020, size 1, value 0x0B  # pic_write
IN  port 0x0020, size 1, value 0x00
OUT port 0x0020, size 1, value 0x0B  # pic_write
IN  port 0x0020, size 1, value 0x00
OUT port 0x0020, size 1, value 0x0B  # pic_write
IN  port 0x0020, size 1, value 0x00
OUT port 0x0020, size 1, value 0x0B  # pic_write
IN  port 0x0020, size 1, value 0x00
OUT port 0x0020, size 1, value 0x0B  # pic_write
IN  port 0x0020, size 1, value 0x00
OUT port 0x0020, size 1, value 0x0B  # pic_write
IN  port 0x0020, size 1, value 0x00
OUT port 0x0020, size 1, value 0x0B  # pic_write
IN  port 0x0020, size 1, value 0x00
OUT port 0x0020, size 1, value 0x0B  # pic_write
IN  port 0x0020, size 1, value 0x00
OUT port 0x0020, size 1, value 0x0B  # pic_write
IN  port 0x0020, size 1, value 0x00
OUT port 0x0020, size 1, value 0x0B  # pic_write
IN  port 0x0020, size 1, value 0x00
OUT port 0x0020, size 1, value 0x0B  # pic_write
IN  port 0x0020, size 1, value 0x00
OUT port 0x0020, size 1, value 0x0B  # pic_write
IN  port 0x0020, size 1, value 0x00
OUT port 0x0020, size 1, value 0x0B  # pic_write
IN  port 0x0020, size 1, value 0x00
OUT port 0x0020, size 1, value 0x0B  # pic_write
IN  port 0x0020, size 1, value 0x00
OUT port 0x0020, size 1, value 0x0B  # pic_write
IN  port 0x0020, size 1, value 0x00
OUT port 0x0020, size 1, value 0x0B  # pic_write
IN  port 0x0020, size 1, value 0x00
OUT port 0x0020, size 1, value 0x0B  # pic_write
IN  port 0x0020, size 1, value 0x00
OUT port 0x0020, size 1, value 0x0B  # pic_write
IN  port 0x0020, size 1, value 0x00
OUT port 0x0020, size 1, value 0x0B  # pic_write
IN  port 0x0020, size 1, value 0x00
OUT port 0x0020, size 1, value 0x0B  # pic_write
IN  port 0x0020, size 1, value 0x00
OUT port 0x0020, size 1, value 0x0B  # pic_write
IN  port 0x0020, size 1, value 0x00
OUT port 0x0020, size 1, value 0x0B  # pic_write
IN  port 0x0020, size 1, value 0x00
OUT port 0x0020, size 1, value 0x0B  # pic_write
IN  port 0x0020, size 1, value 0x00
OUT port 0x0020, size 1, value 0x0B  # pic_write
IN  port 0x0020, size 1, value 0x00
OUT port 0x0020, size 1, value 0x0B  # pic_write
IN  port 0x0020, size 1, value 0x00
OUT port 0x0020, size 1, value 0x0B  # pic_write
IN  port 0x0020, size 1, value 0x00
OUT port 0x0020, size 1, value 0x0B  # pic_write
IN  port 0x0020, size 1, value 0x00
OUT port 0x0020, size 1, value 0x0B  # pic_write
IN  port 0x0020, size 1, value 0x00
OUT port 0x0020, size 1, value 0x0B  # pic_write
IN  port 0x0020, size 1, value 0x00
OUT port 0x0020, size 1, value 0x0B  # pic_write
IN  port 0x0020, size 1, value 0x00
OUT port 0x0020, size 1, value 0x0B  # pic_write
IN  port 0x0020, size 1, value 0x00
OUT port 0x0020, size 1, value 0x0B  # pic_write
IN  port 0x0020, size 1, value 0x00
OUT port 0x0020, size 1, value 0x0B  # pic_write
IN  port 0x0020, size 1, value 0x00
OUT port 0x0020, size 1, value 0x0B  # pic_write
IN  port 0x0020, size 1, value 0x00
OUT port 0x0020, size 1, value 0x0B  # pic_write
IN  port 0x0020, size 1, value 0x00
OUT port 0x0020, size 1, value 0x0B  # pic_write
IN  port 0x0020, size 1, value 0x00
OUT port 0x0020, size 1, value 0x0B  # pic_write
IN  port 0x0020, size 1, value 0x00
OUT port 0x0020, size 1, value 0x0B  # pic_write
IN  port 0x0020, size 1, value 0x00
OUT port 0x0020, size 1, value 0x0B  # pic_write
IN  port 0x0020, size 1, value 0x00
OUT port 0x0020, size 1, value 0x0B  # pic_write
IN  port 0x0020, size 1, value 0x00
OUT port 0x0020, size 1, value 0x0B  # pic_write
IN  port 0x0020, size 1, value 0x00
OUT port 0x0020, size 1, value 0x0B  # pic_write
IN  port 0x0020, size 1, value 0x00
OUT port 0x0020, size 1, value 0x0B  # pic_write
IN  port 0x0020, size 1, value 0x00
OUT port 0x0020, size 1, value 0x0B  # pic_write
IN  port 0x0020, size 1, value 0x00
OUT port 0x0020, size 1, value 0x0B  # pic_write
IN  port 0x0020, size 1, value 0x00
OUT port 0x0020, size 1, value 0x0B  # pic_write
IN  port 0x0020, size 1, value 0x00
OUT port 0x0020, size 1, value 0x0B  # pic_write
IN  port 0x0020, size 1, value 0x00
OUT port 0x0020, size 1, value 0x0B  # pic_write
IN  port 0x0020, size 1, value 0x00
OUT port 0x0020, size 1, value 0x0B  # pic_write
IN  port 0x0020, size 1, value 0x00
OUT port 0x0020, size 1, value 0x0B  # pic_write
IN  port 0x0020, size 1, value 0x00
OUT port 0x0020, size 1, value 0x0B  # pic_write
IN  port 0x0020, size 1, value 0x00
OUT port 0x0020, size 1, value 0x0B  # pic_write
IN  port 0x0020, size 1, value 0x00
OUT port 0x0020, size 1, value 0x0B  # pic_write
IN  port 0x0020, size 1, value 0x00
OUT port 0x0020, size 1, value 0x0B  # pic_write
IN  port 0x0020, size 1, value 0x00
OUT port 0x0020, size 1, value 0x0B  # pic_write
IN  port 0x0020, size 1, value 0x00
OUT port 0x0020, size 1, value 0x0B  # pic_write
IN  port 0x0020, size 1, value 0x00
OUT port 0x0020, size 1, value 0x0B  # pic_write
IN  port 0x0020, size 1, value 0x00
OUT port 0x0020, size 1, value 0x0B  # pic_write
IN  port 0x0020, size 1, value 0x00
OUT port 0x0020, size 1, value 0x0B  # pic_write
IN  port 0x0020, size 1, value 0x00
OUT port 0x0020, size 1, value 0x0B  # pic_write
IN  port 0x0020, size 1, value 0x00
OUT port 0x0020, size 1, value 0x0B  # pic_write
IN  port 0x0020, size 1, value 0x00
OUT port 0x0020, size 1, value 0x0B  # pic_write
IN  port 0x0020, size 1, value 0x00
OUT port 0x0020, size 1, value 0x0B  # pic_write
IN  port 0x0020, size 1, value 0x00
OUT port 0x0020, size 1, value 0x0B  # pic_write
IN  port 0x0020, size 1, value 0x00
OUT port 0x0020, size 1, value 0x0B  # pic_write
IN  port 0x0020, size 1, value 0x00
OUT port 0x0020, size 1, value 0x0B  # pic_write
IN  port 0x0020, size 1, value 0x00
OUT port 0x0020, size 1, value 0x0B  # pic_write
IN  port 0x0020, size 1, value 0x00
OUT port 0x0020, size 1, value 0x0B  # pic_write
IN  port 0x0020, size 1, value 0x00
OUT port 0x0020, size 1, value 0x0B  # pic_write
IN  port 0x0020, size 1, value 0x00
OUT port 0x0020, size 1, value 0x0B  # pic_write
IN  port 0x0020, size 1, value 0x00
OUT port 0x0020, size 1, value 0x0B  # pic_write
IN  port 0x0020, size 1, value 0x00
OUT port 0x0020, size 1, value 0x0B  # pic_write
IN  port 0x0020, size 1, value 0x00
OUT port 0x0020, size 1, value 0x0B  # pic_write
IN  port 0x0020, size 1, value 0x00
OUT port 0x0020, size 1, value 0x0B  # pic_write
IN  port 0x0020, size 1, value 0x00
OUT port 0x0020, size 1, value 0x0B  # pic_write
IN  port 0x0020, size 1, value 0x00
OUT port 0x0020, size 1, value 0x0B  # pic_write
IN  port 0x0020, size 1, value 0x00
OUT port 0x0020, size 1, value 0x0B  # pic_write
IN  port 0x0020, size 1, value 0x00
OUT port 0x0020, size 1, value 0x0B  # pic_write
IN  port 0x0020, size 1, value 0x00
OUT port 0x0020, size 1, value 0x0B  # pic_write
IN  port 0x0020, size 1, value 0x00
OUT port 0x0020, size 1, value 0x0B  # pic_write
IN  port 0x0020, size 1, value 0x00
OUT port 0x0020, size 1, value 0x0B  # pic_write
IN  port 0x0020, size 1, value 0x00
OUT port 0x0020, size 1, value 0x0B  # pic_write
IN  port 0x0020, size 1, value 0x00
OUT port 0x0020, size 1, value 0x0B  # pic_write
IN  port 0x0020, size 1, value 0x00
OUT port 0x0020, size 1, value 0x0B  # pic_write
IN  port 0x0020, size 1, value 0x00
OUT port 0x0020, size 1, value 0x0B  # pic_write
IN  port 0x0020, size 1, value 0x00
OUT port 0x0020, size 1, value 0x0B  # pic_write
IN  port 0x0020, size 1, value 0x00
OUT port 0x0020, size 1, value 0x0B  # pic_write
IN  port 0x0020, size 1, value 0x00
OUT port 0x0020, size 1, value 0x0B  # pic_write
IN  port 0x0020, size 1, value 0x00
OUT port 0x0020, size 1, value 0x0B  # pic_write
IN  port 0x0020, size 1, value 0x00
OUT port 0x0020, size 1, value 0x0B  # pic_write
IN  port 0x0020, size 1, value 0x00
OUT port 0x0020, size 1, value 0x0B  # pic_write
IN  port 0x0020, size 1, value 0x00
OUT port 0x0020, size 1, value 0x0B  # pic_write
IN  port 0x0020, size 1, value 0x00
OUT port 0x0020, size 1, value 0x0B  # pic_write
IN  port 0x0020, size 1, value 0x00
OUT port 0x0020, size 1, value 0x0B  # pic_write
IN  port 0x0020, size 1, value 0x00
OUT port 0x0020, size 1, value 0x0B  # pic_write
IN  port 0x0020, size 1, value 0x00
OUT port 0x0020, size 1, value 0x0B  # pic_write
IN  port 0x0020, size 1, value 0x00
OUT port 0x0020, size 1, value 0x0B  # pic_write
IN  port 0x0020, size 1, value 0x00
OUT port 0x0020, size 1, value 0x0B  # pic_write
IN  port 0x0020, size 1, value 0x00
OUT port 0x0020, size 1, value 0x0B  # pic_write
IN  port 0x0020, size 1, value 0x00
OUT port 0x0020, size 1, value 0x0B  # pic_write
IN  port 0x0020, size 1, value 0x00
OUT port 0x0020, size 1, value 0x0B  # pic_write
IN  port 0x0020, size 1, value 0x00
OUT port 0x0020, size 1, value 0x0B  # pic_write
IN  port 0x0020, size 1, value 0x00
OUT port 0x0020, size 1, value 0x0B  # pic_write
IN  port 0x0020, size 1, value 0x00
OUT port 0x0020, size 1, value 0x0B  # pic_write
IN  port 0x0020, size 1, value 0x00
OUT port 0x0020, size 1, value 0x0B  # pic_write
IN  port 0x0020, size 1, value 0x00
OUT port 0x0020, size 1, value 0x0B  # pic_write
IN  port 0x0020, size 1, value 0x00
OUT port 0x0020, size 1, value 0x0B  # pic_write
IN  port 0x0020, size 1, value 0x00
OUT port 0x0020, size 1, value 0x0B  # pic_write
IN  port 0x0020, size 1, value 0x00
OUT port 0x0020, size 1, value 0x0B  # pic_write
IN  port 0x0020, size 1, value 0x00
OUT port 0x0020, size 1, value 0x0B  # pic_write
IN  port 0x0020, size 1, value 0x00
OUT port 0x0020, size 1, value 0x0B  # pic_write
IN  port 0x0020, size 1, value 0x00
OUT port 0x0020, size 1, value 0x0B  # pic_write
IN  port 0x0020, size 1, value 0x00
OUT port 0x0020, size 1, value 0x0B  # pic_write
IN  port 0x0020, size 1, value 0x00
OUT port 0x0020, size 1, value 0x0B  # pic_write
IN  port 0x0020, size 1, value 0x00
OUT port 0x0020, size 1, value 0x0B  # pic_write
IN  port 0x0020, size 1, value 0x00
OUT port 0x0020, size 1, value 0x0B  # pic_write
IN  port 0x0020, size 1, value 0x00
OUT port 0x0020, size 1, value 0x0B  # pic_write
IN  port 0x0020, size 1, value 0x00
OUT port 0x0020, size 1, value 0x0B  # pic_write
IN  port 0x0020, size 1, value 0x00
OUT port 0x0020, size 1, value 0x0B  # pic_write
IN  port 0x0020, size 1, value 0x00
OUT port 0x0020, size 1, value 0x0B  # pic_write
IN  port 0x0020, size 1, value 0x00
OUT port 0x0020, size 1, value 0x0B  # pic_write
IN  port 0x0020, size 1, value 0x00
OUT port 0x0020, size 1, value 0x0B  # pic_write
IN  port 0x0020, size 1, value 0x00
OUT port 0x0020, size 1, value 0x0B  # pic_write
IN  port 0x0020, size 1, value 0x00
OUT port 0x0020, size 1, value 0x0B  # pic_write
IN  port 0x0020, size 1, value 0x00
OUT port 0x0020, size 1, value 0x0B  # pic_write
IN  port 0x0020, size 1, value 0x00
OUT port 0x0020, size 1, value 0x0B  # pic_write
IN  port 0x0020, size 1, value 0x00
OUT port 0x0020, size 1, value 0x0B  # pic_write
IN  port 0x0020, size 1, value 0x00
OUT port 0x0020, size 1, value 0x0B  # pic_write
IN  port 0x0020, size 1, value 0x00
OUT port 0x0020, size 1, value 0x0B  # pic_write
IN  port 0x0020, size 1, value 0x00
OUT port 0x0020, size 1, value 0x0B  # pic_write
IN  port 0x0020, size 1, value 0x00
OUT port 0x0020, size 1, value 0x0B  # pic_write
IN  port 0x0020, size 1, value 0x00
OUT port 0x0020, size 1, value 0x0B  # pic_write
IN  port 0x0020, size 1, value 0x00
OUT port 0x0020, size 1, value 0x0B  # pic_write
IN  port 0x0020, size 1, value 0x00
OUT port 0x0020, size 1, value 0x0B  # pic_write
IN  port 0x0020, size 1, value 0x00
OUT port 0x0020, size 1, value 0x0B  # pic_write
IN  port 0x0020, size 1, value 0x00
OUT port 0x0020, size 1, value 0x0B  # pic_write
IN  port 0x0020, size 1, value 0x00
OUT port 0x0020, size 1, value 0x0B  # pic_write
IN  port 0x0020, size 1, value 0x00
OUT port 0x0020, size 1, value 0x0B  # pic_write
IN  port 0x0020, size 1, value 0x00
OUT port 0x0020, size 1, value 0x0B  # pic_write
IN  port 0x0020, size 1, value 0x00
OUT port 0x0020, size 1, value 0x0B  # pic_write
IN  port 0x0020, size 1, value 0x00
OUT port 0x0020, size 1, value 0x0B  # pic_write
IN  port 0x0020, size 1, value 0x00
OUT port 0x0020, size 1, value 0x0B  # pic_write
IN  port 0x0020, size 1, value 0x00
OUT port 0x0020, size 1, value 0x0B  # pic_write
IN  port 0x0020, size 1, value 0x00
OUT port 0x0020, size 1, value 0x0B  # pic_write
IN  port 0x0020, size 1, value 0x00
OUT port 0x0020, size 1, value 0x0B  # pic_write
IN  port 0x0020, size 1, value 0x00
OUT port 0x0020, size 1, value 0x0B  # pic_write
IN  port 0x0020, size 1, value 0x00
OUT port 0x0020, size 1, value 0x0B  # pic_write
IN  port 0x0020, size 1, value 0x00
OUT port 0x0020, size 1, value 0x0B  # pic_write
IN  port 0x0020, size 1, value 0x00
OUT port 0x0020, size 1, value 0x0B  # pic_write
IN  port 0x0020, size 1, value 0x00
OUT port 0x0020, size 1, value 0x0B  # pic_write
IN  port 0x0020, size 1, value 0x00
OUT port 0x0020, size 1, value 0x0B  # pic_write
IN  port 0x0020, size 1, value 0x00
OUT port 0x0020, size 1, value 0x0B  # pic_write
IN  port 0x0020, size 1, value 0x00
OUT port 0x0020, size 1, value 0x0B  # pic_write
IN  port 0x0020, size 1, value 0x00
OUT port 0x0020, size 1, value 0x0B  # pic_write
IN  port 0x0020, size 1, value 0x00
OUT port 0x0020, size 1, value 0x0B  # pic_write
IN  port 0x0020, size 1, value 0x00
OUT port 0x0020, size 1, value 0x0B  # pic_write
IN  port 0x0020, size 1, value 0x00
OUT port 0x0020, size 1, value 0x0B  # pic_write
IN  port 0x0020, size 1, value 0x00
OUT port 0x0020, size 1, value 0x0B  # pic_write
IN  port 0x0020, size 1, value 0x00
OUT port 0x0020, size 1, value 0x0B  # pic_write
IN  port 0x0020, size 1, value 0x00
OUT port 0x0020, size 1, value 0x0B  # pic_write
IN  port 0x0020, size 1, value 0x00
OUT port 0x0020, size 1, value 0x0B  # pic_write
IN  port 0x0020, size 1, value 0x00
OUT port 0x0020, size 1, value 0x0B  # pic_write
IN  port 0x0020, size 1, value 0x00
OUT port 0x0020, size 1, value 0x0B  # pic_write
IN  port 0x0020, size 1, value 0x00
OUT port 0x0020, size 1, value 0x0B  # pic_write
IN  port 0x0020, size 1, value 0x00
OUT port 0x0020, size 1, value 0x0B  # pic_write
IN  port 0x0020, size 1, value 0x00
OUT port 0x0020, size 1, value 0x0B  # pic_write
IN  port 0x0020, size 1, value 0x00
OUT port 0x0020, size 1, value 0x0B  # pic_write
IN  port 0x0020, size 1, value 0x00
OUT port 0x0020, size 1, value 0x0B  # pic_write
IN  port 0x0020, size 1, value 0x00
OUT port 0x0020, size 1, value 0x0B  # pic_write
IN  port 0x0020, size 1, value 0x00
OUT port 0x0020, size 1, value 0x0B  # pic_write
IN  port 0x0020, size 1, value 0x00
OUT port 0x0020, size 1, value 0x0B  # pic_write
IN  port 0x0020, size 1, value 0x00
OUT port 0x0020, size 1, value 0x0B  # pic_write
IN  port 0x0020, size 1, value 0x00
OUT port 0x0020, size 1, value 0x0B  # pic_write
IN  port 0x0020, size 1, value 0x00
OUT port 0x0020, size 1, value 0x0B  # pic_write
IN  port 0x0020, size 1, value 0x00
OUT port 0x0020, size 1, value 0x0B  # pic_write
IN  port 0x0020, size 1, value 0x00
OUT port 0x0020, size 1, value 0x0B  # pic_write
IN  port 0x0020, size 1, value 0x00
OUT port 0x0020, size 1, value 0x0B  # pic_write
IN  port 0x0020, size 1, value 0x00
OUT port 0x0020, size 1, value 0x0B  # pic_write
IN  port 0x0020, size 1, value 0x00
OUT port 0x0020, size 1, value 0x0B  # pic_write
IN  port 0x0020, size 1, value 0x00
OUT port 0x0020, size 1, value 0x0B  # pic_write
IN  port 0x0020, size 1, value 0x00
OUT port 0x0020, size 1, value 0x0B  # pic_write
IN  port 0x0020, size 1, value 0x00
OUT port 0x0020, size 1, value 0x0B  # pic_write
IN  port 0x0020, size 1, value 0x00
OUT port 0x0020, size 1, value 0x0B  # pic_write
IN  port 0x0020, size 1, value 0x00
OUT port 0x0020, size 1, value 0x0B  # pic_write
IN  port 0x0020, size 1, value 0x00
OUT port 0x0020, size 1, value 0x0B  # pic_write
IN  port 0x0020, size 1, value 0x00
OUT port 0x0020, size 1, value 0x0B  # pic_write
IN  port 0x0020, size 1, value 0x00
OUT port 0x0020, size 1, value 0x0B  # pic_write
IN  port 0x0020, size 1, value 0x00
OUT port 0x0020, size 1, value 0x0B  # pic_write
IN  port 0x0020, size 1, value 0x00
OUT port 0x0020, size 1, value 0x0B  # pic_write
IN  port 0x0020, size 1, value 0x00
OUT port 0x0020, size 1, value 0x0B  # pic_write
IN  port 0x0020, size 1, value 0x00
OUT port 0x0020, size 1, value 0x0B  # pic_write
IN  port 0x0020, size 1, value 0x00
OUT port 0x0020, size 1, value 0x0B  # pic_write
IN  port 0x0020, size 1, value 0x00
OUT port 0x0020, size 1, value 0x0B  # pic_write
IN  port 0x0020, size 1, value 0x00
OUT port 0x0020, size 1, value 0x0B  # pic_write
IN  port 0x0020, size 1, value 0x00
OUT port 0x0020, size 1, value 0x0B  # pic_write
IN  port 0x0020, size 1, value 0x00
OUT port 0x0020, size 1, value 0x0B  # pic_write
IN  port 0x0020, size 1, value 0x00
OUT port 0x0020, size 1, value 0x0B  # pic_write
IN  port 0x0020, size 1, value 0x00
OUT port 0x0020, size 1, value 0x0B  # pic_write
IN  port 0x0020, size 1, value 0x00
OUT port 0x0020, size 1, value 0x0B  # pic_write
IN  port 0x0020, size 1, value 0x00
OUT port 0x0020, size 1, value 0x0B  # pic_write
IN  port 0x0020, size 1, value 0x00
OUT port 0x0020, size 1, value 0x0B  # pic_write
IN  port 0x0020, size 1, value 0x00
OUT port 0x0020, size 1, value 0x0B  # pic_write
IN  port 0x0020, size 1, value 0x00
OUT port 0x0020, size 1, value 0x0B  # pic_write
IN  port 0x0020, size 1, value 0x00
OUT port 0x0020, size 1, value 0x0B  # pic_write
IN  port 0x0020, size 1, value 0x00
OUT port 0x0020, size 1, value 0x0B  # pic_write
IN  port 0x0020, size 1, value 0x00
OUT port 0x0020, size 1, value 0x0B  # pic_write
IN  port 0x0020, size 1, value 0x00
OUT port 0x0020, size 1, value 0x0B  # pic_write
IN  port 0x0020, size 1, value 0x00
OUT port 0x0020, size 1, value 0x0B  # pic_write
IN  port 0x0020, size 1, value 0x00
OUT port 0x0020, size 1, value 0x0B  # pic_write
IN  port 0x0020, size 1, value 0x00
OUT port 0x0020, size 1, value 0x0B  # pic_write
IN  port 0x0020, size 1, value 0x00
OUT port 0x0020, size 1, value 0x0B  # pic_write
IN  port 0x0020, size 1, value 0x00
OUT port 0x0020, size 1, value 0x0B  # pic_write
IN  port 0x0020, size 1, value 0x00
OUT port 0x0020, size 1, value 0x0B  # pic_write
IN  port 0x0020, size 1, value 0x00
OUT port 0x0020, size 1, value 0x0B  # pic_write
IN  port 0x0020, size 1, value 0x00
OUT port 0x0020, size 1, value 0x0B  # pic_write
IN  port 0x0020, size 1, value 0x00
OUT port 0x0020, size 1, value 0x0B  # pic_write
IN  port 0x0020, size 1, value 0x00
OUT port 0x0020, size 1, value 0x0B  # pic_write
IN  port 0x0020, size 1, value 0x00
OUT port 0x0020, size 1, value 0x0B  # pic_write
IN  port 0x0020, size 1, value 0x00
OUT port 0x0020, size 1, value 0x0B  # pic_write
IN  port 0x0020, size 1, value 0x00
OUT port 0x0020, size 1, value 0x0B  # pic_write
IN  port 0x0020, size 1, value 0x00
OUT port 0x0020, size 1, value 0x0B  # pic_write
IN  port 0x0020, size 1, value 0x00
OUT port 0x0020, size 1, value 0x0B  # pic_write
IN  port 0x0020, size 1, value 0x00
OUT port 0x0020, size 1, value 0x0B  # pic_write
IN  port 0x0020, size 1, value 0x00
OUT port 0x0020, size 1, value 0x0B  # pic_write
IN  port 0x0020, size 1, value 0x00
OUT port 0x0020, size 1, value 0x0B  # pic_write
IN  port 0x0020, size 1, value 0x00
OUT port 0x0020, size 1, value 0x0B  # pic_write
IN  port 0x0020, size 1, value 0x00
OUT port 0x0020, size 1, value 0x0B  # pic_write
IN  port 0x0020, size 1, value 0x00
OUT port 0x0020, size 1, value 0x0B  # pic_write
IN  port 0x0020, size 1, value 0x00
OUT port 0x0020, size 1, value 0x0B  # pic_write
IN  port 0x0020, size 1, value 0x00
OUT port 0x0020, size 1, value 0x0B  # pic_write
IN  port 0x0020, size 1, value 0x00
OUT port 0x0020, size 1, value 0x0B  # pic_write
IN  port 0x0020, size 1, value 0x00
OUT port 0x0020, size 1, value 0x0B  # pic_write
IN  port 0x0020, size 1, value 0x00
OUT port 0x0020, size 1, value 0x0B  # pic_write
IN  port 0x0020, size 1, value 0x00
OUT port 0x0020, size 1, value 0x0B  # pic_write
IN  port 0x0020, size 1, value 0x00
OUT port 0x0020, size 1, value 0x0B  # pic_write
IN  port 0x0020, size 1, value 0x00
OUT port 0x0020, size 1, value 0x0B  # pic_write
IN  port 0x0020, size 1, value 0x00
OUT port 0x0020, size 1, value 0x0B  # pic_write
IN  port 0x0020, size 1, value 0x00
OUT port 0x0020, size 1, value 0x0B  # pic_write
IN  port 0x0020, size 1, value 0x00
OUT port 0x0020, size 1, value 0x0B  # pic_write
IN  port 0x0020, size 1, value 0x00
OUT port 0x0020, size 1, value 0x0B  # pic_write
IN  port 0x0020, size 1, value 0x00
OUT port 0x0020, size 1, value 0x0B  # pic_write
IN  port 0x0020, size 1, value 0x00
OUT port 0x0020, size 1, value 0x0B  # pic_write
IN  port 0x0020, size 1, value 0x00
OUT port 0x0020, size 1, value 0x0B  # pic_write
IN  port 0x0020, size 1, value 0x00
OUT port 0x0020, size 1, value 0x0B  # pic_write
IN  port 0x0020, size 1, value 0x00
OUT port 0x0020, size 1, value 0x0B  # pic_write
IN  port 0x0020, size 1, value 0x00
OUT port 0x0020, size 1, value 0x0B  # pic_write
IN  port 0x0020, size 1, value 0x00
OUT port 0x0020, size 1, value 0x0B  # pic_write
IN  port 0x0020, size 1, value 0x00
OUT port 0x0020, size 1, value 0x0B  # pic_write
IN  port 0x0020, size 1, value 0x00
OUT port 0x0020, size 1, value 0x0B  # pic_write
IN  port 0x0020, size 1, value 0x00
OUT port 0x0020, size 1, value 0x0B  # pic_write
IN  port 0x0020, size 1, value 0x00
OUT port 0x0020, size 1, value 0x0B  # pic_write
IN  port 0x0020, size 1, value 0x00
OUT port 0x0020, size 1, value 0x0B  # pic_write
IN  port 0x0020, size 1, value 0x00
OUT port 0x0020, size 1, value 0x0B  # pic_write
IN  port 0x0020, size 1, value 0x00
OUT port 0x0020, size 1, value 0x0B  # pic_write
IN  port 0x0020, size 1, value 0x00
OUT port 0x0020, size 1, value 0x0B  # pic_write
IN  port 0x0020, size 1, value 0x00
OUT port 0x0020, size 1, value 0x0B  # pic_write
IN  port 0x0020, size 1, value 0x00
OUT port 0x0020, size 1, value 0x0B  # pic_write
IN  port 0x0020, size 1, value 0x00
OUT port 0x0020, size 1, value 0x0B  # pic_write
IN  port 0x0020, size 1, value 0x00
OUT port 0x0020, size 1, value 0x0B  # pic_write
IN  port 0x0020, size 1, value 0x00
OUT port 0x0020, size 1, value 0x0B  # pic_write
IN  port 0x0020, size 1, value 0x00
OUT port 0x0020, size 1, value 0x0B  # pic_write
IN  port 0x0020, size 1, value 0x00
OUT port 0x0020, size 1, value 0x0B  # pic_write
IN  port 0x0020, size 1, value 0x00
OUT port 0x0020, size 1, value 0x0B  # pic_write
IN  port 0x0020, size 1, value 0x00
OUT port 0x0020, size 1, value 0x0B  # pic_write
IN  port 0x0020, size 1, value 0x00
OUT port 0x0020, size 1, value 0x0B  # pic_write
IN  port 0x0020, size 1, value 0x00
OUT port 0x0020, size 1, value 0x0B  # pic_write
IN  port 0x0020, size 1, value 0x00
OUT port 0x0020, size 1, value 0x0B  # pic_write
IN  port 0x0020, size 1, value 0x00
OUT port 0x0020, size 1, value 0x0B  # pic_write
IN  port 0x0020, size 1, value 0x00
OUT port 0x0020, size 1, value 0x0B  # pic_write
IN  port 0x0020, size 1, value 0x00
OUT port 0x0020, size 1, value 0x0B  # pic_write
IN  port 0x0020, size 1, value 0x00
OUT port 0x0020, size 1, value 0x0B  # pic_write
IN  port 0x0020, size 1, value 0x00
OUT port 0x0020, size 1, value 0x0B  # pic_write
IN  port 0x0020, size 1, value 0x00
OUT port 0x0020, size 1, value 0x0B  # pic_write
IN  port 0x0020, size 1, value 0x00
OUT port 0x0020, size 1, value 0x0B  # pic_write
IN  port 0x0020, size 1, value 0x00
OUT port 0x0020, size 1, value 0x0B  # pic_write
IN  port 0x0020, size 1, value 0x00
OUT port 0x0020, size 1, value 0x0B  # pic_write
IN  port 0x0020, size 1, value 0x00
OUT port 0x0020, size 1, value 0x0B  # pic_write
IN  port 0x0020, size 1, value 0x00
OUT port 0x0020, size 1, value 0x0B  # pic_write
IN  port 0x0020, size 1, value 0x00
OUT port 0x0020, size 1, value 0x0B  # pic_write
IN  port 0x0020, size 1, value 0x00
OUT port 0x0020, size 1, value 0x0B  # pic_write
IN  port 0x0020, size 1, value 0x00
OUT port 0x0020, size 1, value 0x0B  # pic_write
IN  port 0x0020, size 1, value 0x00
OUT port 0x0020, size 1, value 0x0B  # pic_write
IN  port 0x0020, size 1, value 0x00
OUT port 0x0020, size 1, value 0x0B  # pic_write
IN  port 0x0020, size 1, value 0x00
OUT port 0x0020, size 1, value 0x0B  # pic_write
IN  port 0x0020, size 1, value 0x00
OUT port 0x0020, size 1, value 0x0B  # pic_write
IN  port 0x0020, size 1, value 0x00
OUT port 0x0020, size 1, value 0x0B  # pic_write
IN  port 0x0020, size 1, value 0x00
OUT port 0x0020, size 1, value 0x0B  # pic_write
IN  port 0x0020, size 1, value 0x00
OUT port 0x0020, size 1, value 0x0B  # pic_write
IN  port 0x0020, size 1, value 0x00
OUT port 0x0020, size 1, value 0x0B  # pic_write
IN  port 0x0020, size 1, value 0x00
OUT port 0x0020, size 1, value 0x0B  # pic_write
IN  port 0x0020, size 1, value 0x00
OUT port 0x0020, size 1, value 0x0B  # pic_write
IN  port 0x0020, size 1, value 0x00
OUT port 0x0020, size 1, value 0x0B  # pic_write
IN  port 0x0020, size 1, value 0x00
OUT port 0x0020, size 1, value 0x0B  # pic_write
IN  port 0x0020, size 1, value 0x00
OUT port 0x0020, size 1, value 0x0B  # pic_write
IN  port 0x0020, size 1, value 0x00
OUT port 0x0020, size 1, value 0x0B  # pic_write
IN  port 0x0020, size 1, value 0x00
OUT port 0x0020, size 1, value 0x0B  # pic_write
IN  port 0x0020, size 1, value 0x00
OUT port 0x0020, size 1, value 0x0B  # pic_write
IN  port 0x0020, size 1, value 0x00
OUT port 0x0020, size 1, value 0x0B  # pic_write
IN  port 0x0020, size 1, value 0x00
OUT port 0x0020, size 1, value 0x0B  # pic_write
IN  port 0x0020, size 1, value 0x00
OUT port 0x0020, size 1, value 0x0B  # pic_write
IN  port 0x0020, size 1, value 0x00
OUT port 0x0020, size 1, value 0x0B  # pic_write
IN  port 0x0020, size 1, value 0x00
OUT port 0x0020, size 1, value 0x0B  # pic_write
IN  port 0x0020, size 1, value 0x00
OUT port 0x0020, size 1, value 0x0B  # pic_write
IN  port 0x0020, size 1, value 0x00
OUT port 0x0020, size 1, value 0x0B  # pic_write
IN  port 0x0020, size 1, value 0x00
OUT port 0x0020, size 1, value 0x0B  # pic_write
IN  port 0x0020, size 1, value 0x00
OUT port 0x0020, size 1, value 0x0B  # pic_write
IN  port 0x0020, size 1, value 0x00
OUT port 0x0020, size 1, value 0x0B  # pic_write
IN  port 0x0020, size 1, value 0x00
OUT port 0x0020, size 1, value 0x0B  # pic_write
IN  port 0x0020, size 1, value 0x00
OUT port 0x0020, size 1, value 0x0B  # pic_write
IN  port 0x0020, size 1, value 0x00
OUT port 0x0020, size 1, value 0x0B  # pic_write
IN  port 0x0020, size 1, value 0x00
OUT port 0x0020, size 1, value 0x0B  # pic_write
IN  port 0x0020, size 1, value 0x00
OUT port 0x0020, size 1, value 0x0B  # pic_write
IN  port 0x0020, size 1, value 0x00
OUT port 0x0020, size 1, value 0x0B  # pic_write
IN  port 0x0020, size 1, value 0x00
OUT port 0x0020, size 1, value 0x0B  # pic_write
IN  port 0x0020, size 1, value 0x00
OUT port 0x0020, size 1, value 0x0B  # pic_write
IN  port 0x0020, size 1, value 0x00
OUT port 0x0020, size 1, value 0x0B  # pic_write
IN  port 0x0020, size 1, value 0x00
OUT port 0x0020, size 1, value 0x0B  # pic_write
IN  port 0x0020, size 1, value 0x00
OUT port 0x0020, size 1, value 0x0B  # pic_write
IN  port 0x0020, size 1, value 0x00
OUT port 0x0020, size 1, value 0x0B  # pic_write
IN  port 0x0020, size 1, value 0x00
OUT port 0x0020, size 1, value 0x0B  # pic_write
IN  port 0x0020, size 1, value 0x00
OUT port 0x0020, size 1, value 0x0B  # pic_write
IN  port 0x0020, size 1, value 0x00
OUT port 0x0020, size 1, value 0x0B  # pic_write
IN  port 0x0020, size 1, value 0x00
OUT port 0x0020, size 1, value 0x0B  # pic_write
IN  port 0x0020, size 1, value 0x00
OUT port 0x0020, size 1, value 0x0B  # pic_write
IN  port 0x0020, size 1, value 0x00
OUT port 0x0020, size 1, value 0x0B  # pic_write
IN  port 0x0020, size 1, value 0x00
OUT port 0x0020, size 1, value 0x0B  # pic_write
IN  port 0x0020, size 1, value 0x00
OUT port 0x0020, size 1, value 0x0B  # pic_write
IN  port 0x0020, size 1, value 0x00
OUT port 0x0020, size 1, value 0x0B  # pic_write
IN  port 0x0020, size 1, value 0x00
OUT port 0x0020, size 1, value 0x0B  # pic_write
IN  port 0x0020, size 1, value 0x00
OUT port 0x0020, size 1, value 0x0B  # pic_write
IN  port 0x0020, size 1, value 0x00
OUT port 0x0020, size 1, value 0x0B  # pic_write
IN  port 0x0020, size 1, value 0x00
OUT port 0x0020, size 1, value 0x0B  # pic_write
IN  port 0x0020, size 1, value 0x00
OUT port 0x0020, size 1, value 0x0B  # pic_write
IN  port 0x0020, size 1, value 0x00
OUT port 0x0020, size 1, value 0x0B  # pic_write
IN  port 0x0020, size 1, value 0x00
OUT port 0x0020, size 1, value 0x0B  # pic_write
IN  port 0x0020, size 1, value 0x00
OUT port 0x0020, size 1, value 0x0B  # pic_write
IN  port 0x0020, size 1, value 0x00
OUT port 0x0020, size 1, value 0x0B  # pic_write
IN  port 0x0020, size 1, value 0x00
OUT port 0x0020, size 1, value 0x0B  # pic_write
IN  port 0x0020, size 1, value 0x00
OUT port 0x0020, size 1, value 0x0B  # pic_write
IN  port 0x0020, size 1, value 0x00
OUT port 0x0020, size 1, value 0x0B  # pic_write
IN  port 0x0020, size 1, value 0x00
OUT port 0x0020, size 1, value 0x0B  # pic_write
IN  port 0x0020, size 1, value 0x00
OUT port 0x0020, size 1, value 0x0B  # pic_write
IN  port 0x0020, size 1, value 0x00
OUT port 0x0020, size 1, value 0x0B  # pic_write
IN  port 0x0020, size 1, value 0x00
OUT port 0x0020, size 1, value 0x0B  # pic_write
IN  port 0x0020, size 1, value 0x00
OUT port 0x0020, size 1, value 0x0B  # pic_write
IN  port 0x0020, size 1, value 0x00
OUT port 0x0020, size 1, value 0x0B  # pic_write
IN  port 0x0020, size 1, value 0x00
OUT port 0x0020, size 1, value 0x0B  # pic_write
IN  port 0x0020, size 1, value 0x00
OUT port 0x0020, size 1, value 0x0B  # pic_write
IN  port 0x0020, size 1, value 0x00
OUT port 0x0020, size 1, value 0x0B  # pic_write
IN  port 0x0020, size 1, value 0x00
OUT port 0x0020, size 1, value 0x0B  # pic_write
IN  port 0x0020, size 1, value 0x00
OUT port 0x0020, size 1, value 0x0B  # pic_write
IN  port 0x0020, size 1, value 0x00
OUT port 0x0020, size 1, value 0x0B  # pic_write
IN  port 0x0020, size 1, value 0x00
OUT port 0x0020, size 1, value 0x0B  # pic_write
IN  port 0x0020, size 1, value 0x00
OUT port 0x0020, size 1, value 0x0B  # pic_write
IN  port 0x0020, size 1, value 0x00
OUT port 0x0020, size 1, value 0x0B  # pic_write
IN  port 0x0020, size 1, value 0x00
OUT port 0x0020, size 1, value 0x0B  # pic_write
IN  port 0x0020, size 1, value 0x00
OUT port 0x0020, size 1, value 0x0B  # pic_write
IN  port 0x0020, size 1, value 0x00
OUT port 0x0020, size 1, value 0x0B  # pic_write
IN  port 0x0020, size 1, value 0x00
OUT port 0x0020, size 1, value 0x0B  # pic_write
IN  port 0x0020, size 1, value 0x00
OUT port 0x0020, size 1, value 0x0B  # pic_write
IN  port 0x0020, size 1, value 0x00
OUT port 0x0020, size 1, value 0x0B  # pic_write
IN  port 0x0020, size 1, value 0x00
OUT port 0x0020, size 1, value 0x0B  # pic_write
IN  port 0x0020, size 1, value 0x00
OUT port 0x0020, size 1, value 0x0B  # pic_write
IN  port 0x0020, size 1, value 0x00
OUT port 0x0020, size 1, value 0x0B  # pic_write
IN  port 0x0020, size 1, value 0x00
OUT port 0x0020, size 1, value 0x0B  # pic_write
IN  port 0x0020, size 1, value 0x00
OUT port 0x0020, size 1, value 0x0B  # pic_write
IN  port 0x0020, size 1, value 0x00
OUT port 0x0020, size 1, value 0x0B  # pic_write
IN  port 0x0020, size 1, value 0x00
OUT port 0x0020, size 1, value 0x0B  # pic_write
IN  port 0x0020, size 1, value 0x00
OUT port 0x0020, size 1, value 0x0B  # pic_write
IN  port 0x0020, size 1, value 0x00
OUT port 0x0020, size 1, value 0x0B  # pic_write
IN  port 0x0020, size 1, value 0x00
OUT port 0x0020, size 1, value 0x0B  # pic_write
IN  port 0x0020, size 1, value 0x00
OUT port 0x0020, size 1, value 0x0B  # pic_write
IN  port 0x0020, size 1, value 0x00
OUT port 0x0020, size 1, value 0x0B  # pic_write
IN  port 0x0020, size 1, value 0x00
OUT port 0x0020, size 1, value 0x0B  # pic_write
IN  port 0x0020, size 1, value 0x00
OUT port 0x0020, size 1, value 0x0B  # pic_write
IN  port 0x0020, size 1, value 0x00
OUT port 0x0020, size 1, value 0x0B  # pic_write
IN  port 0x0020, size 1, value 0x00
OUT port 0x0020, size 1, value 0x0B  # pic_write
IN  port 0x0020, size 1, value 0x00
OUT port 0x0020, size 1, value 0x0B  # pic_write
IN  port 0x0020, size 1, value 0x00
OUT port 0x0020, size 1, value 0x0B  # pic_write
IN  port 0x0020, size 1, value 0x00
OUT port 0x0020, size 1, value 0x0B  # pic_write
IN  port 0x0020, size 1, value 0x00
OUT port 0x0020, size 1, value 0x0B  # pic_write
IN  port 0x0020, size 1, value 0x00
OUT port 0x0020, size 1, value 0x0B  # pic_write
IN  port 0x0020, size 1, value 0x00
OUT port 0x0020, size 1, value 0x0B  # pic_write
IN  port 0x0020, size 1, value 0x00
OUT port 0x0020, size 1, value 0x0B  # pic_write
IN  port 0x0020, size 1, value 0x00
OUT port 0x0020, size 1, value 0x0B  # pic_write
IN  port 0x0020, size 1, value 0x00
OUT port 0x0020, size 1, value 0x0B  # pic_write
IN  port 0x0020, size 1, value 0x00
OUT port 0x0020, size 1, value 0x0B  # pic_write
IN  port 0x0020, size 1, value 0x00
OUT port 0x0020, size 1, value 0x0B  # pic_write
IN  port 0x0020, size 1, value 0x00
OUT port 0x0020, size 1, value 0x0B  # pic_write
IN  port 0x0020, size 1, value 0x00
OUT port 0x0020, size 1, value 0x0B  # pic_write
IN  port 0x0020, size 1, value 0x00
OUT port 0x0020, size 1, value 0x0B  # pic_write
IN  port 0x0020, size 1, value 0x00
OUT port 0x0020, size 1, value 0x0B  # pic_write
IN  port 0x0020, size 1, value 0x00
OUT port 0x0020, size 1, value 0x0B  # pic_write
IN  port 0x0020, size 1, value 0x00
OUT port 0x0020, size 1, value 0x0B  # pic_write
IN  port 0x0020, size 1, value 0x00
OUT port 0x0020, size 1, value 0x0B  # pic_write
IN  port 0x0020, size 1, value 0x00
OUT port 0x0020, size 1, value 0x0B  # pic_write
IN  port 0x0020, size 1, value 0x00
OUT port 0x0020, size 1, value 0x0B  # pic_write
IN  port 0x0020, size 1, value 0x00
OUT port 0x0020, size 1, value 0x0B  # pic_write
IN  port 0x0020, size 1, value 0x00
OUT port 0x0020, size 1, value 0x0B  # pic_write
IN  port 0x0020, size 1, value 0x00
OUT port 0x0020, size 1, value 0x0B  # pic_write
IN  port 0x0020, size 1, value 0x00
OUT port 0x0020, size 1, value 0x0B  # pic_write
IN  port 0x0020, size 1, value 0x00
OUT port 0x0020, size 1, value 0x0B  # pic_write
IN  port 0x0020, size 1, value 0x00
OUT port 0x0020, size 1, value 0x0B  # pic_write
IN  port 0x0020, size 1, value 0x00
OUT port 0x0020, size 1, value 0x0B  # pic_write
IN  port 0x0020, size 1, value 0x00
OUT port 0x0020, size 1, value 0x0B  # pic_write
IN  port 0x0020, size 1, value 0x00
OUT port 0x0020, size 1, value 0x0B  # pic_write
IN  port 0x0020, size 1, value 0x00
OUT port 0x0020, size 1, value 0x0B  # pic_write
IN  port 0x0020, size 1, value 0x00
OUT port 0x0020, size 1, value 0x0B  # pic_write
IN  port 0x0020, size 1, value 0x00
OUT port 0x0020, size 1, value 0x0B  # pic_write
IN  port 0x0020, size 1, value 0x00
OUT port 0x0020, size 1, value 0x0B  # pic_write
IN  port 0x0020, size 1, value 0x00
OUT port 0x0020, size 1, value 0x0B  # pic_write
IN  port 0x0020, size 1, value 0x00
OUT port 0x0020, size 1, value 0x0B  # pic_write
IN  port 0x0020, size 1, value 0x00
OUT port 0x0020, size 1, value 0x0B  # pic_write
IN  port 0x0020, size 1, value 0x00
OUT port 0x0020, size 1, value 0x0B  # pic_write
IN  port 0x0020, size 1, value 0x00
OUT port 0x0020, size 1, value 0x0B  # pic_write
IN  port 0x0020, size 1, value 0x00
OUT port 0x0020, size 1, value 0x0B  # pic_write
IN  port 0x0020, size 1, value 0x00
OUT port 0x0020, size 1, value 0x0B  # pic_write
IN  port 0x0020, size 1, value 0x00
OUT port 0x0020, size 1, value 0x0B  # pic_write
IN  port 0x0020, size 1, value 0x00
OUT port 0x0020, size 1, value 0x0B  # pic_write
IN  port 0x0020, size 1, value 0x00
OUT port 0x0020, size 1, value 0x0B  # pic_write
IN  port 0x0020, size 1, value 0x00
OUT port 0x0020, size 1, value 0x0B  # pic_write
IN  port 0x0020, size 1, value 0x00
OUT port 0x0020, size 1, value 0x0B  # pic_write
IN  port 0x0020, size 1, value 0x00
OUT port 0x0020, size 1, value 0x0B  # pic_write
IN  port 0x0020, size 1, value 0x00
OUT port 0x0020, size 1, value 0x0B  # pic_write
IN  port 0x0020, size 1, value 0x00
OUT port 0x0020, size 1, value 0x0B  # pic_write
IN  port 0x0020, size 1, value 0x00
OUT port 0x0020, size 1, value 0x0B  # pic_write
IN  port 0x0020, size 1, value 0x00
OUT port 0x0020, size 1, value 0x0B  # pic_write
IN  port 0x0020, size 1, value 0x00
OUT port 0x0020, size 1, value 0x0B  # pic_write
IN  port 0x0020, size 1, value 0x00
OUT port 0x0020, size 1, value 0x0B  # pic_write
IN  port 0x0020, size 1, value 0x00
OUT port 0x0020, size 1, value 0x0B  # pic_write
IN  port 0x0020, size 1, value 0x00
OUT port 0x0020, size 1, value 0x0B  # pic_write
IN  port 0x0020, size 1, value 0x00
OUT port 0x0020, size 1, value 0x0B  # pic_write
IN  port 0x0020, size 1, value 0x00
OUT port 0x0020, size 1, value 0x0B  # pic_write
IN  port 0x0020, size 1, value 0x00
OUT port 0x0020, size 1, value 0x0B  # pic_write
IN  port 0x0020, size 1, value 0x00
OUT port 0x0020, size 1, value 0x0B  # pic_write
IN  port 0x0020, size 1, value 0x00
OUT port 0x0020, size 1, value 0x0B  # pic_write
IN  port 0x0020, size 1, value 0x00
OUT port 0x0020, size 1, value 0x0B  # pic_write
IN  port 0x0020, size 1, value 0x00
OUT port 0x0020, size 1, value 0x0B  # pic_write
IN  port 0x0020, size 1, value 0x00
OUT port 0x0020, size 1, value 0x0B  # pic_write
IN  port 0x0020, size 1, value 0x00
OUT port 0x0020, size 1, value 0x0B  # pic_write
IN  port 0x0020, size 1, value 0x00
OUT port 0x0020, size 1, value 0x0B  # pic_write
IN  port 0x0020, size 1, value 0x00
OUT port 0x0020, size 1, value 0x0B  # pic_write
IN  port 0x0020, size 1, value 0x00
OUT port 0x0020, size 1, value 0x0B  # pic_write
IN  port 0x0020, size 1, value 0x00
OUT port 0x0020, size 1, value 0x0B  # pic_write
IN  port 0x0020, size 1, value 0x00
OUT port 0x0020, size 1, value 0x0B  # pic_write
IN  port 0x0020, size 1, value 0x00
OUT port 0x0020, size 1, value 0x0B  # pic_write
IN  port 0x0020, size 1, value 0x00
OUT port 0x0020, size 1, value 0x0B  # pic_write
IN  port 0x0020, size 1, value 0x00
OUT port 0x0020, size 1, value 0x0B  # pic_write
IN  port 0x0020, size 1, value 0x00
OUT port 0x0020, size 1, value 0x0B  # pic_write
IN  port 0x0020, size 1, value 0x00
OUT port 0x0020, size 1, value 0x0B  # pic_write
IN  port 0x0020, size 1, value 0x00
OUT port 0x0020, size 1, value 0x0B  # pic_write
IN  port 0x0020, size 1, value 0x00
OUT port 0x0020, size 1, value 0x0B  # pic_write
IN  port 0x0020, size 1, value 0x00
OUT port 0x0020, size 1, value 0x0B  # pic_write
IN  port 0x0020, size 1, value 0x00
OUT port 0x0020, size 1, value 0x0B  # pic_write
IN  port 0x0020, size 1, value 0x00
OUT port 0x0020, size 1, value 0x0B  # pic_write
IN  port 0x0020, size 1, value 0x00
OUT port 0x0020, size 1, value 0x0B  # pic_write
IN  port 0x0020, size 1, value 0x00
OUT port 0x0020, size 1, value 0x0B  # pic_write
IN  port 0x0020, size 1, value 0x00
OUT port 0x0020, size 1, value 0x0B  # pic_write
IN  port 0x0020, size 1, value 0x00
OUT port 0x0020, size 1, value 0x0B  # pic_write
IN  port 0x0020, size 1, value 0x00
OUT port 0x0020, size 1, value 0x0B  # pic_write
IN  port 0x0020, size 1, value 0x00
OUT port 0x0020, size 1, value 0x0B  # pic_write
IN  port 0x0020, size 1, value 0x00
OUT port 0x0020, size 1, value 0x0B  # pic_write
IN  port 0x0020, size 1, value 0x00
OUT port 0x0020, size 1, value 0x0B  # pic_write
IN  port 0x0020, size 1, value 0x00
OUT port 0x0020, size 1, value 0x0B  # pic_write
IN  port 0x0020, size 1, value 0x00
OUT port 0x0020, size 1, value 0x0B  # pic_write
IN  port 0x0020, size 1, value 0x00
OUT port 0x0020, size 1, value 0x0B  # pic_write
IN  port 0x0020, size 1, value 0x00
OUT port 0x0020, size 1, value 0x0B  # pic_write
IN  port 0x0020, size 1, value 0x00
OUT port 0x0020, size 1, value 0x0B  # pic_write
IN  port 0x0020, size 1, value 0x00
OUT port 0x0020, size 1, value 0x0B  # pic_write
IN  port 0x0020, size 1, value 0x00
OUT port 0x0020, size 1, value 0x0B  # pic_write
IN  port 0x0020, size 1, value 0x00
OUT port 0x0020, size 1, value 0x0B  # pic_write
IN  port 0x0020, size 1, value 0x00
OUT port 0x0020, size 1, value 0x0B  # pic_write
IN  port 0x0020, size 1, value 0x00
OUT port 0x0020, size 1, value 0x0B  # pic_write
IN  port 0x0020, size 1, value 0x00
OUT port 0x0020, size 1, value 0x0B  # pic_write
IN  port 0x0020, size 1, value 0x00
OUT port 0x0020, size 1, value 0x0B  # pic_write
IN  port 0x0020, size 1, value 0x00
OUT port 0x0020, size 1, value 0x0B  # pic_write
IN  port 0x0020, size 1, value 0x00
OUT port 0x0020, size 1, value 0x0B  # pic_write
IN  port 0x0020, size 1, value 0x00
OUT port 0x0020, size 1, value 0x0B  # pic_write
IN  port 0x0020, size 1, value 0x00
OUT port 0x0020, size 1, value 0x0B  # pic_write
IN  port 0x0020, size 1, value 0x00
OUT port 0x0020, size 1, value 0x0B  # pic_write
IN  port 0x0020, size 1, value 0x00
OUT port 0x0020, size 1, value 0x0B  # pic_write
IN  port 0x0020, size 1, value 0x00
OUT port 0x0020, size 1, value 0x0B  # pic_write
IN  port 0x0020, size 1, value 0x00
OUT port 0x0020, size 1, value 0x0B  # pic_write
IN  port 0x0020, size 1, value 0x00
OUT port 0x0020, size 1, value 0x0B  # pic_write
IN  port 0x0020, size 1, value 0x00
OUT port 0x0020, size 1, value 0x0B  # pic_write
IN  port 0x0020, size 1, value 0x00
OUT port 0x0020, size 1, value 0x0B  # pic_write
IN  port 0x0020, size 1, value 0x00
OUT port 0x0020, size 1, value 0x0B  # pic_write
IN  port 0x0020, size 1, value 0x00
OUT port 0x0020, size 1, value 0x0B  # pic_write
IN  port 0x0020, size 1, value 0x00
OUT port 0x0020, size 1, value 0x0B  # pic_write
IN  port 0x0020, size 1, value 0x00
OUT port 0x0020, size 1, value 0x0B  # pic_write
IN  port 0x0020, size 1, value 0x00
OUT port 0x0020, size 1, value 0x0B  # pic_write
IN  port 0x0020, size 1, value 0x00
OUT port 0x0020, size 1, value 0x0B  # pic_write
IN  port 0x0020, size 1, value 0x00
OUT port 0x0020, size 1, value 0x0B  # pic_write
IN  port 0x0020, size 1, value 0x00
OUT port 0x0020, size 1, value 0x0B  # pic_write
IN  port 0x0020, size 1, value 0x00
OUT port 0x0020, size 1, value 0x0B  # pic_write
IN  port 0x0020, size 1, value 0x00
OUT port 0x0020, size 1, value 0x0B  # pic_write
IN  port 0x0020, size 1, value 0x00
OUT port 0x0020, size 1, value 0x0B  # pic_write
IN  port 0x0020, size 1, value 0x00
OUT port 0x0020, size 1, value 0x0B  # pic_write
IN  port 0x0020, size 1, value 0x00
OUT port 0x0020, size 1, value 0x0B  # pic_write
IN  port 0x0020, size 1, value 0x00
OUT port 0x0020, size 1, value 0x0B  # pic_write
IN  port 0x0020, size 1, value 0x00
OUT port 0x0020, size 1, value 0x0B  # pic_write
IN  port 0x0020, size 1, value 0x00
OUT port 0x0020, size 1, value 0x0B  # pic_write
IN  port 0x0020, size 1, value 0x00
OUT port 0x0020, size 1, value 0x0B  # pic_write
IN  port 0x0020, size 1, value 0x00
OUT port 0x0020, size 1, value 0x0B  # pic_write
IN  port 0x0020, size 1, value 0x00
OUT port 0x0020, size 1, value 0x0B  # pic_write
IN  port 0x0020, size 1, value 0x00
OUT port 0x0020, size 1, value 0x0B  # pic_write
IN  port 0x0020, size 1, value 0x00
OUT port 0x0020, size 1, value 0x0B  # pic_write
IN  port 0x0020, size 1, value 0x00
OUT port 0x0020, size 1, value 0x0B  # pic_write
IN  port 0x0020, size 1, value 0x00
OUT port 0x0020, size 1, value 0x0B  # pic_write
IN  port 0x0020, size 1, value 0x00
OUT port 0x0020, size 1, value 0x0B  # pic_write
IN  port 0x0020, size 1, value 0x00
OUT port 0x0020, size 1, value 0x0B  # pic_write
IN  port 0x0020, size 1, value 0x00
OUT port 0x0020, size 1, value 0x0B  # pic_write
IN  port 0x0020, size 1, value 0x00
OUT port 0x0020, size 1, value 0x0B  # pic_write
IN  port 0x0020, size 1, value 0x00
OUT port 0x0020, size 1, value 0x0B  # pic_write
IN  port 0x0020, size 1, value 0x00
OUT port 0x0020, size 1, value 0x0B  # pic_write
IN  port 0x0020, size 1, value 0x00
OUT port 0x0020, size 1, value 0x0B  # pic_write
IN  port 0x0020, size 1, value 0x00
OUT port 0x0020, size 1, value 0x0B  # pic_write
IN  port 0x0020, size 1, value 0x00
OUT port 0x0020, size 1, value 0x0B  # pic_write
IN  port 0x0020, size 1, value 0x00
OUT port 0x0020, size 1, value 0x0B  # pic_write
IN  port 0x0020, size 1, value 0x00
OUT port 0x0020, size 1, value 0x0B  # pic_write
IN  port 0x0020, size 1, value 0x00
OUT port 0x0020, size 1, value 0x0B  # pic_write
IN  port 0x0020, size 1, value 0x00
OUT port 0x0020, size 1, value 0x0B  # pic_write
IN  port 0x0020, size 1, value 0x00
OUT port 0x0020, size 1, value 0x0B  # pic_write
IN  port 0x0020, size 1, value 0x00
OUT port 0x0020, size 1, value 0x0B  # pic_write
IN  port 0x0020, size 1, value 0x00
OUT port 0x0020, size 1, value 0x0B  # pic_write
IN  port 0x0020, size 1, value 0x00
OUT port 0x0020, size 1, value 0x0B  # pic_write
IN  port 0x0020, size 1, value 0x00
OUT port 0x0020, size 1, value 0x0B  # pic_write
IN  port 0x0020, size 1, value 0x00
OUT port 0x0020, size 1, value 0x0B  # pic_write
IN  port 0x0020, size 1, value 0x00
OUT port 0x0020, size 1, value 0x0B  # pic_write
IN  port 0x0020, size 1, value 0x00
OUT port 0x0020, size 1, value 0x0B  # pic_write
IN  port 0x0020, size 1, value 0x00
OUT port 0x0020, size 1, value 0x0B  # pic_write
IN  port 0x0020, size 1, value 0x00
OUT port 0x0020, size 1, value 0x0B  # pic_write
IN  port 0x0020, size 1, value 0x00
OUT port 0x0020, size 1, value 0x0B  # pic_write
IN  port 0x0020, size 1, value 0x00
OUT port 0x0020, size 1, value 0x0B  # pic_write
IN  port 0x0020, size 1, value 0x00
OUT port 0x0020, size 1, value 0x0B  # pic_write
IN  port 0x0020, size 1, value 0x00
OUT port 0x0020, size 1, value 0x0B  # pic_write
IN  port 0x0020, size 1, value 0x00
OUT port 0x0020, size 1, value 0x0B  # pic_write
IN  port 0x0020, size 1, value 0x00
OUT port 0x0020, size 1, value 0x0B  # pic_write
IN  port 0x0020, size 1, value 0x00
OUT port 0x0020, size 1, value 0x0B  # pic_write
IN  port 0x0020, size 1, value 0x00
OUT port 0x0020, size 1, value 0x0B  # pic_write
IN  port 0x0020, size 1, value 0x00
OUT port 0x0020, size 1, value 0x0B  # pic_write
IN  port 0x0020, size 1, value 0x00
OUT port 0x0020, size 1, value 0x0B  # pic_write
IN  port 0x0020, size 1, value 0x00
OUT port 0x0020, size 1, value 0x0B  # pic_write
IN  port 0x0020, size 1, value 0x00
OUT port 0x0020, size 1, value 0x0B  # pic_write
IN  port 0x0020, size 1, value 0x00
OUT port 0x0020, size 1, value 0x0B  # pic_write
IN  port 0x0020, size 1, value 0x00
OUT port 0x0020, size 1, value 0x0B  # pic_write
IN  port 0x0020, size 1, value 0x00
OUT port 0x0020, size 1, value 0x0B  # pic_write
IN  port 0x0020, size 1, value 0x00
OUT port 0x0020, size 1, value 0x0B  # pic_write
IN  port 0x0020, size 1, value 0x00
OUT port 0x0020, size 1, value 0x0B  # pic_write
IN  port 0x0020, size 1, value 0x00
OUT port 0x0020, size 1, value 0x0B  # pic_write
IN  port 0x0020, size 1, value 0x00
OUT port 0x0020, size 1, value 0x0B  # pic_write
IN  port 0x0020, size 1, value 0x00
OUT port 0x0020, size 1, value 0x0B  # pic_write
IN  port 0x0020, size 1, value 0x00
OUT port 0x0020, size 1, value 0x0B  # pic_write
IN  port 0x0020, size 1, value 0x00
OUT port 0x0020, size 1, value 0x0B  # pic_write
IN  port 0x0020, size 1, value 0x00
OUT port 0x0020, size 1, value 0x0B  # pic_write
IN  port 0x0020, size 1, value 0x00
OUT port 0x0020, size 1, value 0x0B  # pic_write
IN  port 0x0020, size 1, value 0x00
OUT port 0x0020, size 1, value 0x0B  # pic_write
IN  port 0x0020, size 1, value 0x00
OUT port 0x0020, size 1, value 0x0B  # pic_write
IN  port 0x0020, size 1, value 0x00
OUT port 0x0020, size 1, value 0x0B  # pic_write
IN  port 0x0020, size 1, value 0x00
OUT port 0x0020, size 1, value 0x0B  # pic_write
IN  port 0x0020, size 1, value 0x00
OUT port 0x0020, size 1, value 0x0B  # pic_write
IN  port 0x0020, size 1, value 0x00
OUT port 0x0020, size 1, value 0x0B  # pic_write
IN  port 0x0020, size 1, value 0x00
OUT port 0x0020, size 1, value 0x0B  # pic_write
IN  port 0x0020, size 1, value 0x00
OUT port 0x0020, size 1, value 0x0B  # pic_write
IN  port 0x0020, size 1, value 0x00
OUT port 0x0020, size 1, value 0x0B  # pic_write
IN  port 0x0020, size 1, value 0x00
OUT port 0x0020, size 1, value 0x0B  # pic_write
IN  port 0x0020, size 1, value 0x00
OUT port 0x0020, size 1, value 0x0B  # pic_write
IN  port 0x0020, size 1, value 0x00
OUT port 0x0020, size 1, value 0x0B  # pic_write
IN  port 0x0020, size 1, value 0x00
OUT port 0x0020, size 1, value 0x0B  # pic_write
IN  port 0x0020, size 1, value 0x00
OUT port 0x0020, size 1, value 0x0B  # pic_write
IN  port 0x0020, size 1, value 0x00
OUT port 0x0020, size 1, value 0x0B  # pic_write
IN  port 0x0020, size 1, value 0x00
OUT port 0x0020, size 1, value 0x0B  # pic_write
IN  port 0x0020, size 1, value 0x00
OUT port 0x0020, size 1, value 0x0B  # pic_write
IN  port 0x0020, size 1, value 0x00
OUT port 0x0020, size 1, value 0x0B  # pic_write
IN  port 0x0020, size 1, value 0x00
OUT port 0x0020, size 1, value 0x0B  # pic_write
IN  port 0x0020, size 1, value 0x00
OUT port 0x0020, size 1, value 0x0B  # pic_write
IN  port 0x0020, size 1, value 0x00
OUT port 0x0020, size 1, value 0x0B  # pic_write
IN  port 0x0020, size 1, value 0x00
OUT port 0x0020, size 1, value 0x0B  # pic_write
IN  port 0x0020, size 1, value 0x00
OUT port 0x0020, size 1, value 0x0B  # pic_write
IN  port 0x0020, size 1, value 0x00
OUT port 0x0020, size 1, value 0x0B  # pic_write
IN  port 0x0020, size 1, value 0x00
OUT port 0x0020, size 1, value 0x0B  # pic_write
IN  port 0x0020, size 1, value 0x00
OUT port 0x0020, size 1, value 0x0B  # pic_write
IN  port 0x0020, size 1, value 0x00
OUT port 0x0020, size 1, value 0x0B  # pic_write
IN  port 0x0020, size 1, value 0x00
OUT port 0x0020, size 1, value 0x0B  # pic_write
IN  port 0x0020, size 1, value 0x00
OUT port 0x0020, size 1, value 0x0B  # pic_write
IN  port 0x0020, size 1, value 0x00
OUT port 0x0020, size 1, value 0x0B  # pic_write
IN  port 0x0020, size 1, value 0x00
OUT port 0x0020, size 1, value 0x0B  # pic_write
IN  port 0x0020, size 1, value 0x00
OUT port 0x0020, size 1, value 0x0B  # pic_write
IN  port 0x0020, size 1, value 0x00
OUT port 0x0020, size 1, value 0x0B  # pic_write
IN  port 0x0020, size 1, value 0x00
OUT port 0x0020, size 1, value 0x0B  # pic_write
IN  port 0x0020, size 1, value 0x00
OUT port 0x0020, size 1, value 0x0B  # pic_write
IN  port 0x0020, size 1, value 0x00
OUT port 0x0020, size 1, value 0x0B  # pic_write
IN  port 0x0020, size 1, value 0x00
OUT port 0x0020, size 1, value 0x0B  # pic_write
IN  port 0x0020, size 1, value 0x00
OUT port 0x0020, size 1, value 0x0B  # pic_write
IN  port 0x0020, size 1, value 0x00
OUT port 0x0020, size 1, value 0x0B  # pic_write
IN  port 0x0020, size 1, value 0x00
OUT port 0x0020, size 1, value 0x0B  # pic_write
IN  port 0x0020, size 1, value 0x00
OUT port 0x0020, size 1, value 0x0B  # pic_write
IN  port 0x0020, size 1, value 0x00
OUT port 0x0020, size 1, value 0x0B  # pic_write
IN  port 0x0020, size 1, value 0x00
OUT port 0x0020, size 1, value 0x0B  # pic_write
IN  port 0x0020, size 1, value 0x00
OUT port 0x0020, size 1, value 0x0B  # pic_write
IN  port 0x0020, size 1, value 0x00
OUT port 0x0020, size 1, value 0x0B  # pic_write
IN  port 0x0020, size 1, value 0x00
OUT port 0x0020, size 1, value 0x0B  # pic_write
IN  port 0x0020, size 1, value 0x00
OUT port 0x0020, size 1, value 0x0B  # pic_write
IN  port 0x0020, size 1, value 0x00
OUT port 0x0020, size 1, value 0x0B  # pic_write
IN  port 0x0020, size 1, value 0x00
OUT port 0x0020, size 1, value 0x0B  # pic_write
IN  port 0x0020, size 1, value 0x00
OUT port 0x0020, size 1, value 0x0B  # pic_write
IN  port 0x0020, size 1, value 0x00
OUT port 0x0020, size 1, value 0x0B  # pic_write
IN  port 0x0020, size 1, value 0x00
OUT port 0x0020, size 1, value 0x0B  # pic_write
IN  port 0x0020, size 1, value 0x00
OUT port 0x0020, size 1, value 0x0B  # pic_write
IN  port 0x0020, size 1, value 0x00
OUT port 0x0020, size 1, value 0x0B  # pic_write
IN  port 0x0020, size 1, value 0x00
OUT port 0x0020, size 1, value 0x0B  # pic_write
IN  port 0x0020, size 1, value 0x00
OUT port 0x0020, size 1, value 0x0B  # pic_write
IN  port 0x0020, size 1, value 0x00
OUT port 0x0020, size 1, value 0x0B  # pic_write
IN  port 0x0020, size 1, value 0x00
OUT port 0x0020, size 1, value 0x0B  # pic_write
IN  port 0x0020, size 1, value 0x00
OUT port 0x0020, size 1, value 0x0B  # pic_write
IN  port 0x0020, size 1, value 0x00
OUT port 0x0020, size 1, value 0x0B  # pic_write
IN  port 0x0020, size 1, value 0x00
OUT port 0x0020, size 1, value 0x0B  # pic_write
IN  port 0x0020, size 1, value 0x00
OUT port 0x0020, size 1, value 0x0B  # pic_write
IN  port 0x0020, size 1, value 0x00
OUT port 0x0020, size 1, value 0x0B  # pic_write
IN  port 0x0020, size 1, value 0x00
OUT port 0x0020, size 1, value 0x0B  # pic_write
IN  port 0x0020, size 1, value 0x00
OUT port 0x0020, size 1, value 0x0B  # pic_write
IN  port 0x0020, size 1, value 0x00
OUT port 0x0020, size 1, value 0x0B  # pic_write
IN  port 0x0020, size 1, value 0x00
OUT port 0x0020, size 1, value 0x0B  # pic_write
IN  port 0x0020, size 1, value 0x00
OUT port 0x0020, size 1, value 0x0B  # pic_write
IN  port 0x0020, size 1, value 0x00
OUT port 0x0020, size 1, value 0x0B  # pic_write
IN  port 0x0020, size 1, value 0x00
OUT port 0x0020, size 1, value 0x0B  # pic_write
IN  port 0x0020, size 1, value 0x00
OUT port 0x0020, size 1, value 0x0B  # pic_write
IN  port 0x0020, size 1, value 0x00
OUT port 0x0020, size 1, value 0x0B  # pic_write
IN  port 0x0020, size 1, value 0x00
OUT port 0x0020, size 1, value 0x0B  # pic_write
IN  port 0x0020, size 1, value 0x00
OUT port 0x0020, size 1, value 0x0B  # pic_write
IN  port 0x0020, size 1, value 0x00
OUT port 0x0020, size 1, value 0x0B  # pic_write
IN  port 0x0020, size 1, value 0x00
OUT port 0x0020, size 1, value 0x0B  # pic_write
IN  port 0x0020, size 1, value 0x00
OUT port 0x0020, size 1, value 0x0B  # pic_write
IN  port 0x0020, size 1, value 0x00
OUT port 0x0020, size 1, value 0x0B  # pic_write
IN  port 0x0020, size 1, value 0x00
OUT port 0x0020, size 1, value 0x0B  # pic_write
IN  port 0x0020, size 1, value 0x00
OUT port 0x0020, size 1, value 0x0B  # pic_write
IN  port 0x0020, size 1, value 0x00
OUT port 0x0020, size 1, value 0x0B  # pic_write
IN  port 0x0020, size 1, value 0x00
OUT port 0x0020, size 1, value 0x0B  # pic_write
IN  port 0x0020, size 1, value 0x00
OUT port 0x0020, size 1, value 0x0B  # pic_write
IN  port 0x0020, size 1, value 0x00
OUT port 0x0020, size 1, value 0x0B  # pic_write
IN  port 0x0020, size 1, value 0x00
OUT port 0x0020, size 1, value 0x0B  # pic_write
IN  port 0x0020, size 1, value 0x00
OUT port 0x0020, size 1, value 0x0B  # pic_write
IN  port 0x0020, size 1, value 0x00
OUT port 0x0020, size 1, value 0x0B  # pic_write
IN  port 0x0020, size 1, value 0x00
OUT port 0x0020, size 1, value 0x0B  # pic_write
IN  port 0x0020, size 1, value 0x00
OUT port 0x0020, size 1, value 0x0B  # pic_write
IN  port 0x0020, size 1, value 0x00
OUT port 0x0020, size 1, value 0x0B  # pic_write
IN  port 0x0020, size 1, value 0x00
OUT port 0x0020, size 1, value 0x0B  # pic_write
IN  port 0x0020, size 1, value 0x00
OUT port 0x0020, size 1, value 0x0B  # pic_write
IN  port 0x0020, size 1, value 0x00
OUT port 0x0020, size 1, value 0x0B  # pic_write
IN  port 0x0020, size 1, value 0x00
OUT port 0x0020, size 1, value 0x0B  # pic_write
IN  port 0x0020, size 1, value 0x00
OUT port 0x0020, size 1, value 0x0B  # pic_write
IN  port 0x0020, size 1, value 0x00
OUT port 0x0020, size 1, value 0x0B  # pic_write
IN  port 0x0020, size 1, value 0x00
OUT port 0x0020, size 1, value 0x0B  # pic_write
IN  port 0x0020, size 1, value 0x00
OUT port 0x0020, size 1, value 0x0B  # pic_write
IN  port 0x0020, size 1, value 0x00
OUT port 0x0020, size 1, value 0x0B  # pic_write
IN  port 0x0020, size 1, value 0x00
OUT port 0x0020, size 1, value 0x0B  # pic_write
IN  port 0x0020, size 1, value 0x00
OUT port 0x0020, size 1, value 0x0B  # pic_write
IN  port 0x0020, size 1, value 0x00
OUT port 0x0020, size 1, value 0x0B  # pic_write
IN  port 0x0020, size 1, value 0x00
OUT port 0x0020, size 1, value 0x0B  # pic_write
IN  port 0x0020, size 1, value 0x00
OUT port 0x0020, size 1, value 0x0B  # pic_write
IN  port 0x0020, size 1, value 0x00
OUT port 0x0020, size 1, value 0x0B  # pic_write
IN  port 0x0020, size 1, value 0x00
OUT port 0x0020, size 1, value 0x0B  # pic_write
IN  port 0x0020, size 1, value 0x00
OUT port 0x0020, size 1, value 0x0B  # pic_write
IN  port 0x0020, size 1, value 0x00
OUT port 0x0020, size 1, value 0x0B  # pic_write
IN  port 0x0020, size 1, value 0x00
OUT port 0x0020, size 1, value 0x0B  # pic_write
IN  port 0x0020, size 1, value 0x00
OUT port 0x0020, size 1, value 0x0B  # pic_write
IN  port 0x0020, size 1, value 0x00
OUT port 0x0020, size 1, value 0x0B  # pic_write
IN  port 0x0020, size 1, value 0x00
OUT port 0x0020, size 1, value 0x0B  # pic_write
IN  port 0x0020, size 1, value 0x00
OUT port 0x0020, size 1, value 0x0B  # pic_write
IN  port 0x0020, size 1, value 0x00
OUT port 0x0020, size 1, value 0x0B  # pic_write
IN  port 0x0020, size 1, value 0x00
OUT port 0x0020, size 1, value 0x0B  # pic_write
IN  port 0x0020, size 1, value 0x00
OUT port 0x0020, size 1, value 0x0B  # pic_write
IN  port 0x0020, size 1, value 0x00
OUT port 0x0020, size 1, value 0x0B  # pic_write
IN  port 0x0020, size 1, value 0x00
OUT port 0x0020, size 1, value 0x0B  # pic_write
IN  port 0x0020, size 1, value 0x00
OUT port 0x0020, size 1, value 0x0B  # pic_write
IN  port 0x0020, size 1, value 0x00
OUT port 0x0020, size 1, value 0x0B  # pic_write
IN  port 0x0020, size 1, value 0x00
OUT port 0x0020, size 1, value 0x0B  # pic_write
IN  port 0x0020, size 1, value 0x00
OUT port 0x0020, size 1, value 0x0B  # pic_write
IN  port 0x0020, size 1, value 0x00
OUT port 0x0020, size 1, value 0x0B  # pic_write
IN  port 0x0020, size 1, value 0x00
OUT port 0x0020, size 1, value 0x0B  # pic_write
IN  port 0x0020, size 1, value 0x00
OUT port 0x0020, size 1, value 0x0B  # pic_write
IN  port 0x0020, size 1, value 0x00
OUT port 0x0020, size 1, value 0x0B  # pic_write
IN  port 0x0020, size 1, value 0x00
OUT port 0x0020, size 1, value 0x0B  # pic_write
IN  port 0x0020, size 1, value 0x00
OUT port 0x0020, size 1, value 0x0B  # pic_write
IN  port 0x0020, size 1, value 0x00
OUT port 0x0020, size 1, value 0x0B  # pic_write
IN  port 0x0020, size 1, value 0x00
OUT port 0x0020, size 1, value 0x0B  # pic_write
IN  port 0x0020, size 1, value 0x00
OUT port 0x0020, size 1, value 0x0B  # pic_write
IN  port 0x0020, size 1, value 0x00
OUT port 0x0020, size 1, value 0x0B  # pic_write
IN  port 0x0020, size 1, value 0x00
OUT port 0x0020, size 1, value 0x0B  # pic_write
IN  port 0x0020, size 1, value 0x00
OUT port 0x0020, size 1, value 0x0B  # pic_write
IN  port 0x0020, size 1, value 0x00
OUT port 0x0020, size 1, value 0x0B  # pic_write
IN  port 0x0020, size 1, value 0x00
OUT port 0x0020, size 1, value 0x0B  # pic_write
IN  port 0x0020, size 1, value 0x00
OUT port 0x0020, size 1, value 0x0B  # pic_write
IN  port 0x0020, size 1, value 0x00
OUT port 0x0020, size 1, value 0x0B  # pic_write
IN  port 0x0020, size 1, value 0x00
OUT port 0x0020, size 1, value 0x0B  # pic_write
IN  port 0x0020, size 1, value 0x00
OUT port 0x0020, size 1, value 0x0B  # pic_write
IN  port 0x0020, size 1, value 0x00
OUT port 0x0020, size 1, value 0x0B  # pic_write
IN  port 0x0020, size 1, value 0x00
OUT port 0x0020, size 1, value 0x0B  # pic_write
IN  port 0x0020, size 1, value 0x00
OUT port 0x0020, size 1, value 0x0B  # pic_write
IN  port 0x0020, size 1, value 0x00
OUT port 0x0020, size 1, value 0x0B  # pic_write
IN  port 0x0020, size 1, value 0x00
OUT port 0x0020, size 1, value 0x0B  # pic_write
IN  port 0x0020, size 1, value 0x00
OUT port 0x0020, size 1, value 0x0B  # pic_write
IN  port 0x0020, size 1, value 0x00
OUT port 0x0020, size 1, value 0x0B  # pic_write
IN  port 0x0020, size 1, value 0x00
OUT port 0x0020, size 1, value 0x0B  # pic_write
IN  port 0x0020, size 1, value 0x00
OUT port 0x0020, size 1, value 0x0B  # pic_write
IN  port 0x0020, size 1, value 0x00
OUT port 0x0020, size 1, value 0x0B  # pic_write
IN  port 0x0020, size 1, value 0x00
OUT port 0x0020, size 1, value 0x0B  # pic_write
IN  port 0x0020, size 1, value 0x00
OUT port 0x0020, size 1, value 0x0B  # pic_write
IN  port 0x0020, size 1, value 0x00
OUT port 0x0020, size 1, value 0x0B  # pic_write
IN  port 0x0020, size 1, value 0x00
OUT port 0x0020, size 1, value 0x0B  # pic_write
IN  port 0x0020, size 1, value 0x00
OUT port 0x0020, size 1, value 0x0B  # pic_write
IN  port 0x0020, size 1, value 0x00
OUT port 0x0020, size 1, value 0x0B  # pic_write
IN  port 0x0020, size 1, value 0x00
OUT port 0x0020, size 1, value 0x0B  # pic_write
IN  port 0x0020, size 1, value 0x00
OUT port 0x0020, size 1, value 0x0B  # pic_write
IN  port 0x0020, size 1, value 0x00
OUT port 0x0020, size 1, value 0x0B  # pic_write
IN  port 0x0020, size 1, value 0x00
OUT port 0x0020, size 1, value 0x0B  # pic_write
IN  port 0x0020, size 1, value 0x00
OUT port 0x0020, size 1, value 0x0B  # pic_write
IN  port 0x0020, size 1, value 0x00
OUT port 0x0020, size 1, value 0x0B  # pic_write
IN  port 0x0020, size 1, value 0x00
OUT port 0x0020, size 1, value 0x0B  # pic_write
IN  port 0x0020, size 1, value 0x00
OUT port 0x0020, size 1, value 0x0B  # pic_write
IN  port 0x0020, size 1, value 0x00
OUT port 0x0020, size 1, value 0x0B  # pic_write
IN  port 0x0020, size 1, value 0x00
OUT port 0x0020, size 1, value 0x0B  # pic_write
IN  port 0x0020, size 1, value 0x00
OUT port 0x0020, size 1, value 0x0B  # pic_write
IN  port 0x0020, size 1, value 0x00
OUT port 0x0020, size 1, value 0x0B  # pic_write
IN  port 0x0020, size 1, value 0x00
OUT port 0x0020, size 1, value 0x0B  # pic_write
IN  port 0x0020, size 1, value 0x00
OUT port 0x0020, size 1, value 0x0B  # pic_write
IN  port 0x0020, size 1, value 0x00
OUT port 0x0020, size 1, value 0x0B  # pic_write
IN  port 0x0020, size 1, value 0x00
OUT port 0x0020, size 1, value 0x0B  # pic_write
IN  port 0x0020, size 1, value 0x00
OUT port 0x0020, size 1, value 0x0B  # pic_write
IN  port 0x0020, size 1, value 0x00
OUT port 0x0020, size 1, value 0x0B  # pic_write
IN  port 0x0020, size 1, value 0x00
OUT port 0x0020, size 1, value 0x0B  # pic_write
IN  port 0x0020, size 1, value 0x00
OUT port 0x0020, size 1, value 0x0B  # pic_write
IN  port 0x0020, size 1, value 0x00
OUT port 0x0020, size 1, value 0x0B  # pic_write
IN  port 0x0020, size 1, value 0x00
OUT port 0x0020, size 1, value 0x0B  # pic_write
IN  port 0x0020, size 1, value 0x00
OUT port 0x0020, size 1, value 0x0B  # pic_write
IN  port 0x0020, size 1, value 0x00
OUT port 0x0020, size 1, value 0x0B  # pic_write
IN  port 0x0020, size 1, value 0x00
OUT port 0x0020, size 1, value 0x0B  # pic_write
IN  port 0x0020, size 1, value 0x00
OUT port 0x0020, size 1, value 0x0B  # pic_write
IN  port 0x0020, size 1, value 0x00
OUT port 0x0020, size 1, value 0x0B  # pic_write
IN  port 0x0020, size 1, value 0x00
OUT port 0x0020, size 1, value 0x0B  # pic_write
IN  port 0x0020, size 1, value 0x00
OUT port 0x0020, size 1, value 0x0B  # pic_write
IN  port 0x0020, size 1, value 0x00
OUT port 0x0020, size 1, value 0x0B  # pic_write
IN  port 0x0020, size 1, value 0x00
OUT port 0x0020, size 1, value 0x0B  # pic_write
IN  port 0x0020, size 1, value 0x00
OUT port 0x0020, size 1, value 0x0B  # pic_write
IN  port 0x0020, size 1, value 0x00
OUT port 0x0020, size 1, value 0x0B  # pic_write
IN  port 0x0020, size 1, value 0x00
OUT port 0x0020, size 1, value 0x0B  # pic_write
IN  port 0x0020, size 1, value 0x00
OUT port 0x0020, size 1, value 0x0B  # pic_write
IN  port 0x0020, size 1, value 0x00
OUT port 0x0020, size 1, value 0x0B  # pic_write
IN  port 0x0020, size 1, value 0x00
OUT port 0x0020, size 1, value 0x0B  # pic_write
IN  port 0x0020, size 1, value 0x00
OUT port 0x0020, size 1, value 0x0B  # pic_write
IN  port 0x0020, size 1, value 0x00
OUT port 0x0020, size 1, value 0x0B  # pic_write
IN  port 0x0020, size 1, value 0x00
OUT port 0x0020, size 1, value 0x0B  # pic_write
IN  port 0x0020, size 1, value 0x00
OUT port 0x0020, size 1, value 0x0B  # pic_write
IN  port 0x0020, size 1, value 0x00
OUT port 0x0020, size 1, value 0x0B  # pic_write
IN  port 0x0020, size 1, value 0x00
OUT port 0x0020, size 1, value 0x0B  # pic_write
IN  port 0x0020, size 1, value 0x00
OUT port 0x0020, size 1, value 0x0B  # pic_write
IN  port 0x0020, size 1, value 0x00
OUT port 0x0020, size 1, value 0x0B  # pic_write
IN  port 0x0020, size 1, value 0x00
OUT port 0x0020, size 1, value 0x0B  # pic_write
IN  port 0x0020, size 1, value 0x00
OUT port 0x0020, size 1, value 0x0B  # pic_write
IN  port 0x0020, size 1, value 0x00
OUT port 0x0020, size 1, value 0x0B  # pic_write
IN  port 0x0020, size 1, value 0x00
OUT port 0x0020, size 1, value 0x0B  # pic_write
IN  port 0x0020, size 1, value 0x00
OUT port 0x0020, size 1, value 0x0B  # pic_write
IN  port 0x0020, size 1, value 0x00
OUT port 0x0020, size 1, value 0x0B  # pic_write
IN  port 0x0020, size 1, value 0x00
OUT port 0x0020, size 1, value 0x0B  # pic_write
IN  port 0x0020, size 1, value 0x00
OUT port 0x0020, size 1, value 0x0B  # pic_write
IN  port 0x0020, size 1, value 0x00
OUT port 0x0020, size 1, value 0x0B  # pic_write
IN  port 0x0020, size 1, value 0x00
OUT port 0x0020, size 1, value 0x0B  # pic_write
IN  port 0x0020, size 1, value 0x00
OUT port 0x0020, size 1, value 0x0B  # pic_write
IN  port 0x0020, size 1, value 0x00
OUT port 0x0020, size 1, value 0x0B  # pic_write
IN  port 0x0020, size 1, value 0x00
OUT port 0x0020, size 1, value 0x0B  # pic_write
IN  port 0x0020, size 1, value 0x00
OUT port 0x0020, size 1, value 0x0B  # pic_write
IN  port 0x0020, size 1, value 0x00
OUT port 0x0020, size 1, value 0x0B  # pic_write
IN  port 0x0020, size 1, value 0x00
OUT port 0x0020, size 1, value 0x0B  # pic_write
IN  port 0x0020, size 1, value 0x00
OUT port 0x0020, size 1, value 0x0B  # pic_write
IN  port 0x0020, size 1, value 0x00
OUT port 0x0020, size 1, value 0x0B  # pic_write
IN  port 0x0020, size 1, value 0x00
OUT port 0x0020, size 1, value 0x0B  # pic_write
IN  port 0x0020, size 1, value 0x00
OUT port 0x0020, size 1, value 0x0B  # pic_write
IN  port 0x0020, size 1, value 0x00
OUT port 0x0020, size 1, value 0x0B  # pic_write
IN  port 0x0020, size 1, value 0x00
OUT port 0x0020, size 1, value 0x0B  # pic_write
IN  port 0x0020, size 1, value 0x00
OUT port 0x0020, size 1, value 0x0B  # pic_write
IN  port 0x0020, size 1, value 0x00
OUT port 0x0020, size 1, value 0x0B  # pic_write
IN  port 0x0020, size 1, value 0x00
OUT port 0x0020, size 1, value 0x0B  # pic_write
IN  port 0x0020, size 1, value 0x00
OUT port 0x0020, size 1, value 0x0B  # pic_write
IN  port 0x0020, size 1, value 0x00
OUT port 0x0020, size 1, value 0x0B  # pic_write
IN  port 0x0020, size 1, value 0x00
OUT port 0x0020, size 1, value 0x0B  # pic_write
IN  port 0x0020, size 1, value 0x00
OUT port 0x0020, size 1, value 0x0B  # pic_write
IN  port 0x0020, size 1, value 0x00
OUT port 0x0020, size 1, value 0x0B  # pic_write
IN  port 0x0020, size 1, value 0x00
OUT port 0x0020, size 1, value 0x0B  # pic_write
IN  port 0x0020, size 1, value 0x00
OUT port 0x0020, size 1, value 0x0B  # pic_write
IN  port 0x0020, size 1, value 0x00
OUT port 0x0020, size 1, value 0x0B  # pic_write
IN  port 0x0020, size 1, value 0x00
OUT port 0x0020, size 1, value 0x0B  # pic_write
IN  port 0x0020, size 1, value 0x00
OUT port 0x0020, size 1, value 0x0B  # pic_write
IN  port 0x0020, size 1, value 0x00
OUT port 0x0020, size 1, value 0x0B  # pic_write
IN  port 0x0020, size 1, value 0x00
OUT port 0x0020, size 1, value 0x0B  # pic_write
IN  port 0x0020, size 1, value 0x00
OUT port 0x0020, size 1, value 0x0B  # pic_write
IN  port 0x0020, size 1, value 0x00
OUT port 0x0020, size 1, value 0x0B  # pic_write
IN  port 0x0020, size 1, value 0x00
OUT port 0x0020, size 1, value 0x0B  # pic_write
IN  port 0x0020, size 1, value 0x00
OUT port 0x0020, size 1, value 0x0B  # pic_write
IN  port 0x0020, size 1, value 0x00
OUT port 0x0020, size 1, value 0x0B  # pic_write
IN  port 0x0020, size 1, value 0x00
OUT port 0x0020, size 1, value 0x0B  # pic_write
IN  port 0x0020, size 1, value 0x00
OUT port 0x0020, size 1, value 0x0B  # pic_write
IN  port 0x0020, size 1, value 0x00
OUT port 0x0020, size 1, value 0x0B  # pic_write
IN  port 0x0020, size 1, value 0x00
OUT port 0x0020, size 1, value 0x0B  # pic_write
IN  port 0x0020, size 1, value 0x00
OUT port 0x0020, size 1, value 0x0B  # pic_write
IN  port 0x0020, size 1, value 0x00
OUT port 0x0020, size 1, value 0x0B  # pic_write
IN  port 0x0020, size 1, value 0x00
OUT port 0x0020, size 1, value 0x0B  # pic_write
IN  port 0x0020, size 1, value 0x00
OUT port 0x0020, size 1, value 0x0B  # pic_write
IN  port 0x0020, size 1, value 0x00
OUT port 0x0020, size 1, value 0x0B  # pic_write
IN  port 0x0020, size 1, value 0x00
OUT port 0x0020, size 1, value 0x0B  # pic_write
IN  port 0x0020, size 1, value 0x00
OUT port 0x0020, size 1, value 0x0B  # pic_write
IN  port 0x0020, size 1, value 0x00
OUT port 0x0020, size 1, value 0x0B  # pic_write
IN  port 0x0020, size 1, value 0x00
OUT port 0x0020, size 1, value 0x0B  # pic_write
IN  port 0x0020, size 1, value 0x00
OUT port 0x0020, size 1, value 0x0B  # pic_write
IN  port 0x0020, size 1, value 0x00
OUT port 0x0020, size 1, value 0x0B  # pic_write
IN  port 0x0020, size 1, value 0x00
OUT port 0x0020, size 1, value 0x0B  # pic_write
IN  port 0x0020, size 1, value 0x00
OUT port 0x0020, size 1, value 0x0B  # pic_write
IN  port 0x0020, size 1, value 0x00
OUT port 0x0020, size 1, value 0x0B  # pic_write
IN  port 0x0020, size 1, value 0x00
OUT port 0x0020, size 1, value 0x0B  # pic_write
IN  port 0x0020, size 1, value 0x00
OUT port 0x0020, size 1, value 0x0B  # pic_write
IN  port 0x0020, size 1, value 0x00
OUT port 0x0020, size 1, value 0x0B  # pic_write
IN  port 0x0020, size 1, value 0x00
OUT port 0x0020, size 1, value 0x0B  # pic_write
IN  port 0x0020, size 1, value 0x00
OUT port 0x0020, size 1, value 0x0B  # pic_write
IN  port 0x0020, size 1, value 0x00
OUT port 0x0020, size 1, value 0x0B  # pic_write
IN  port 0x0020, size 1, value 0x00
OUT port 0x0020, size 1, value 0x0B  # pic_write
IN  port 0x0020, size 1, value 0x00
OUT port 0x0020, size 1, value 0x0B  # pic_write
IN  port 0x0020, size 1, value 0x00
OUT port 0x0020, size 1, value 0x0B  # pic_write
IN  port 0x0020, size 1, value 0x00
OUT port 0x0020, size 1, value 0x0B  # pic_write
IN  port 0x0020, size 1, value 0x00
OUT port 0x0020, size 1, value 0x0B  # pic_write
IN  port 0x0020, size 1, value 0x00
OUT port 0x0020, size 1, value 0x0B  # pic_write
IN  port 0x0020, size 1, value 0x00
OUT port 0x0020, size 1, value 0x0B  # pic_write
IN  port 0x0020, size 1, value 0x00
OUT port 0x0020, size 1, value 0x0B  # pic_write
IN  port 0x0020, size 1, value 0x00
OUT port 0x0020, size 1, value 0x0B  # pic_write
IN  port 0x0020, size 1, value 0x00
OUT port 0x0020, size 1, value 0x0B  # pic_write
IN  port 0x0020, size 1, value 0x00
OUT port 0x0020, size 1, value 0x0B  # pic_write
IN  port 0x0020, size 1, value 0x00
OUT port 0x0020, size 1, value 0x0B  # pic_write
IN  port 0x0020, size 1, value 0x00
OUT port 0x0020, size 1, value 0x0B  # pic_write
IN  port 0x0020, size 1, value 0x00
OUT port 0x0020, size 1, value 0x0B  # pic_write
IN  port 0x0020, size 1, value 0x00
OUT port 0x0020, size 1, value 0x0B  # pic_write
IN  port 0x0020, size 1, value 0x00
OUT port 0x0020, size 1, value 0x0B  # pic_write
IN  port 0x0020, size 1, value 0x00
OUT port 0x0020, size 1, value 0x0B  # pic_write
IN  port 0x0020, size 1, value 0x00
OUT port 0x0020, size 1, value 0x0B  # pic_write
IN  port 0x0020, size 1, value 0x00
OUT port 0x0020, size 1, value 0x0B  # pic_write
IN  port 0x0020, size 1, value 0x00
OUT port 0x0020, size 1, value 0x0B  # pic_write
IN  port 0x0020, size 1, value 0x00
OUT port 0x0020, size 1, value 0x0B  # pic_write
IN  port 0x0020, size 1, value 0x00
OUT port 0x0020, size 1, value 0x0B  # pic_write
IN  port 0x0020, size 1, value 0x00
OUT port 0x0020, size 1, value 0x0B  # pic_write
IN  port 0x0020, size 1, value 0x00
OUT port 0x0020, size 1, value 0x0B  # pic_write
IN  port 0x0020, size 1, value 0x00
OUT port 0x0020, size 1, value 0x0B  # pic_write
IN  port 0x0020, size 1, value 0x00
OUT port 0x0020, size 1, value 0x0B  # pic_write
IN  port 0x0020, size 1, value 0x00
OUT port 0x0020, size 1, value 0x0B  # pic_write
IN  port 0x0020, size 1, value 0x00
OUT port 0x0020, size 1, value 0x0B  # pic_write
IN  port 0x0020, size 1, value 0x00
OUT port 0x0020, size 1, value 0x0B  # pic_write
IN  port 0x0020, size 1, value 0x00
OUT port 0x0020, size 1, value 0x0B  # pic_write
IN  port 0x0020, size 1, value 0x00
OUT port 0x0020, size 1, value 0x0B  # pic_write
IN  port 0x0020, size 1, value 0x00
OUT port 0x0020, size 1, value 0x0B  # pic_write
IN  port 0x0020, size 1, value 0x00
OUT port 0x0020, size 1, value 0x0B  # pic_write
IN  port 0x0020, size 1, value 0x00
OUT port 0x0020, size 1, value 0x0B  # pic_write
IN  port 0x0020, size 1, value 0x00
OUT port 0x0020, size 1, value 0x0B  # pic_write
IN  port 0x0020, size 1, value 0x00
OUT port 0x0020, size 1, value 0x0B  # pic_write
IN  port 0x0020, size 1, value 0x00
OUT port 0x0020, size 1, value 0x0B  # pic_write
IN  port 0x0020, size 1, value 0x00
OUT port 0x0020, size 1, value 0x0B  # pic_write
IN  port 0x0020, size 1, value 0x00
OUT port 0x0020, size 1, value 0x0B  # pic_write
IN  port 0x0020, size 1, value 0x00
OUT port 0x0020, size 1, value 0x0B  # pic_write
IN  port 0x0020, size 1, value 0x00
OUT port 0x0020, size 1, value 0x0B  # pic_write
IN  port 0x0020, size 1, value 0x00
OUT port 0x0020, size 1, value 0x0B  # pic_write
IN  port 0x0020, size 1, value 0x00
OUT port 0x0020, size 1, value 0x0B  # pic_write
IN  port 0x0020, size 1, value 0x00
OUT port 0x0020, size 1, value 0x0B  # pic_write
IN  port 0x0020, size 1, value 0x00
OUT port 0x0020, size 1, value 0x0B  # pic_write
IN  port 0x0020, size 1, value 0x00
OUT port 0x0020, size 1, value 0x0B  # pic_write
IN  port 0x0020, size 1, value 0x00
OUT port 0x0020, size 1, value 0x0B  # pic_write
IN  port 0x0020, size 1, value 0x00
OUT port 0x0020, size 1, value 0x0B  # pic_write
IN  port 0x0020, size 1, value 0x00
OUT port 0x0020, size 1, value 0x0B  # pic_write
IN  port 0x0020, size 1, value 0x00
OUT port 0x0020, size 1, value 0x0B  # pic_write
IN  port 0x0020, size 1, value 0x00
OUT port 0x0020, size 1, value 0x0B  # pic_write
IN  port 0x0020, size 1, value 0x00
OUT port 0x0020, size 1, value 0x0B  # pic_write
IN  port 0x0020, size 1, value 0x00
OUT port 0x0020, size 1, value 0x0B  # pic_write
IN  port 0x0020, size 1, value 0x00
OUT port 0x0020, size 1, value 0x0B  # pic_write
IN  port 0x0020, size 1, value 0x00
OUT port 0x0020, size 1, value 0x0B  # pic_write
IN  port 0x0020, size 1, value 0x00
OUT port 0x0020, size 1, value 0x0B  # pic_write
IN  port 0x0020, size 1, value 0x00
OUT port 0x0020, size 1, value 0x0B  # pic_write
IN  port 0x0020, size 1, value 0x00
OUT port 0x0020, size 1, value 0x0B  # pic_write
IN  port 0x0020, size 1, value 0x00
OUT port 0x0020, size 1, value 0x0B  # pic_write
IN  port 0x0020, size 1, value 0x00
OUT port 0x0020, size 1, value 0x0B  # pic_write
IN  port 0x0020, size 1, value 0x00
OUT port 0x0020, size 1, value 0x0B  # pic_write
IN  port 0x0020, size 1, value 0x00
OUT port 0x0020, size 1, value 0x0B  # pic_write
IN  port 0x0020, size 1, value 0x00
OUT port 0x0020, size 1, value 0x0B  # pic_write
IN  port 0x0020, size 1, value 0x00
OUT port 0x0020, size 1, value 0x0B  # pic_write
IN  port 0x0020, size 1, value 0x00
OUT port 0x0020, size 1, value 0x0B  # pic_write
IN  port 0x0020, size 1, value 0x00
OUT port 0x0020, size 1, value 0x0B  # pic_write
IN  port 0x0020, size 1, value 0x00
OUT port 0x0020, size 1, value 0x0B  # pic_write
IN  port 0x0020, size 1, value 0x00
OUT port 0x0020, size 1, value 0x0B  # pic_write
IN  port 0x0020, size 1, value 0x00
OUT port 0x0020, size 1, value 0x0B  # pic_write
IN  port 0x0020, size 1, value 0x00
OUT port 0x0020, size 1, value 0x0B  # pic_write
IN  port 0x0020, size 1, value 0x00
OUT port 0x0020, size 1, value 0x0B  # pic_write
IN  port 0x0020, size 1, value 0x00
OUT port 0x0020, size 1, value 0x0B  # pic_write
IN  port 0x0020, size 1, value 0x00
OUT port 0x0020, size 1, value 0x0B  # pic_write
IN  port 0x0020, size 1, value 0x00
OUT port 0x0020, size 1, value 0x0B  # pic_write
IN  port 0x0020, size 1, value 0x00
OUT port 0x0020, size 1, value 0x0B  # pic_write
IN  port 0x0020, size 1, value 0x00
OUT port 0x0020, size 1, value 0x0B  # pic_write
IN  port 0x0020, size 1, value 0x00
OUT port 0x0020, size 1, value 0x0B  # pic_write
IN  port 0x0020, size 1, value 0x00
OUT port 0x0020, size 1, value 0x0B  # pic_write
IN  port 0x0020, size 1, value 0x00
OUT port 0x0020, size 1, value 0x0B  # pic_write
IN  port 0x0020, size 1, value 0x00
OUT port 0x0020, size 1, value 0x0B  # pic_write
IN  port 0x0020, size 1, value 0x00
OUT port 0x0020, size 1, value 0x0B  # pic_write
IN  port 0x0020, size 1, value 0x00
OUT port 0x0020, size 1, value 0x0B  # pic_write
IN  port 0x0020, size 1, value 0x00
OUT port 0x0020, size 1, value 0x0B  # pic_write
IN  port 0x0020, size 1, value 0x00
OUT port 0x0020, size 1, value 0x0B  # pic_write
IN  port 0x0020, size 1, value 0x00
OUT port 0x0020, size 1, value 0x0B  # pic_write
IN  port 0x0020, size 1, value 0x00
OUT port 0x0020, size 1, value 0x0B  # pic_write
IN  port 0x0020, size 1, value 0x00
OUT port 0x0020, size 1, value 0x0B  # pic_write
IN  port 0x0020, size 1, value 0x00
OUT port 0x0020, size 1, value 0x0B  # pic_write
IN  port 0x0020, size 1, value 0x00
OUT port 0x0020, size 1, value 0x0B  # pic_write
IN  port 0x0020, size 1, value 0x00
OUT port 0x0020, size 1, value 0x0B  # pic_write
IN  port 0x0020, size 1, value 0x00
OUT port 0x0020, size 1, value 0x0B  # pic_write
IN  port 0x0020, size 1, value 0x00
OUT port 0x0020, size 1, value 0x0B  # pic_write
IN  port 0x0020, size 1, value 0x00
OUT port 0x0020, size 1, value 0x0B  # pic_write
IN  port 0x0020, size 1, value 0x00
OUT port 0x0020, size 1, value 0x0B  # pic_write
IN  port 0x0020, size 1, value 0x00
OUT port 0x0020, size 1, value 0x0B  # pic_write
IN  port 0x0020, size 1, value 0x00
OUT port 0x0020, size 1, value 0x0B  # pic_write
IN  port 0x0020, size 1, value 0x00
OUT port 0x0020, size 1, value 0x0B  # pic_write
IN  port 0x0020, size 1, value 0x00
OUT port 0x0020, size 1, value 0x0B  # pic_write
IN  port 0x0020, size 1, value 0x00
OUT port 0x0020, size 1, value 0x0B  # pic_write
IN  port 0x0020, size 1, value 0x00
OUT port 0x0020, size 1, value 0x0B  # pic_write
IN  port 0x0020, size 1, value 0x00
OUT port 0x0020, size 1, value 0x0B  # pic_write
IN  port 0x0020, size 1, value 0x00
OUT port 0x0020, size 1, value 0x0B  # pic_write
IN  port 0x0020, size 1, value 0x00
OUT port 0x0020, size 1, value 0x0B  # pic_write
IN  port 0x0020, size 1, value 0x00
OUT port 0x0020, size 1, value 0x0B  # pic_write
IN  port 0x0020, size 1, value 0x00
OUT port 0x0020, size 1, value 0x0B  # pic_write
IN  port 0x0020, size 1, value 0x00
OUT port 0x0020, size 1, value 0x0B  # pic_write
IN  port 0x0020, size 1, value 0x00
OUT port 0x0020, size 1, value 0x0B  # pic_write
IN  port 0x0020, size 1, value 0x00
OUT port 0x0020, size 1, value 0x0B  # pic_write
IN  port 0x0020, size 1, value 0x00
OUT port 0x0020, size 1, value 0x0B  # pic_write
IN  port 0x0020, size 1, value 0x00
OUT port 0x0020, size 1, value 0x0B  # pic_write
IN  port 0x0020, size 1, value 0x00
OUT port 0x0020, size 1, value 0x0B  # pic_write
IN  port 0x0020, size 1, value 0x00
OUT port 0x0020, size 1, value 0x0B  # pic_write
IN  port 0x0020, size 1, value 0x00
OUT port 0x0020, size 1, value 0x0B  # pic_write
IN  port 0x0020, size 1, value 0x00
OUT port 0x0020, size 1, value 0x0B  # pic_write
IN  port 0x0020, size 1, value 0x00
OUT port 0x0020, size 1, value 0x0B  # pic_write
IN  port 0x0020, size 1, value 0x00
OUT port 0x0020, size 1, value 0x0B  # pic_write
IN  port 0x0020, size 1, value 0x00
OUT port 0x0020, size 1, value 0x0B  # pic_write
IN  port 0x0020, size 1, value 0x00
OUT port 0x0020, size 1, value 0x0B  # pic_write
IN  port 0x0020, size 1, value 0x00
OUT port 0x0020, size 1, value 0x0B  # pic_write
IN  port 0x0020, size 1, value 0x00
OUT port 0x0020, size 1, value 0x0B  # pic_write
IN  port 0x0020, size 1, value 0x00
OUT port 0x0020, size 1, value 0x0B  # pic_write
IN  port 0x0020, size 1, value 0x00
OUT port 0x0020, size 1, value 0x0B  # pic_write
IN  port 0x0020, size 1, value 0x00
OUT port 0x0020, size 1, value 0x0B  # pic_write
IN  port 0x0020, size 1, value 0x00
OUT port 0x0020, size 1, value 0x0B  # pic_write
IN  port 0x0020, size 1, value 0x00
OUT port 0x0020, size 1, value 0x0B  # pic_write
IN  port 0x0020, size 1, value 0x00
OUT port 0x0020, size 1, value 0x0B  # pic_write
IN  port 0x0020, size 1, value 0x00
OUT port 0x0020, size 1, value 0x0B  # pic_write
IN  port 0x0020, size 1, value 0x00
OUT port 0x0020, size 1, value 0x0B  # pic_write
IN  port 0x0020, size 1, value 0x00
OUT port 0x0020, size 1, value 0x0B  # pic_write
IN  port 0x0020, size 1, value 0x00
OUT port 0x0020, size 1, value 0x0B  # pic_write
IN  port 0x0020, size 1, value 0x00
OUT port 0x0020, size 1, value 0x0B  # pic_write
IN  port 0x0020, size 1, value 0x00
OUT port 0x0020, size 1, value 0x0B  # pic_write
IN  port 0x0020, size 1, value 0x00
OUT port 0x0020, size 1, value 0x0B  # pic_write
IN  port 0x0020, size 1, value 0x00
OUT port 0x0020, size 1, value 0x0B  # pic_write
IN  port 0x0020, size 1, value 0x00
OUT port 0x0020, size 1, value 0x0B  # pic_write
IN  port 0x0020, size 1, value 0x00
OUT port 0x0020, size 1, value 0x0B  # pic_write
IN  port 0x0020, size 1, value 0x00
OUT port 0x0020, size 1, value 0x0B  # pic_write
IN  port 0x0020, size 1, value 0x00
OUT port 0x0020, size 1, value 0x0B  # pic_write
IN  port 0x0020, size 1, value 0x00
OUT port 0x0020, size 1, value 0x0B  # pic_write
IN  port 0x0020, size 1, value 0x00
OUT port 0x0020, size 1, value 0x0B  # pic_write
IN  port 0x0020, size 1, value 0x00
OUT port 0x0020, size 1, value 0x0B  # pic_write
IN  port 0x0020, size 1, value 0x00
OUT port 0x0020, size 1, value 0x0B  # pic_write
IN  port 0x0020, size 1, value 0x00
OUT port 0x0020, size 1, value 0x0B  # pic_write
IN  port 0x0020, size 1, value 0x00
OUT port 0x0020, size 1, value 0x0B  # pic_write
IN  port 0x0020, size 1, value 0x00
OUT port 0x0020, size 1, value 0x0B  # pic_write
IN  port 0x0020, size 1, value 0x00
OUT port 0x0020, size 1, value 0x0B  # pic_write
IN  port 0x0020, size 1, value 0x00
OUT port 0x0020, size 1, value 0x0B  # pic_write
IN  port 0x0020, size 1, value 0x00
OUT port 0x0020, size 1, value 0x0B  # pic_write
IN  port 0x0020, size 1, value 0x00
OUT port 0x0020, size 1, value 0x0B  # pic_write
IN  port 0x0020, size 1, value 0x00
OUT port 0x0020, size 1, value 0x0B  # pic_write
IN  port 0x0020, size 1, value 0x00
OUT port 0x0020, size 1, value 0x0B  # pic_write
IN  port 0x0020, size 1, value 0x00
OUT port 0x0020, size 1, value 0x0B  # pic_write
IN  port 0x0020, size 1, value 0x00
OUT port 0x0020, size 1, value 0x0B  # pic_write
IN  port 0x0020, size 1, value 0x00
OUT port 0x0020, size 1, value 0x0B  # pic_write
IN  port 0x0020, size 1, value 0x00
OUT port 0x0020, size 1, value 0x0B  # pic_write
IN  port 0x0020, size 1, value 0x00
OUT port 0x0020, size 1, value 0x0B  # pic_write
IN  port 0x0020, size 1, value 0x00
OUT port 0x0020, size 1, value 0x0B  # pic_write
IN  port 0x0020, size 1, value 0x00
OUT port 0x0020, size 1, value 0x0B  # pic_write
IN  port 0x0020, size 1, value 0x00
OUT port 0x0020, size 1, value 0x0B  # pic_write
IN  port 0x0020, size 1, value 0x00
OUT port 0x0020, size 1, value 0x0B  # pic_write
IN  port 0x0020, size 1, value 0x00
OUT port 0x0020, size 1, value 0x0B  # pic_write
IN  port 0x0020, size 1, value 0x00
OUT port 0x0020, size 1, value 0x0B  # pic_write
IN  port 0x0020, size 1, value 0x00
OUT port 0x0020, size 1, value 0x0B  # pic_write
IN  port 0x0020, size 1, value 0x00
OUT port 0x0020, size 1, value 0x0B  # pic_write
IN  port 0x0020, size 1, value 0x00
OUT port 0x0020, size 1, value 0x0B  # pic_write
IN  port 0x0020, size 1, value 0x00
OUT port 0x0020, size 1, value 0x0B  # pic_write
IN  port 0x0020, size 1, value 0x00
OUT port 0x0020, size 1, value 0x0B  # pic_write
IN  port 0x0020, size 1, value 0x00
OUT port 0x0020, size 1, value 0x0B  # pic_write
IN  port 0x0020, size 1, value 0x00
OUT port 0x0020, size 1, value 0x0B  # pic_write
IN  port 0x0020, size 1, value 0x00
OUT port 0x0020, size 1, value 0x0B  # pic_write
IN  port 0x0020, size 1, value 0x00
OUT port 0x0020, size 1, value 0x0B  # pic_write
IN  port 0x0020, size 1, value 0x00
OUT port 0x0020, size 1, value 0x0B  # pic_write
IN  port 0x0020, size 1, value 0x00
OUT port 0x0020, size 1, value 0x0B  # pic_write
IN  port 0x0020, size 1, value 0x00
OUT port 0x0020, size 1, value 0x0B  # pic_write
IN  port 0x0020, size 1, value 0x00
OUT port 0x0020, size 1, value 0x0B  # pic_write
IN  port 0x0020, size 1, value 0x00
OUT port 0x0020, size 1, value 0x0B  # pic_write
IN  port 0x0020, size 1, value 0x00
OUT port 0x0020, size 1, value 0x0B  # pic_write
IN  port 0x0020, size 1, value 0x00
OUT port 0x0020, size 1, value 0x0B  # pic_write
IN  port 0x0020, size 1, value 0x00
OUT port 0x0020, size 1, value 0x0B  # pic_write
IN  port 0x0020, size 1, value 0x00
OUT port 0x0020, size 1, value 0x0B  # pic_write
IN  port 0x0020, size 1, value 0x00
OUT port 0x0020, size 1, value 0x0B  # pic_write
IN  port 0x0020, size 1, value 0x00
OUT port 0x0020, size 1, value 0x0B  # pic_write
IN  port 0x0020, size 1, value 0x00
OUT port 0x0020, size 1, value 0x0B  # pic_write
IN  port 0x0020, size 1, value 0x00
OUT port 0x0020, size 1, value 0x0B  # pic_write
IN  port 0x0020, size 1, value 0x00
OUT port 0x0020, size 1, value 0x0B  # pic_write
IN  port 0x0020, size 1, value 0x00
OUT port 0x0020, size 1, value 0x0B  # pic_write
IN  port 0x0020, size 1, value 0x00
OUT port 0x0020, size 1, value 0x0B  # pic_write
IN  port 0x0020, size 1, value 0x00
OUT port 0x0020, size 1, value 0x0B  # pic_write
IN  port 0x0020, size 1, value 0x00
OUT port 0x0020, size 1, value 0x0B  # pic_write
IN  port 0x0020, size 1, value 0x00
OUT port 0x0020, size 1, value 0x0B  # pic_write
IN  port 0x0020, size 1, value 0x00
OUT port 0x0020, size 1, value 0x0B  # pic_write
IN  port 0x0020, size 1, value 0x00
OUT port 0x0020, size 1, value 0x0B  # pic_write
IN  port 0x0020, size 1, value 0x00
OUT port 0x0020, size 1, value 0x0B  # pic_write
IN  port 0x0020, size 1, value 0x00
OUT port 0x0020, size 1, value 0x0B  # pic_write
IN  port 0x0020, size 1, value 0x00
OUT port 0x0020, size 1, value 0x0B  # pic_write
IN  port 0x0020, size 1, value 0x00
OUT port 0x0020, size 1, value 0x0B  # pic_write
IN  port 0x0020, size 1, value 0x00
OUT port 0x0020, size 1, value 0x0B  # pic_write
IN  port 0x0020, size 1, value 0x00
OUT port 0x0020, size 1, value 0x0B  # pic_write
IN  port 0x0020, size 1, value 0x00
OUT port 0x0020, size 1, value 0x0B  # pic_write
IN  port 0x0020, size 1, value 0x00
OUT port 0x0020, size 1, value 0x0B  # pic_write
IN  port 0x0020, size 1, value 0x00
OUT port 0x0020, size 1, value 0x0B  # pic_write
IN  port 0x0020, size 1, value 0x00
OUT port 0x0020, size 1, value 0x0B  # pic_write
IN  port 0x0020, size 1, value 0x00
OUT port 0x0020, size 1, value 0x0B  # pic_write
IN  port 0x0020, size 1, value 0x00
OUT port 0x0020, size 1, value 0x0B  # pic_write
IN  port 0x0020, size 1, value 0x00
OUT port 0x0020, size 1, value 0x0B  # pic_write
IN  port 0x0020, size 1, value 0x00
OUT port 0x0020, size 1, value 0x0B  # pic_write
IN  port 0x0020, size 1, value 0x00
OUT port 0x0020, size 1, value 0x0B  # pic_write
IN  port 0x0020, size 1, value 0x00
OUT port 0x0020, size 1, value 0x0B  # pic_write
IN  port 0x0020, size 1, value 0x00
OUT port 0x0020, size 1, value 0x0B  # pic_write
IN  port 0x0020, size 1, value 0x00
OUT port 0x0020, size 1, value 0x0B  # pic_write
IN  port 0x0020, size 1, value 0x00
OUT port 0x0020, size 1, value 0x0B  # pic_write
IN  port 0x0020, size 1, value 0x00
OUT port 0x0020, size 1, value 0x0B  # pic_write
IN  port 0x0020, size 1, value 0x00
OUT port 0x0020, size 1, value 0x0B  # pic_write
IN  port 0x0020, size 1, value 0x00
OUT port 0x0020, size 1, value 0x0B  # pic_write
IN  port 0x0020, size 1, value 0x00
OUT port 0x0020, size 1, value 0x0B  # pic_write
IN  port 0x0020, size 1, value 0x00
OUT port 0x0020, size 1, value 0x0B  # pic_write
IN  port 0x0020, size 1, value 0x00
OUT port 0x0020, size 1, value 0x0B  # pic_write
IN  port 0x0020, size 1, value 0x00
OUT port 0x0020, size 1, value 0x0B  # pic_write
IN  port 0x0020, size 1, value 0x00
OUT port 0x0020, size 1, value 0x0B  # pic_write
IN  port 0x0020, size 1, value 0x00
OUT port 0x0020, size 1, value 0x0B  # pic_write
IN  port 0x0020, size 1, value 0x00
OUT port 0x0020, size 1, value 0x0B  # pic_write
IN  port 0x0020, size 1, value 0x00
OUT port 0x0020, size 1, value 0x0B  # pic_write
IN  port 0x0020, size 1, value 0x00
OUT port 0x0020, size 1, value 0x0B  # pic_write
IN  port 0x0020, size 1, value 0x00
OUT port 0x0020, size 1, value 0x0B  # pic_write
IN  port 0x0020, size 1, value 0x00
OUT port 0x0020, size 1, value 0x0B  # pic_write
IN  port 0x0020, size 1, value 0x00
OUT port 0x0020, size 1, value 0x0B  # pic_write
IN  port 0x0020, size 1, value 0x00
OUT port 0x0020, size 1, value 0x0B  # pic_write
IN  port 0x0020, size 1, value 0x00
OUT port 0x0020, size 1, value 0x0B  # pic_write
IN  port 0x0020, size 1, value 0x00
OUT port 0x0020, size 1, value 0x0B  # pic_write
IN  port 0x0020, size 1, value 0x00
OUT port 0x0020, size 1, value 0x0B  # pic_write
IN  port 0x0020, size 1, value 0x00
OUT port 0x0020, size 1, value 0x0B  # pic_write
IN  port 0x0020, size 1, value 0x00
OUT port 0x0020, size 1, value 0x0B  # pic_write
IN  port 0x0020, size 1, value 0x00
OUT port 0x0020, size 1, value 0x0B  # pic_write
IN  port 0x0020, size 1, value 0x00
OUT port 0x0020, size 1, value 0x0B  # pic_write
IN  port 0x0020, size 1, value 0x00
OUT port 0x0020, size 1, value 0x0B  # pic_write
IN  port 0x0020, size 1, value 0x00
OUT port 0x0020, size 1, value 0x0B  # pic_write
IN  port 0x0020, size 1, value 0x00
OUT port 0x0020, size 1, value 0x0B  # pic_write
IN  port 0x0020, size 1, value 0x00
OUT port 0x0020, size 1, value 0x0B  # pic_write
IN  port 0x0020, size 1, value 0x00
OUT port 0x0020, size 1, value 0x0B  # pic_write
IN  port 0x0020, size 1, value 0x00
OUT port 0x0020, size 1, value 0x0B  # pic_write
IN  port 0x0020, size 1, value 0x00
OUT port 0x0020, size 1, value 0x0B  # pic_write
IN  port 0x0020, size 1, value 0x00
OUT port 0x0020, size 1, value 0x0B  # pic_write
IN  port 0x0020, size 1, value 0x00
OUT port 0x0020, size 1, value 0x0B  # pic_write
IN  port 0x0020, size 1, value 0x00
OUT port 0x0020, size 1, value 0x0B  # pic_write
IN  port 0x0020, size 1, value 0x00
OUT port 0x0020, size 1, value 0x0B  # pic_write
IN  port 0x0020, size 1, value 0x00
OUT port 0x0020, size 1, value 0x0B  # pic_write
IN  port 0x0020, size 1, value 0x00
OUT port 0x0020, size 1, value 0x0B  # pic_write
IN  port 0x0020, size 1, value 0x00
OUT port 0x0020, size 1, value 0x0B  # pic_write
IN  port 0x0020, size 1, value 0x00
OUT port 0x0020, size 1, value 0x0B  # pic_write
IN  port 0x0020, size 1, value 0x00
OUT port 0x0020, size 1, value 0x0B  # pic_write
IN  port 0x0020, size 1, value 0x00
OUT port 0x0020, size 1, value 0x0B  # pic_write
IN  port 0x0020, size 1, value 0x00
OUT port 0x0020, size 1, value 0x0B  # pic_write
IN  port 0x0020, size 1, value 0x00
OUT port 0x0020, size 1, value 0x0B  # pic_write
IN  port 0x0020, size 1, value 0x00
OUT port 0x0020, size 1, value 0x0B  # pic_write
IN  port 0x0020, size 1, value 0x00
OUT port 0x0020, size 1, value 0x0B  # pic_write
IN  port 0x0020, size 1, value 0x00
OUT port 0x0020, size 1, value 0x0B  # pic_write
IN  port 0x0020, size 1, value 0x00
OUT port 0x0020, size 1, value 0x0B  # pic_write
IN  port 0x0020, size 1, value 0x00
OUT port 0x0020, size 1, value 0x0B  # pic_write
IN  port 0x0020, size 1, value 0x00
OUT port 0x0020, size 1, value 0x0B  # pic_write
IN  port 0x0020, size 1, value 0x00
OUT port 0x0020, size 1, value 0x0B  # pic_write
IN  port 0x0020, size 1, value 0x00
OUT port 0x0020, size 1, value 0x0B  # pic_write
IN  port 0x0020, size 1, value 0x00
OUT port 0x0020, size 1, value 0x0B  # pic_write
IN  port 0x0020, size 1, value 0x00
OUT port 0x0020, size 1, value 0x0B  # pic_write
IN  port 0x0020, size 1, value 0x00
OUT port 0x0020, size 1, value 0x0B  # pic_write
IN  port 0x0020, size 1, value 0x00
OUT port 0x0020, size 1, value 0x0B  # pic_write
IN  port 0x0020, size 1, value 0x00
OUT port 0x0020, size 1, value 0x0B  # pic_write
IN  port 0x0020, size 1, value 0x00
OUT port 0x0020, size 1, value 0x0B  # pic_write
IN  port 0x0020, size 1, value 0x00
OUT port 0x0020, size 1, value 0x0B  # pic_write
IN  port 0x0020, size 1, value 0x00
OUT port 0x0020, size 1, value 0x0B  # pic_write
IN  port 0x0020, size 1, value 0x00
OUT port 0x0020, size 1, value 0x0B  # pic_write
IN  port 0x0020, size 1, value 0x00
OUT port 0x0020, size 1, value 0x0B  # pic_write
IN  port 0x0020, size 1, value 0x00
OUT port 0x0020, size 1, value 0x0B  # pic_write
IN  port 0x0020, size 1, value 0x00
OUT port 0x0020, size 1, value 0x0B  # pic_write
IN  port 0x0020, size 1, value 0x00
OUT port 0x0020, size 1, value 0x0B  # pic_write
IN  port 0x0020, size 1, value 0x00
OUT port 0x0020, size 1, value 0x0B  # pic_write
IN  port 0x0020, size 1, value 0x00
OUT port 0x0020, size 1, value 0x0B  # pic_write
IN  port 0x0020, size 1, value 0x00
OUT port 0x0020, size 1, value 0x0B  # pic_write
IN  port 0x0020, size 1, value 0x00
OUT port 0x0020, size 1, value 0x0B  # pic_write
IN  port 0x0020, size 1, value 0x00
OUT port 0x0020, size 1, value 0x0B  # pic_write
IN  port 0x0020, size 1, value 0x00
OUT port 0x0020, size 1, value 0x0B  # pic_write
IN  port 0x0020, size 1, value 0x00
OUT port 0x0020, size 1, value 0x0B  # pic_write
IN  port 0x0020, size 1, value 0x00
OUT port 0x0020, size 1, value 0x0B  # pic_write
IN  port 0x0020, size 1, value 0x00
OUT port 0x0020, size 1, value 0x0B  # pic_write
IN  port 0x0020, size 1, value 0x00
OUT port 0x0020, size 1, value 0x0B  # pic_write
IN  port 0x0020, size 1, value 0x00
OUT port 0x0020, size 1, value 0x0B  # pic_write
IN  port 0x0020, size 1, value 0x00
OUT port 0x0020, size 1, value 0x0B  # pic_write
IN  port 0x0020, size 1, value 0x00
OUT port 0x0020, size 1, value 0x0B  # pic_write
IN  port 0x0020, size 1, value 0x00
OUT port 0x0020, size 1, value 0x0B  # pic_write
IN  port 0x0020, size 1, value 0x00
OUT port 0x0020, size 1, value 0x0B  # pic_write
IN  port 0x0020, size 1, value 0x00
OUT port 0x0020, size 1, value 0x0B  # pic_write
IN  port 0x0020, size 1, value 0x00
OUT port 0x0020, size 1, value 0x0B  # pic_write
IN  port 0x0020, size 1, value 0x00
OUT port 0x0020, size 1, value 0x0B  # pic_write
IN  port 0x0020, size 1, value 0x00
OUT port 0x0020, size 1, value 0x0B  # pic_write
IN  port 0x0020, size 1, value 0x00
OUT port 0x0020, size 1, value 0x0B  # pic_write
IN  port 0x0020, size 1, value 0x00
OUT port 0x0020, size 1, value 0x0B  # pic_write
IN  port 0x0020, size 1, value 0x00
OUT port 0x0020, size 1, value 0x0B  # pic_write
IN  port 0x0020, size 1, value 0x00
OUT port 0x0020, size 1, value 0x0B  # pic_write
IN  port 0x0020, size 1, value 0x00
OUT port 0x0020, size 1, value 0x0B  # pic_write
IN  port 0x0020, size 1, value 0x00
OUT port 0x0020, size 1, value 0x0B  # pic_write
IN  port 0x0020, size 1, value 0x00
OUT port 0x0020, size 1, value 0x0B  # pic_write
IN  port 0x0020, size 1, value 0x00
OUT port 0x0020, size 1, value 0x0B  # pic_write
IN  port 0x0020, size 1, value 0x00
OUT port 0x0020, size 1, value 0x0B  # pic_write
IN  port 0x0020, size 1, value 0x00
OUT port 0x0020, size 1, value 0x0B  # pic_write
IN  port 0x0020, size 1, value 0x00
OUT port 0x0020, size 1, value 0x0B  # pic_write
IN  port 0x0020, size 1, value 0x00
OUT port 0x0020, size 1, value 0x0B  # pic_write
IN  port 0x0020, size 1, value 0x00
OUT port 0x0020, size 1, value 0x0B  # pic_write
IN  port 0x0020, size 1, value 0x00
OUT port 0x0020, size 1, value 0x0B  # pic_write
IN  port 0x0020, size 1, value 0x00
OUT port 0x0020, size 1, value 0x0B  # pic_write
IN  port 0x0020, size 1, value 0x00
OUT port 0x0020, size 1, value 0x0B  # pic_write
IN  port 0x0020, size 1, value 0x00
OUT port 0x0020, size 1, value 0x0B  # pic_write
IN  port 0x0020, size 1, value 0x00
OUT port 0x0020, size 1, value 0x0B  # pic_write
IN  port 0x0020, size 1, value 0x00
OUT port 0x0020, size 1, value 0x0B  # pic_write
IN  port 0x0020, size 1, value 0x00
OUT port 0x0020, size 1, value 0x0B  # pic_write
IN  port 0x0020, size 1, value 0x00
OUT port 0x0020, size 1, value 0x0B  # pic_write
IN  port 0x0020, size 1, value 0x00
OUT port 0x0020, size 1, value 0x0B  # pic_write
IN  port 0x0020, size 1, value 0x00
OUT port 0x0020, size 1, value 0x0B  # pic_write
IN  port 0x0020, size 1, value 0x00
OUT port 0x0020, size 1, value 0x0B  # pic_write
IN  port 0x0020, size 1, value 0x00
OUT port 0x0020, size 1, value 0x0B  # pic_write
IN  port 0x0020, size 1, value 0x00
OUT port 0x0020, size 1, value 0x0B  # pic_write
IN  port 0x0020, size 1, value 0x00
OUT port 0x0020, size 1, value 0x0B  # pic_write
IN  port 0x0020, size 1, value 0x00
OUT port 0x0020, size 1, value 0x0B  # pic_write
IN  port 0x0020, size 1, value 0x00
OUT port 0x0020, size 1, value 0x0B  # pic_write
IN  port 0x0020, size 1, value 0x00
OUT port 0x0020, size 1, value 0x0B  # pic_write
IN  port 0x0020, size 1, value 0x00
OUT port 0x0020, size 1, value 0x0B  # pic_write
IN  port 0x0020, size 1, value 0x00
OUT port 0x0020, size 1, value 0x0B  # pic_write
IN  port 0x0020, size 1, value 0x00
OUT port 0x0020, size 1, value 0x0B  # pic_write
IN  port 0x0020, size 1, value 0x00
OUT port 0x0020, size 1, value 0x0B  # pic_write
IN  port 0x0020, size 1, value 0x00
OUT port 0x0020, size 1, value 0x0B  # pic_write
IN  port 0x0020, size 1, value 0x00
OUT port 0x0020, size 1, value 0x0B  # pic_write
IN  port 0x0020, size 1, value 0x00
OUT port 0x0020, size 1, value 0x0B  # pic_write
IN  port 0x0020, size 1, value 0x00
OUT port 0x0020, size 1, value 0x0B  # pic_write
IN  port 0x0020, size 1, value 0x00
OUT port 0x0020, size 1, value 0x0B  # pic_write
IN  port 0x0020, size 1, value 0x00
OUT port 0x0020, size 1, value 0x0B  # pic_write
IN  port 0x0020, size 1, value 0x00
OUT port 0x0020, size 1, value 0x0B  # pic_write
IN  port 0x0020, size 1, value 0x00
OUT port 0x0020, size 1, value 0x0B  # pic_write
IN  port 0x0020, size 1, value 0x00
OUT port 0x0020, size 1, value 0x0B  # pic_write
IN  port 0x0020, size 1, value 0x00
OUT port 0x0020, size 1, value 0x0B  # pic_write
IN  port 0x0020, size 1, value 0x00
OUT port 0x0020, size 1, value 0x0B  # pic_write
IN  port 0x0020, size 1, value 0x00
OUT port 0x0020, size 1, value 0x0B  # pic_write
IN  port 0x0020, size 1, value 0x00
OUT port 0x0020, size 1, value 0x0B  # pic_write
IN  port 0x0020, size 1, value 0x00
OUT port 0x0020, size 1, value 0x0B  # pic_write
IN  port 0x0020, size 1, value 0x00
OUT port 0x0020, size 1, value 0x0B  # pic_write
IN  port 0x0020, size 1, value 0x00
OUT port 0x0020, size 1, value 0x0B  # pic_write
IN  port 0x0020, size 1, value 0x00
OUT port 0x0020, size 1, value 0x0B  # pic_write
IN  port 0x0020, size 1, value 0x00
OUT port 0x0020, size 1, value 0x0B  # pic_write
IN  port 0x0020, size 1, value 0x00
OUT port 0x0020, size 1, value 0x0B  # pic_write
IN  port 0x0020, size 1, value 0x00
OUT port 0x0020, size 1, value 0x0B  # pic_write
IN  port 0x0020, size 1, value 0x00
OUT port 0x0020, size 1, value 0x0B  # pic_write
IN  port 0x0020, size 1, value 0x00
OUT port 0x0020, size 1, value 0x0B  # pic_write
IN  port 0x0020, size 1, value 0x00
OUT port 0x0020, size 1, value 0x0B  # pic_write
IN  port 0x0020, size 1, value 0x00
OUT port 0x0020, size 1, value 0x0B  # pic_write
IN  port 0x0020, size 1, value 0x00
OUT port 0x0020, size 1, value 0x0B  # pic_write
IN  port 0x0020, size 1, value 0x00
OUT port 0x0020, size 1, value 0x0B  # pic_write
IN  port 0x0020, size 1, value 0x00
OUT port 0x0020, size 1, value 0x0B  # pic_write
IN  port 0x0020, size 1, value 0x00
OUT port 0x0020, size 1, value 0x0B  # pic_write
IN  port 0x0020, size 1, value 0x00
OUT port 0x0020, size 1, value 0x0B  # pic_write
IN  port 0x0020, size 1, value 0x00
OUT port 0x0020, size 1, value 0x0B  # pic_write
IN  port 0x0020, size 1, value 0x00
OUT port 0x0020, size 1, value 0x0B  # pic_write
IN  port 0x0020, size 1, value 0x00
OUT port 0x0020, size 1, value 0x0B  # pic_write
IN  port 0x0020, size 1, value 0x00
OUT port 0x0020, size 1, value 0x0B  # pic_write
IN  port 0x0020, size 1, value 0x00
OUT port 0x0020, size 1, value 0x0B  # pic_write
IN  port 0x0020, size 1, value 0x00
OUT port 0x0020, size 1, value 0x0B  # pic_write
IN  port 0x0020, size 1, value 0x00
OUT port 0x0020, size 1, value 0x0B  # pic_write
IN  port 0x0020, size 1, value 0x00
OUT port 0x0020, size 1, value 0x0B  # pic_write
IN  port 0x0020, size 1, value 0x00
OUT port 0x0020, size 1, value 0x0B  # pic_write
IN  port 0x0020, size 1, value 0x00
OUT port 0x0020, size 1, value 0x0B  # pic_write
IN  port 0x0020, size 1, value 0x00
OUT port 0x0020, size 1, value 0x0B  # pic_write
IN  port 0x0020, size 1, value 0x00
OUT port 0x0020, size 1, value 0x0B  # pic_write
IN  port 0x0020, size 1, value 0x00
OUT port 0x0020, size 1, value 0x0B  # pic_write
IN  port 0x0020, size 1, value 0x00
OUT port 0x0020, size 1, value 0x0B  # pic_write
IN  port 0x0020, size 1, value 0x00
OUT port 0x0020, size 1, value 0x0B  # pic_write
IN  port 0x0020, size 1, value 0x00
OUT port 0x0020, size 1, value 0x0B  # pic_write
IN  port 0x0020, size 1, value 0x00
OUT port 0x0020, size 1, value 0x0B  # pic_write
IN  port 0x0020, size 1, value 0x00
OUT port 0x0020, size 1, value 0x0B  # pic_write
IN  port 0x0020, size 1, value 0x00
OUT port 0x0020, size 1, value 0x0B  # pic_write
IN  port 0x0020, size 1, value 0x00
OUT port 0x0020, size 1, value 0x0B  # pic_write
IN  port 0x0020, size 1, value 0x00
OUT port 0x0020, size 1, value 0x0B  # pic_write
IN  port 0x0020, size 1, value 0x00
OUT port 0x0020, size 1, value 0x0B  # pic_write
IN  port 0x0020, size 1, value 0x00
OUT port 0x0020, size 1, value 0x0B  # pic_write
IN  port 0x0020, size 1, value 0x00
OUT port 0x0020, size 1, value 0x0B  # pic_write
IN  port 0x0020, size 1, value 0x00
OUT port 0x0020, size 1, value 0x0B  # pic_write
IN  port 0x0020, size 1, value 0x00
OUT port 0x0020, size 1, value 0x0B  # pic_write
IN  port 0x0020, size 1, value 0x00
OUT port 0x0020, size 1, value 0x0B  # pic_write
IN  port 0x0020, size 1, value 0x00
OUT port 0x0020, size 1, value 0x0B  # pic_write
IN  port 0x0020, size 1, value 0x00
OUT port 0x0020, size 1, value 0x0B  # pic_write
IN  port 0x0020, size 1, value 0x00
OUT port 0x0020, size 1, value 0x0B  # pic_write
IN  port 0x0020, size 1, value 0x00
OUT port 0x0020, size 1, value 0x0B  # pic_write
IN  port 0x0020, size 1, value 0x00
OUT port 0x0020, size 1, value 0x0B  # pic_write
IN  port 0x0020, size 1, value 0x00
OUT port 0x0020, size 1, value 0x0B  # pic_write
IN  port 0x0020, size 1, value 0x00
OUT port 0x0020, size 1, value 0x0B  # pic_write
IN  port 0x0020, size 1, value 0x00
OUT port 0x0020, size 1, value 0x0B  # pic_write
IN  port 0x0020, size 1, value 0x00
OUT port 0x0020, size 1, value 0x0B  # pic_write
IN  port 0x0020, size 1, value 0x00
OUT port 0x0020, size 1, value 0x0B  # pic_write
IN  port 0x0020, size 1, value 0x00
OUT port 0x0020, size 1, value 0x0B  # pic_write
IN  port 0x0020, size 1, value 0x00
OUT port 0x0020, size 1, value 0x0B  # pic_write
IN  port 0x0020, size 1, value 0x00
OUT port 0x0020, size 1, value 0x0B  # pic_write
IN  port 0x0020, size 1, value 0x00
OUT port 0x0020, size 1, value 0x0B  # pic_write
IN  port 0x0020, size 1, value 0x00
OUT port 0x0020, size 1, value 0x0B  # pic_write
IN  port 0x0020, size 1, value 0x00
OUT port 0x0020, size 1, value 0x0B  # pic_write
IN  port 0x0020, size 1, value 0x00
OUT port 0x0020, size 1, value 0x0B  # pic_write
IN  port 0x0020, size 1, value 0x00
OUT port 0x0020, size 1, value 0x0B  # pic_write
IN  port 0x0020, size 1, value 0x00
OUT port 0x0020, size 1, value 0x0B  # pic_write
IN  port 0x0020, size 1, value 0x00
OUT port 0x0020, size 1, value 0x0B  # pic_write
IN  port 0x0020, size 1, value 0x00
OUT port 0x0020, size 1, value 0x0B  # pic_write
IN  port 0x0020, size 1, value 0x00
OUT port 0x0020, size 1, value 0x0B  # pic_write
IN  port 0x0020, size 1, value 0x00
OUT port 0x0020, size 1, value 0x0B  # pic_write
IN  port 0x0020, size 1, value 0x00
OUT port 0x0020, size 1, value 0x0B  # pic_write
IN  port 0x0020, size 1, value 0x00
OUT port 0x0020, size 1, value 0x0B  # pic_write
IN  port 0x0020, size 1, value 0x00
OUT port 0x0020, size 1, value 0x0B  # pic_write
IN  port 0x0020, size 1, value 0x00
OUT port 0x0020, size 1, value 0x0B  # pic_write
IN  port 0x0020, size 1, value 0x00
OUT port 0x0020, size 1, value 0x0B  # pic_write
IN  port 0x0020, size 1, value 0x00
OUT port 0x0020, size 1, value 0x0B  # pic_write
IN  port 0x0020, size 1, value 0x00
OUT port 0x0020, size 1, value 0x0B  # pic_write
IN  port 0x0020, size 1, value 0x00
OUT port 0x0020, size 1, value 0x0B  # pic_write
IN  port 0x0020, size 1, value 0x00
OUT port 0x0020, size 1, value 0x0B  # pic_write
IN  port 0x0020, size 1, value 0x00
OUT port 0x0020, size 1, value 0x0B  # pic_write
IN  port 0x0020, size 1, value 0x00
OUT port 0x0020, size 1, value 0x0B  # pic_write
IN  port 0x0020, size 1, value 0x00
OUT port 0x0020, size 1, value 0x0B  # pic_write
IN  port 0x0020, size 1, value 0x00
OUT port 0x0020, size 1, value 0x0B  # pic_write
IN  port 0x0020, size 1, value 0x00
OUT port 0x0020, size 1, value 0x0B  # pic_write
IN  port 0x0020, size 1, value 0x00
OUT port 0x0020, size 1, value 0x0B  # pic_write
IN  port 0x0020, size 1, value 0x00
OUT port 0x0020, size 1, value 0x0B  # pic_write
IN  port 0x0020, size 1, value 0x00
OUT port 0x0020, size 1, value 0x0B  # pic_write
IN  port 0x0020, size 1, value 0x00
OUT port 0x0020, size 1, value 0x0B  # pic_write
IN  port 0x0020, size 1, value 0x00
OUT port 0x0020, size 1, value 0x0B  # pic_write
IN  port 0x0020, size 1, value 0x00
OUT port 0x0020, size 1, value 0x0B  # pic_write
IN  port 0x0020, size 1, value 0x00
OUT port 0x0020, size 1, value 0x0B  # pic_write
IN  port 0x0020, size 1, value 0x00
OUT port 0x0020, size 1, value 0x0B  # pic_write
IN  port 0x0020, size 1, value 0x00
OUT port 0x0020, size 1, value 0x0B  # pic_write
IN  port 0x0020, size 1, value 0x00
OUT port 0x0020, size 1, value 0x0B  # pic_write
IN  port 0x0020, size 1, value 0x00
OUT port 0x0020, size 1, value 0x0B  # pic_write
IN  port 0x0020, size 1, value 0x00
OUT port 0x0020, size 1, value 0x0B  # pic_write
IN  port 0x0020, size 1, value 0x00
OUT port 0x0020, size 1, value 0x0B  # pic_write
IN  port 0x0020, size 1, value 0x00
OUT port 0x0020, size 1, value 0x0B  # pic_write
IN  port 0x0020, size 1, value 0x00
OUT port 0x0020, size 1, value 0x0B  # pic_write
IN  port 0x0020, size 1, value 0x00
OUT port 0x0020, size 1, value 0x0B  # pic_write
IN  port 0x0020, size 1, value 0x00
OUT port 0x0020, size 1, value 0x0B  # pic_write
IN  port 0x0020, size 1, value 0x00
OUT port 0x0020, size 1, value 0x0B  # pic_write
IN  port 0x0020, size 1, value 0x00
OUT port 0x0020, size 1, value 0x0B  # pic_write
IN  port 0x0020, size 1, value 0x00
OUT port 0x0020, size 1, value 0x0B  # pic_write
IN  port 0x0020, size 1, value 0x00
OUT port 0x0020, size 1, value 0x0B  # pic_write
IN  port 0x0020, size 1, value 0x00
OUT port 0x0020, size 1, value 0x0B  # pic_write
IN  port 0x0020, size 1, value 0x00
OUT port 0x0020, size 1, value 0x0B  # pic_write
IN  port 0x0020, size 1, value 0x00
OUT port 0x0020, size 1, value 0x0B  # pic_write
IN  port 0x0020, size 1, value 0x00
OUT port 0x0020, size 1, value 0x0B  # pic_write
IN  port 0x0020, size 1, value 0x00
OUT port 0x0020, size 1, value 0x0B  # pic_write
IN  port 0x0020, size 1, value 0x00
OUT port 0x0020, size 1, value 0x0B  # pic_write
IN  port 0x0020, size 1, value 0x00
OUT port 0x0020, size 1, value 0x0B  # pic_write
IN  port 0x0020, size 1, value 0x00
OUT port 0x0020, size 1, value 0x0B  # pic_write
IN  port 0x0020, size 1, value 0x00
OUT port 0x0020, size 1, value 0x0B  # pic_write
IN  port 0x0020, size 1, value 0x00
OUT port 0x0020, size 1, value 0x0B  # pic_write
IN  port 0x0020, size 1, value 0x00
OUT port 0x0020, size 1, value 0x0B  # pic_write
IN  port 0x0020, size 1, value 0x00
OUT port 0x0020, size 1, value 0x0B  # pic_write
IN  port 0x0020, size 1, value 0x00
OUT port 0x0020, size 1, value 0x0B  # pic_write
IN  port 0x0020, size 1, value 0x00
OUT port 0x0020, size 1, value 0x0B  # pic_write
IN  port 0x0020, size 1, value 0x00
OUT port 0x0020, size 1, value 0x0B  # pic_write
IN  port 0x0020, size 1, value 0x00
OUT port 0x0020, size 1, value 0x0B  # pic_write
IN  port 0x0020, size 1, value 0x00
OUT port 0x0020, size 1, value 0x0B  # pic_write
IN  port 0x0020, size 1, value 0x00
OUT port 0x0020, size 1, value 0x0B  # pic_write
IN  port 0x0020, size 1, value 0x00
OUT port 0x0020, size 1, value 0x0B  # pic_write
IN  port 0x0020, size 1, value 0x00
OUT port 0x0020, size 1, value 0x0B  # pic_write
IN  port 0x0020, size 1, value 0x00
OUT port 0x0020, size 1, value 0x0B  # pic_write
IN  port 0x0020, size 1, value 0x00
OUT port 0x0020, size 1, value 0x0B  # pic_write
IN  port 0x0020, size 1, value 0x00
OUT port 0x0020, size 1, value 0x0B  # pic_write
IN  port 0x0020, size 1, value 0x00
OUT port 0x0020, size 1, value 0x0B  # pic_write
IN  port 0x0020, size 1, value 0x00
OUT port 0x0020, size 1, value 0x0B  # pic_write
IN  port 0x0020, size 1, value 0x00
OUT port 0x0020, size 1, value 0x0B  # pic_write
IN  port 0x0020, size 1, value 0x00
OUT port 0x0020, size 1, value 0x0B  # pic_write
IN  port 0x0020, size 1, value 0x00
OUT port 0x0020, size 1, value 0x0B  # pic_write
IN  port 0x0020, size 1, value 0x00
OUT port 0x0020, size 1, value 0x0B  # pic_write
IN  port 0x0020, size 1, value 0x00
OUT port 0x0020, size 1, value 0x0B  # pic_write
IN  port 0x0020, size 1, value 0x00
OUT port 0x0020, size 1, value 0x0B  # pic_write
IN  port 0x0020, size 1, value 0x00
OUT port 0x0020, size 1, value 0x0B  # pic_write
IN  port 0x0020, size 1, value 0x00
OUT port 0x0020, size 1, value 0x0B  # pic_write
IN  port 0x0020, size 1, value 0x00
OUT port 0x0020, size 1, value 0x0B  # pic_write
IN  port 0x0020, size 1, value 0x00
OUT port 0x0020, size 1, value 0x0B  # pic_write
IN  port 0x0020, size 1, value 0x00
OUT port 0x0020, size 1, value 0x0B  # pic_write
IN  port 0x0020, size 1, value 0x00
OUT port 0x0020, size 1, value 0x0B  # pic_write
IN  port 0x0020, size 1, value 0x00
OUT port 0x0020, size 1, value 0x0B  # pic_write
IN  port 0x0020, size 1, value 0x00
OUT port 0x0020, size 1, value 0x0B  # pic_write
IN  port 0x0020, size 1, value 0x00
OUT port 0x0020, size 1, value 0x0B  # pic_write
IN  port 0x0020, size 1, value 0x00
OUT port 0x0020, size 1, value 0x0B  # pic_write
IN  port 0x0020, size 1, value 0x00
OUT port 0x0020, size 1, value 0x0B  # pic_write
IN  port 0x0020, size 1, value 0x00
OUT port 0x0020, size 1, value 0x0B  # pic_write
IN  port 0x0020, size 1, value 0x00
OUT port 0x0020, size 1, value 0x0B  # pic_write
IN  port 0x0020, size 1, value 0x00
OUT port 0x0020, size 1, value 0x0B  # pic_write
IN  port 0x0020, size 1, value 0x00
OUT port 0x0020, size 1, value 0x0B  # pic_write
IN  port 0x0020, size 1, value 0x00
OUT port 0x0020, size 1, value 0x0B  # pic_write
IN  port 0x0020, size 1, value 0x00
OUT port 0x0020, size 1, value 0x0B  # pic_write
IN  port 0x0020, size 1, value 0x00
OUT port 0x0020, size 1, value 0x0B  # pic_write
IN  port 0x0020, size 1, value 0x00
OUT port 0x0020, size 1, value 0x0B  # pic_write
IN  port 0x0020, size 1, value 0x00
OUT port 0x0020, size 1, value 0x0B  # pic_write
IN  port 0x0020, size 1, value 0x00
OUT port 0x0020, size 1, value 0x0B  # pic_write
IN  port 0x0020, size 1, value 0x00
OUT port 0x0020, size 1, value 0x0B  # pic_write
IN  port 0x0020, size 1, value 0x00
OUT port 0x0020, size 1, value 0x0B  # pic_write
IN  port 0x0020, size 1, value 0x00
OUT port 0x0020, size 1, value 0x0B  # pic_write
IN  port 0x0020, size 1, value 0x00
OUT port 0x0020, size 1, value 0x0B  # pic_write
IN  port 0x0020, size 1, value 0x00
OUT port 0x0020, size 1, value 0x0B  # pic_write
IN  port 0x0020, size 1, value 0x00
OUT port 0x0020, size 1, value 0x0B  # pic_write
IN  port 0x0020, size 1, value 0x00
OUT port 0x0020, size 1, value 0x0B  # pic_write
IN  port 0x0020, size 1, value 0x00
OUT port 0x0020, size 1, value 0x0B  # pic_write
IN  port 0x0020, size 1, value 0x00
OUT port 0x0020, size 1, value 0x0B  # pic_write
IN  port 0x0020, size 1, value 0x00
OUT port 0x0020, size 1, value 0x0B  # pic_write
IN  port 0x0020, size 1, value 0x00
OUT port 0x0020, size 1, value 0x0B  # pic_write
IN  port 0x0020, size 1, value 0x00
OUT port 0x0020, size 1, value 0x0B  # pic_write
IN  port 0x0020, size 1, value 0x00
OUT port 0x0020, size 1, value 0x0B  # pic_write
IN  port 0x0020, size 1, value 0x00
OUT port 0x0020, size 1, value 0x0B  # pic_write
IN  port 0x0020, size 1, value 0x00
OUT port 0x0020, size 1, value 0x0B  # pic_write
IN  port 0x0020, size 1, value 0x00
OUT port 0x0020, size 1, value 0x0B  # pic_write
IN  port 0x0020, size 1, value 0x00
OUT port 0x0020, size 1, value 0x0B  # pic_write
IN  port 0x0020, size 1, value 0x00
OUT port 0x0020, size 1, value 0x0B  # pic_write
IN  port 0x0020, size 1, value 0x00
OUT port 0x0020, size 1, value 0x0B  # pic_write
IN  port 0x0020, size 1, value 0x00
OUT port 0x0020, size 1, value 0x0B  # pic_write
IN  port 0x0020, size 1, value 0x00
OUT port 0x0020, size 1, value 0x0B  # pic_write
IN  port 0x0020, size 1, value 0x00
OUT port 0x0020, size 1, value 0x0B  # pic_write
IN  port 0x0020, size 1, value 0x00
OUT port 0x0020, size 1, value 0x0B  # pic_write
IN  port 0x0020, size 1, value 0x00
OUT port 0x0020, size 1, value 0x0B  # pic_write
IN  port 0x0020, size 1, value 0x00
OUT port 0x0020, size 1, value 0x0B  # pic_write
IN  port 0x0020, size 1, value 0x00
OUT port 0x0020, size 1, value 0x0B  # pic_write
IN  port 0x0020, size 1, value 0x00
OUT port 0x0020, size 1, value 0x0B  # pic_write
IN  port 0x0020, size 1, value 0x00
OUT port 0x0020, size 1, value 0x0B  # pic_write
IN  port 0x0020, size 1, value 0x00
OUT port 0x0020, size 1, value 0x0B  # pic_write
IN  port 0x0020, size 1, value 0x00
OUT port 0x0020, size 1, value 0x0B  # pic_write
IN  port 0x0020, size 1, value 0x00
OUT port 0x0020, size 1, value 0x0B  # pic_write
IN  port 0x0020, size 1, value 0x00
OUT port 0x0020, size 1, value 0x0B  # pic_write
IN  port 0x0020, size 1, value 0x00
OUT port 0x0020, size 1, value 0x0B  # pic_write
IN  port 0x0020, size 1, value 0x00
OUT port 0x0020, size 1, value 0x0B  # pic_write
IN  port 0x0020, size 1, value 0x00
OUT port 0x0020, size 1, value 0x0B  # pic_write
IN  port 0x0020, size 1, value 0x00
OUT port 0x0020, size 1, value 0x0B  # pic_write
IN  port 0x0020, size 1, value 0x00
OUT port 0x0020, size 1, value 0x0B  # pic_write
IN  port 0x0020, size 1, value 0x00
OUT port 0x0020, size 1, value 0x0B  # pic_write
IN  port 0x0020, size 1, value 0x00
OUT port 0x0020, size 1, value 0x0B  # pic_write
IN  port 0x0020, size 1, value 0x00
OUT port 0x0020, size 1, value 0x0B  # pic_write
IN  port 0x0020, size 1, value 0x00
OUT port 0x0020, size 1, value 0x0B  # pic_write
IN  port 0x0020, size 1, value 0x00
OUT port 0x0020, size 1, value 0x0B  # pic_write
IN  port 0x0020, size 1, value 0x00
OUT port 0x0020, size 1, value 0x0B  # pic_write
IN  port 0x0020, size 1, value 0x00
OUT port 0x0020, size 1, value 0x0B  # pic_write
IN  port 0x0020, size 1, value 0x00
OUT port 0x0020, size 1, value 0x0B  # pic_write
IN  port 0x0020, size 1, value 0x00
OUT port 0x0020, size 1, value 0x0B  # pic_write
IN  port 0x0020, size 1, value 0x00
OUT port 0x0020, size 1, value 0x0B  # pic_write
IN  port 0x0020, size 1, value 0x00
OUT port 0x0020, size 1, value 0x0B  # pic_write
IN  port 0x0020, size 1, value 0x00
OUT port 0x0020, size 1, value 0x0B  # pic_write
IN  port 0x0020, size 1, value 0x00
OUT port 0x0020, size 1, value 0x0B  # pic_write
IN  port 0x0020, size 1, value 0x00
OUT port 0x0020, size 1, value 0x0B  # pic_write
IN  port 0x0020, size 1, value 0x00
OUT port 0x0020, size 1, value 0x0B  # pic_write
IN  port 0x0020, size 1, value 0x00
OUT port 0x0020, size 1, value 0x0B  # pic_write
IN  port 0x0020, size 1, value 0x00
OUT port 0x0020, size 1, value 0x0B  # pic_write
IN  port 0x0020, size 1, value 0x00
OUT port 0x0020, size 1, value 0x0B  # pic_write
IN  port 0x0020, size 1, value 0x00
OUT port 0x0020, size 1, value 0x0B  # pic_write
IN  port 0x0020, size 1, value 0x00
OUT port 0x0020, size 1, value 0x0B  # pic_write
IN  port 0x0020, size 1, value 0x00
OUT port 0x0020, size 1, value 0x0B  # pic_write
IN  port 0x0020, size 1, value 0x00
OUT port 0x0020, size 1, value 0x0B  # pic_write
IN  port 0x0020, size 1, value 0x00
OUT port 0x0020, size 1, value 0x0B  # pic_write
IN  port 0x0020, size 1, value 0x00
OUT port 0x0020, size 1, value 0x0B  # pic_write
IN  port 0x0020, size 1, value 0x00
OUT port 0x0020, size 1, value 0x0B  # pic_write
IN  port 0x0020, size 1, value 0x00
OUT port 0x0020, size 1, value 0x0B  # pic_write
IN  port 0x0020, size 1, value 0x00
OUT port 0x0020, size 1, value 0x0B  # pic_write
IN  port 0x0020, size 1, value 0x00
OUT port 0x0020, size 1, value 0x0B  # pic_write
IN  port 0x0020, size 1, value 0x00
OUT port 0x0020, size 1, value 0x0B  # pic_write
IN  port 0x0020, size 1, value 0x00
OUT port 0x0020, size 1, value 0x0B  # pic_write
IN  port 0x0020, size 1, value 0x00
OUT port 0x0020, size 1, value 0x0B  # pic_write
IN  port 0x0020, size 1, value 0x00
OUT port 0x0020, size 1, value 0x0B  # pic_write
IN  port 0x0020, size 1, value 0x00
OUT port 0x0020, size 1, value 0x0B  # pic_write
IN  port 0x0020, size 1, value 0x00
OUT port 0x0020, size 1, value 0x0B  # pic_write
IN  port 0x0020, size 1, value 0x00
OUT port 0x0020, size 1, value 0x0B  # pic_write
IN  port 0x0020, size 1, value 0x00
OUT port 0x0020, size 1, value 0x0B  # pic_write
IN  port 0x0020, size 1, value 0x00
OUT port 0x0020, size 1, value 0x0B  # pic_write
IN  port 0x0020, size 1, value 0x00
OUT port 0x0020, size 1, value 0x0B  # pic_write
IN  port 0x0020, size 1, value 0x00
OUT port 0x0020, size 1, value 0x0B  # pic_write
IN  port 0x0020, size 1, value 0x00
OUT port 0x0020, size 1, value 0x0B  # pic_write
IN  port 0x0020, size 1, value 0x00
OUT port 0x0020, size 1, value 0x0B  # pic_write
IN  port 0x0020, size 1, value 0x00
OUT port 0x0020, size 1, value 0x0B  # pic_write
IN  port 0x0020, size 1, value 0x00
OUT port 0x0020, size 1, value 0x0B  # pic_write
IN  port 0x0020, size 1, value 0x00
OUT port 0x0020, size 1, value 0x0B  # pic_write
IN  port 0x0020, size 1, value 0x00
OUT port 0x0020, size 1, value 0x0B  # pic_write
IN  port 0x0020, size 1, value 0x00
OUT port 0x0020, size 1, value 0x0B  # pic_write
IN  port 0x0020, size 1, value 0x00
OUT port 0x0020, size 1, value 0x0B  # pic_write
IN  port 0x0020, size 1, value 0x00
OUT port 0x0020, size 1, value 0x0B  # pic_write
IN  port 0x0020, size 1, value 0x00
OUT port 0x0020, size 1, value 0x0B  # pic_write
IN  port 0x0020, size 1, value 0x00
OUT port 0x0020, size 1, value 0x0B  # pic_write
IN  port 0x0020, size 1, value 0x00
OUT port 0x0020, size 1, value 0x0B  # pic_write
IN  port 0x0020, size 1, value 0x00
OUT port 0x0020, size 1, value 0x0B  # pic_write
IN  port 0x0020, size 1, value 0x00
OUT port 0x0020, size 1, value 0x0B  # pic_write
IN  port 0x0020, size 1, value 0x00
OUT port 0x0020, size 1, value 0x0B  # pic_write
IN  port 0x0020, size 1, value 0x00
OUT port 0x0020, size 1, value 0x0B  # pic_write
IN  port 0x0020, size 1, value 0x00
OUT port 0x0020, size 1, value 0x0B  # pic_write
IN  port 0x0020, size 1, value 0x00
OUT port 0x0020, size 1, value 0x0B  # pic_write
IN  port 0x0020, size 1, value 0x00
OUT port 0x0020, size 1, value 0x0B  # pic_write
IN  port 0x0020, size 1, value 0x00
OUT port 0x0020, size 1, value 0x0B  # pic_write
IN  port 0x0020, size 1, value 0x00
OUT port 0x0020, size 1, value 0x0B  # pic_write
IN  port 0x0020, size 1, value 0x00
OUT port 0x0020, size 1, value 0x0B  # pic_write
IN  port 0x0020, size 1, value 0x00
OUT port 0x0020, size 1, value 0x0B  # pic_write
IN  port 0x0020, size 1, value 0x00
OUT port 0x0020, size 1, value 0x0B  # pic_write
IN  port 0x0020, size 1, value 0x00
OUT port 0x0020, size 1, value 0x0B  # pic_write
IN  port 0x0020, size 1, value 0x00
OUT port 0x0020, size 1, value 0x0B  # pic_write
IN  port 0x0020, size 1, value 0x00
OUT port 0x0020, size 1, value 0x0B  # pic_write
IN  port 0x0020, size 1, value 0x00
OUT port 0x0020, size 1, value 0x0B  # pic_write
IN  port 0x0020, size 1, value 0x00
OUT port 0x0020, size 1, value 0x0B  # pic_write
IN  port 0x0020, size 1, value 0x00
OUT port 0x0020, size 1, value 0x0B  # pic_write
IN  port 0x0020, size 1, value 0x00
OUT port 0x0020, size 1, value 0x0B  # pic_write
IN  port 0x0020, size 1, value 0x00
OUT port 0x0020, size 1, value 0x0B  # pic_write
IN  port 0x0020, size 1, value 0x00
OUT port 0x0020, size 1, value 0x0B  # pic_write
IN  port 0x0020, size 1, value 0x00
OUT port 0x0020, size 1, value 0x0B  # pic_write
IN  port 0x0020, size 1, value 0x00
OUT port 0x0020, size 1, value 0x0B  # pic_write
IN  port 0x0020, size 1, value 0x00
OUT port 0x0020, size 1, value 0x0B  # pic_write
IN  port 0x0020, size 1, value 0x00
OUT port 0x0020, size 1, value 0x0B  # pic_write
IN  port 0x0020, size 1, value 0x00
OUT port 0x0020, size 1, value 0x0B  # pic_write
IN  port 0x0020, size 1, value 0x00
OUT port 0x0020, size 1, value 0x0B  # pic_write
IN  port 0x0020, size 1, value 0x00
OUT port 0x0020, size 1, value 0x0B  # pic_write
IN  port 0x0020, size 1, value 0x00
OUT port 0x0020, size 1, value 0x0B  # pic_write
IN  port 0x0020, size 1, value 0x00
OUT port 0x0020, size 1, value 0x0B  # pic_write
IN  port 0x0020, size 1, value 0x00
OUT port 0x0020, size 1, value 0x0B  # pic_write
IN  port 0x0020, size 1, value 0x00
OUT port 0x0020, size 1, value 0x0B  # pic_write
IN  port 0x0020, size 1, value 0x00
OUT port 0x0020, size 1, value 0x0B  # pic_write
IN  port 0x0020, size 1, value 0x00
OUT port 0x0020, size 1, value 0x0B  # pic_write
IN  port 0x0020, size 1, value 0x00
OUT port 0x0020, size 1, value 0x0B  # pic_write
IN  port 0x0020, size 1, value 0x00
OUT port 0x0020, size 1, value 0x0B  # pic_write
IN  port 0x0020, size 1, value 0x00
OUT port 0x0020, size 1, value 0x0B  # pic_write
IN  port 0x0020, size 1, value 0x00
OUT port 0x0020, size 1, value 0x0B  # pic_write
IN  port 0x0020, size 1, value 0x00
OUT port 0x0020, size 1, value 0x0B  # pic_write
IN  port 0x0020, size 1, value 0x00
OUT port 0x0020, size 1, value 0x0B  # pic_write
IN  port 0x0020, size 1, value 0x00
OUT port 0x0020, size 1, value 0x0B  # pic_write
IN  port 0x0020, size 1, value 0x00
OUT port 0x0020, size 1, value 0x0B  # pic_write
IN  port 0x0020, size 1, value 0x00
OUT port 0x0020, size 1, value 0x0B  # pic_write
IN  port 0x0020, size 1, value 0x00
OUT port 0x0020, size 1, value 0x0B  # pic_write
IN  port 0x0020, size 1, value 0x00
OUT port 0x0020, size 1, value 0x0B  # pic_write
IN  port 0x0020, size 1, value 0x00
OUT port 0x0020, size 1, value 0x0B  # pic_write
IN  port 0x0020, size 1, value 0x00
OUT port 0x0020, size 1, value 0x0B  # pic_write
IN  port 0x0020, size 1, value 0x00
OUT port 0x0020, size 1, value 0x0B  # pic_write
IN  port 0x0020, size 1, value 0x00
OUT port 0x0020, size 1, value 0x0B  # pic_write
IN  port 0x0020, size 1, value 0x00
OUT port 0x0020, size 1, value 0x0B  # pic_write
IN  port 0x0020, size 1, value 0x00
OUT port 0x0020, size 1, value 0x0B  # pic_write
IN  port 0x0020, size 1, value 0x00
OUT port 0x0020, size 1, value 0x0B  # pic_write
IN  port 0x0020, size 1, value 0x00
OUT port 0x0020, size 1, value 0x0B  # pic_write
IN  port 0x0020, size 1, value 0x00
OUT port 0x0020, size 1, value 0x0B  # pic_write
IN  port 0x0020, size 1, value 0x00
OUT port 0x0020, size 1, value 0x0B  # pic_write
IN  port 0x0020, size 1, value 0x00
OUT port 0x0020, size 1, value 0x0B  # pic_write
IN  port 0x0020, size 1, value 0x00
OUT port 0x0020, size 1, value 0x0B  # pic_write
IN  port 0x0020, size 1, value 0x00
OUT port 0x0020, size 1, value 0x0B  # pic_write
IN  port 0x0020, size 1, value 0x00
OUT port 0x0020, size 1, value 0x0B  # pic_write
IN  port 0x0020, size 1, value 0x00
OUT port 0x0020, size 1, value 0x0B  # pic_write
IN  port 0x0020, size 1, value 0x00
OUT port 0x0020, size 1, value 0x0B  # pic_write
IN  port 0x0020, size 1, value 0x00
OUT port 0x0020, size 1, value 0x0B  # pic_write
IN  port 0x0020, size 1, value 0x00
OUT port 0x0020, size 1, value 0x0B  # pic_write
IN  port 0x0020, size 1, value 0x00
OUT port 0x0020, size 1, value 0x0B  # pic_write
IN  port 0x0020, size 1, value 0x00
OUT port 0x0020, size 1, value 0x0B  # pic_write
IN  port 0x0020, size 1, value 0x00
OUT port 0x0020, size 1, value 0x0B  # pic_write
IN  port 0x0020, size 1, value 0x00
OUT port 0x0020, size 1, value 0x0B  # pic_write
IN  port 0x0020, size 1, value 0x00
OUT port 0x0020, size 1, value 0x0B  # pic_write
IN  port 0x0020, size 1, value 0x00
OUT port 0x0020, size 1, value 0x0B  # pic_write
IN  port 0x0020, size 1, value 0x00
OUT port 0x0020, size 1, value 0x0B  # pic_write
IN  port 0x0020, size 1, value 0x00
OUT port 0x0020, size 1, value 0x0B  # pic_write
IN  port 0x0020, size 1, value 0x00
OUT port 0x0020, size 1, value 0x0B  # pic_write
IN  port 0x0020, size 1, value 0x00
OUT port 0x0020, size 1, value 0x0B  # pic_write
IN  port 0x0020, size 1, value 0x00
OUT port 0x0020, size 1, value 0x0B  # pic_write
IN  port 0x0020, size 1, value 0x00
OUT port 0x0020, size 1, value 0x0B  # pic_write
IN  port 0x0020, size 1, value 0x00
OUT port 0x0020, size 1, value 0x0B  # pic_write
IN  port 0x0020, size 1, value 0x00
OUT port 0x0020, size 1, value 0x0B  # pic_write
IN  port 0x0020, size 1, value 0x00
OUT port 0x0020, size 1, value 0x0B  # pic_write
IN  port 0x0020, size 1, value 0x00
OUT port 0x0020, size 1, value 0x0B  # pic_write
IN  port 0x0020, size 1, value 0x00
OUT port 0x0020, size 1, value 0x0B  # pic_write
IN  port 0x0020, size 1, value 0x00
OUT port 0x0020, size 1, value 0x0B  # pic_write
IN  port 0x0020, size 1, value 0x00
OUT port 0x0020, size 1, value 0x0B  # pic_write
IN  port 0x0020, size 1, value 0x00
OUT port 0x0020, size 1, value 0x0B  # pic_write
IN  port 0x0020, size 1, value 0x00
OUT port 0x0020, size 1, value 0x0B  # pic_write
IN  port 0x0020, size 1, value 0x00
OUT port 0x0020, size 1, value 0x0B  # pic_write
IN  port 0x0020, size 1, value 0x00
OUT port 0x0020, size 1, value 0x0B  # pic_write
IN  port 0x0020, size 1, value 0x00
OUT port 0x0020, size 1, value 0x0B  # pic_write
IN  port 0x0020, size 1, value 0x00
OUT port 0x0020, size 1, value 0x0B  # pic_write
IN  port 0x0020, size 1, value 0x00
OUT port 0x0020, size 1, value 0x0B  # pic_write
IN  port 0x0020, size 1, value 0x00
OUT port 0x0020, size 1, value 0x0B  # pic_write
IN  port 0x0020, size 1, value 0x00
OUT port 0x0020, size 1, value 0x0B  # pic_write
IN  port 0x0020, size 1, value 0x00
OUT port 0x0020, size 1, value 0x0B  # pic_write
IN  port 0x0020, size 1, value 0x00
OUT port 0x0020, size 1, value 0x0B  # pic_write
IN  port 0x0020, size 1, value 0x00
OUT port 0x0020, size 1, value 0x0B  # pic_write
IN  port 0x0020, size 1, value 0x00
OUT port 0x0020, size 1, value 0x0B  # pic_write
IN  port 0x0020, size 1, value 0x00
OUT port 0x0020, size 1, value 0x0B  # pic_write
IN  port 0x0020, size 1, value 0x00
OUT port 0x0020, size 1, value 0x0B  # pic_write
IN  port 0x0020, size 1, value 0x00
OUT port 0x0020, size 1, value 0x0B  # pic_write
IN  port 0x0020, size 1, value 0x00
OUT port 0x0020, size 1, value 0x0B  # pic_write
IN  port 0x0020, size 1, value 0x00
OUT port 0x0020, size 1, value 0x0B  # pic_write
IN  port 0x0020, size 1, value 0x00
OUT port 0x0020, size 1, value 0x0B  # pic_write
IN  port 0x0020, size 1, value 0x00
OUT port 0x0020, size 1, value 0x0B  # pic_write
IN  port 0x0020, size 1, value 0x00
OUT port 0x0020, size 1, value 0x0B  # pic_write
IN  port 0x0020, size 1, value 0x00
OUT port 0x0020, size 1, value 0x0B  # pic_write
IN  port 0x0020, size 1, value 0x00
OUT port 0x0020, size 1, value 0x0B  # pic_write
IN  port 0x0020, size 1, value 0x00
OUT port 0x0020, size 1, value 0x0B  # pic_write
IN  port 0x0020, size 1, value 0x00
OUT port 0x0020, size 1, value 0x0B  # pic_write
IN  port 0x0020, size 1, value 0x00
OUT port 0x0020, size 1, value 0x0B  # pic_write
IN  port 0x0020, size 1, value 0x00
OUT port 0x0020, size 1, value 0x0B  # pic_write
IN  port 0x0020, size 1, value 0x00
OUT port 0x0020, size 1, value 0x0B  # pic_write
IN  port 0x0020, size 1, value 0x00
OUT port 0x0020, size 1, value 0x0B  # pic_write
IN  port 0x0020, size 1, value 0x00
OUT port 0x0020, size 1, value 0x0B  # pic_write
IN  port 0x0020, size 1, value 0x00
OUT port 0x0020, size 1, value 0x0B  # pic_write
IN  port 0x0020, size 1, value 0x00
OUT port 0x0020, size 1, value 0x0B  # pic_write
IN  port 0x0020, size 1, value 0x00
OUT port 0x0020, size 1, value 0x0B  # pic_write
IN  port 0x0020, size 1, value 0x00
OUT port 0x0020, size 1, value 0x0B  # pic_write
IN  port 0x0020, size 1, value 0x00
OUT port 0x0020, size 1, value 0x0B  # pic_write
IN  port 0x0020, size 1, value 0x00
OUT port 0x0020, size 1, value 0x0B  # pic_write
IN  port 0x0020, size 1, value 0x00
OUT port 0x0020, size 1, value 0x0B  # pic_write
IN  port 0x0020, size 1, value 0x00
OUT port 0x0020, size 1, value 0x0B  # pic_write
IN  port 0x0020, size 1, value 0x00
OUT port 0x0020, size 1, value 0x0B  # pic_write
IN  port 0x0020, size 1, value 0x00
OUT port 0x0020, size 1, value 0x0B  # pic_write
IN  port 0x0020, size 1, value 0x00
OUT port 0x0020, size 1, value 0x0B  # pic_write
IN  port 0x0020, size 1, value 0x00
OUT port 0x0020, size 1, value 0x0B  # pic_write
IN  port 0x0020, size 1, value 0x00
OUT port 0x0020, size 1, value 0x0B  # pic_write
IN  port 0x0020, size 1, value 0x00
OUT port 0x0020, size 1, value 0x0B  # pic_write
IN  port 0x0020, size 1, value 0x00
OUT port 0x0020, size 1, value 0x0B  # pic_write
IN  port 0x0020, size 1, value 0x00
OUT port 0x0020, size 1, value 0x0B  # pic_write
IN  port 0x0020, size 1, value 0x00
OUT port 0x0020, size 1, value 0x0B  # pic_write
IN  port 0x0020, size 1, value 0x00
OUT port 0x0020, size 1, value 0x0B  # pic_write
IN  port 0x0020, size 1, value 0x00
OUT port 0x0020, size 1, value 0x0B  # pic_write
IN  port 0x0020, size 1, value 0x00
OUT port 0x0020, size 1, value 0x0B  # pic_write
IN  port 0x0020, size 1, value 0x00
OUT port 0x0020, size 1, value 0x0B  # pic_write
IN  port 0x0020, size 1, value 0x00
OUT port 0x0020, size 1, value 0x0B  # pic_write
IN  port 0x0020, size 1, value 0x00
OUT port 0x0020, size 1, value 0x0B  # pic_write
IN  port 0x0020, size 1, value 0x00
OUT port 0x0020, size 1, value 0x0B  # pic_write
IN  port 0x0020, size 1, value 0x00
OUT port 0x0020, size 1, value 0x0B  # pic_write
IN  port 0x0020, size 1, value 0x00
OUT port 0x0020, size 1, value 0x0B  # pic_write
IN  port 0x0020, size 1, value 0x00
OUT port 0x0020, size 1, value 0x0B  # pic_write
IN  port 0x0020, size 1, value 0x00
OUT port 0x0020, size 1, value 0x0B  # pic_write
IN  port 0x0020, size 1, value 0x00
OUT port 0x0020, size 1, value 0x0B  # pic_write
IN  port 0x0020, size 1, value 0x00
OUT port 0x0020, size 1, value 0x0B  # pic_write
IN  port 0x0020, size 1, value 0x00
OUT port 0x0020, size 1, value 0x0B  # pic_write
IN  port 0x0020, size 1, value 0x00
OUT port 0x0020, size 1, value 0x0B  # pic_write
IN  port 0x0020, size 1, value 0x00
OUT port 0x0020, size 1, value 0x0B  # pic_write
IN  port 0x0020, size 1, value 0x00
OUT port 0x0020, size 1, value 0x0B  # pic_write
IN  port 0x0020, size 1, value 0x00
OUT port 0x0020, size 1, value 0x0B  # pic_write
IN  port 0x0020, size 1, value 0x00
OUT port 0x0020, size 1, value 0x0B  # pic_write
IN  port 0x0020, size 1, value 0x00
OUT port 0x0020, size 1, value 0x0B  # pic_write
IN  port 0x0020, size 1, value 0x00
OUT port 0x0020, size 1, value 0x0B  # pic_write
IN  port 0x0020, size 1, value 0x00
OUT port 0x0020, size 1, value 0x0B  # pic_write
IN  port 0x0020, size 1, value 0x00
OUT port 0x0020, size 1, value 0x0B  # pic_write
IN  port 0x0020, size 1, value 0x00
OUT port 0x0020, size 1, value 0x0B  # pic_write
IN  port 0x0020, size 1, value 0x00
OUT port 0x0020, size 1, value 0x0B  # pic_write
IN  port 0x0020, size 1, value 0x00
OUT port 0x0020, size 1, value 0x0B  # pic_write
IN  port 0x0020, size 1, value 0x00
OUT port 0x0020, size 1, value 0x0B  # pic_write
IN  port 0x0020, size 1, value 0x00
OUT port 0x0020, size 1, value 0x0B  # pic_write
IN  port 0x0020, size 1, value 0x00
OUT port 0x0020, size 1, value 0x0B  # pic_write
IN  port 0x0020, size 1, value 0x00
OUT port 0x0020, size 1, value 0x0B  # pic_write
IN  port 0x0020, size 1, value 0x00
OUT port 0x0020, size 1, value 0x0B  # pic_write
IN  port 0x0020, size 1, value 0x00
OUT port 0x0020, size 1, value 0x0B  # pic_write
IN  port 0x0020, size 1, value 0x00
OUT port 0x0020, size 1, value 0x0B  # pic_write
IN  port 0x0020, size 1, value 0x00
OUT port 0x0020, size 1, value 0x0B  # pic_write
IN  port 0x0020, size 1, value 0x00
OUT port 0x0020, size 1, value 0x0B  # pic_write
IN  port 0x0020, size 1, value 0x00
OUT port 0x0020, size 1, value 0x0B  # pic_write
IN  port 0x0020, size 1, value 0x00
OUT port 0x0020, size 1, value 0x0B  # pic_write
IN  port 0x0020, size 1, value 0x00
OUT port 0x0020, size 1, value 0x0B  # pic_write
IN  port 0x0020, size 1, value 0x00
OUT port 0x0020, size 1, value 0x0B  # pic_write
IN  port 0x0020, size 1, value 0x00
OUT port 0x0020, size 1, value 0x0B  # pic_write
IN  port 0x0020, size 1, value 0x00
OUT port 0x0020, size 1, value 0x0B  # pic_write
IN  port 0x0020, size 1, value 0x00
OUT port 0x0020, size 1, value 0x0B  # pic_write
IN  port 0x0020, size 1, value 0x00
OUT port 0x0020, size 1, value 0x0B  # pic_write
IN  port 0x0020, size 1, value 0x00
OUT port 0x0020, size 1, value 0x0B  # pic_write
IN  port 0x0020, size 1, value 0x00
OUT port 0x0020, size 1, value 0x0B  # pic_write
IN  port 0x0020, size 1, value 0x00
OUT port 0x0020, size 1, value 0x0B  # pic_write
IN  port 0x0020, size 1, value 0x00
OUT port 0x0020, size 1, value 0x0B  # pic_write
IN  port 0x0020, size 1, value 0x00
OUT port 0x0020, size 1, value 0x0B  # pic_write
IN  port 0x0020, size 1, value 0x00
OUT port 0x0020, size 1, value 0x0B  # pic_write
IN  port 0x0020, size 1, value 0x00
OUT port 0x0020, size 1, value 0x0B  # pic_write
IN  port 0x0020, size 1, value 0x00
OUT port 0x0020, size 1, value 0x0B  # pic_write
IN  port 0x0020, size 1, value 0x00
OUT port 0x0020, size 1, value 0x0B  # pic_write
IN  port 0x0020, size 1, value 0x00
OUT port 0x0020, size 1, value 0x0B  # pic_write
IN  port 0x0020, size 1, value 0x00
OUT port 0x0020, size 1, value 0x0B  # pic_write
IN  port 0x0020, size 1, value 0x00
OUT port 0x0020, size 1, value 0x0B  # pic_write
IN  port 0x0020, size 1, value 0x00
OUT port 0x0020, size 1, value 0x0B  # pic_write
IN  port 0x0020, size 1, value 0x00
OUT port 0x0020, size 1, value 0x0B  # pic_write
IN  port 0x0020, size 1, value 0x00
OUT port 0x0020, size 1, value 0x0B  # pic_write
IN  port 0x0020, size 1, value 0x00
OUT port 0x0020, size 1, value 0x0B  # pic_write
IN  port 0x0020, size 1, value 0x00
OUT port 0x0020, size 1, value 0x0B  # pic_write
IN  port 0x0020, size 1, value 0x00
OUT port 0x0020, size 1, value 0x0B  # pic_write
IN  port 0x0020, size 1, value 0x00
OUT port 0x0020, size 1, value 0x0B  # pic_write
IN  port 0x0020, size 1, value 0x00
OUT port 0x0020, size 1, value 0x0B  # pic_write
IN  port 0x0020, size 1, value 0x00
OUT port 0x0020, size 1, value 0x0B  # pic_write
IN  port 0x0020, size 1, value 0x00
OUT port 0x0020, size 1, value 0x0B  # pic_write
IN  port 0x0020, size 1, value 0x00
OUT port 0x0020, size 1, value 0x0B  # pic_write
IN  port 0x0020, size 1, value 0x00
OUT port 0x0020, size 1, value 0x0B  # pic_write
IN  port 0x0020, size 1, value 0x00
OUT port 0x0020, size 1, value 0x0B  # pic_write
IN  port 0x0020, size 1, value 0x00
OUT port 0x0020, size 1, value 0x0B  # pic_write
IN  port 0x0020, size 1, value 0x00
OUT port 0x0020, size 1, value 0x0B  # pic_write
IN  port 0x0020, size 1, value 0x00
OUT port 0x0020, size 1, value 0x0B  # pic_write
IN  port 0x0020, size 1, value 0x00
OUT port 0x0020, size 1, value 0x0B  # pic_write
IN  port 0x0020, size 1, value 0x00
OUT port 0x0020, size 1, value 0x0B  # pic_write
IN  port 0x0020, size 1, value 0x00
OUT port 0x0020, size 1, value 0x0B  # pic_write
IN  port 0x0020, size 1, value 0x00
OUT port 0x0020, size 1, value 0x0B  # pic_write
IN  port 0x0020, size 1, value 0x00
OUT port 0x0020, size 1, value 0x0B  # pic_write
IN  port 0x0020, size 1, value 0x00
OUT port 0x0020, size 1, value 0x0B  # pic_write
IN  port 0x0020, size 1, value 0x00
OUT port 0x0020, size 1, value 0x0B  # pic_write
IN  port 0x0020, size 1, value 0x00
OUT port 0x0020, size 1, value 0x0B  # pic_write
IN  port 0x0020, size 1, value 0x00
OUT port 0x0020, size 1, value 0x0B  # pic_write
IN  port 0x0020, size 1, value 0x00
OUT port 0x0020, size 1, value 0x0B  # pic_write
IN  port 0x0020, size 1, value 0x00
OUT port 0x0020, size 1, value 0x0B  # pic_write
IN  port 0x0020, size 1, value 0x00
OUT port 0x0020, size 1, value 0x0B  # pic_write
IN  port 0x0020, size 1, value 0x00
OUT port 0x0020, size 1, value 0x0B  # pic_write
IN  port 0x0020, size 1, value 0x00
OUT port 0x0020, size 1, value 0x0B  # pic_write
IN  port 0x0020, size 1, value 0x00
OUT port 0x0020, size 1, value 0x0B  # pic_write
IN  port 0x0020, size 1, value 0x00
OUT port 0x0020, size 1, value 0x0B  # pic_write
IN  port 0x0020, size 1, value 0x00
OUT port 0x0020, size 1, value 0x0B  # pic_write
IN  port 0x0020, size 1, value 0x00
OUT port 0x0020, size 1, value 0x0B  # pic_write
IN  port 0x0020, size 1, value 0x00
OUT port 0x0020, size 1, value 0x0B  # pic_write
IN  port 0x0020, size 1, value 0x00
OUT port 0x0020, size 1, value 0x0B  # pic_write
IN  port 0x0020, size 1, value 0x00
OUT port 0x0020, size 1, value 0x0B  # pic_write
IN  port 0x0020, size 1, value 0x00
OUT port 0x0020, size 1, value 0x0B  # pic_write
IN  port 0x0020, size 1, value 0x00
OUT port 0x0020, size 1, value 0x0B  # pic_write
IN  port 0x0020, size 1, value 0x00
OUT port 0x0020, size 1, value 0x0B  # pic_write
IN  port 0x0020, size 1, value 0x00
OUT port 0x0020, size 1, value 0x0B  # pic_write
IN  port 0x0020, size 1, value 0x00
OUT port 0x0020, size 1, value 0x0B  # pic_write
IN  port 0x0020, size 1, value 0x00
OUT port 0x0020, size 1, value 0x0B  # pic_write
IN  port 0x0020, size 1, value 0x00
OUT port 0x0020, size 1, value 0x0B  # pic_write
IN  port 0x0020, size 1, value 0x00
OUT port 0x0020, size 1, value 0x0B  # pic_write
IN  port 0x0020, size 1, value 0x00
OUT port 0x0020, size 1, value 0x0B  # pic_write
IN  port 0x0020, size 1, value 0x00
OUT port 0x0020, size 1, value 0x0B  # pic_write
IN  port 0x0020, size 1, value 0x00
OUT port 0x0020, size 1, value 0x0B  # pic_write
IN  port 0x0020, size 1, value 0x00
OUT port 0x0020, size 1, value 0x0B  # pic_write
IN  port 0x0020, size 1, value 0x00
OUT port 0x0020, size 1, value 0x0B  # pic_write
IN  port 0x0020, size 1, value 0x00
OUT port 0x0020, size 1, value 0x0B  # pic_write
IN  port 0x0020, size 1, value 0x00
OUT port 0x0020, size 1, value 0x0B  # pic_write
IN  port 0x0020, size 1, value 0x00
OUT port 0x0020, size 1, value 0x0B  # pic_write
IN  port 0x0020, size 1, value 0x00
OUT port 0x0020, size 1, value 0x0B  # pic_write
IN  port 0x0020, size 1, value 0x00
OUT port 0x0020, size 1, value 0x0B  # pic_write
IN  port 0x0020, size 1, value 0x00
OUT port 0x0020, size 1, value 0x0B  # pic_write
IN  port 0x0020, size 1, value 0x00
OUT port 0x0020, size 1, value 0x0B  # pic_write
IN  port 0x0020, size 1, value 0x00
OUT port 0x0020, size 1, value 0x0B  # pic_write
IN  port 0x0020, size 1, value 0x00
OUT port 0x0020, size 1, value 0x0B  # pic_write
IN  port 0x0020, size 1, value 0x00
OUT port 0x0020, size 1, value 0x0B  # pic_write
IN  port 0x0020, size 1, value 0x00
OUT port 0x0020, size 1, value 0x0B  # pic_write
IN  port 0x0020, size 1, value 0x00
OUT port 0x0020, size 1, value 0x0B  # pic_write
IN  port 0x0020, size 1, value 0x00
OUT port 0x0020, size 1, value 0x0B  # pic_write
IN  port 0x0020, size 1, value 0x00
OUT port 0x0020, size 1, value 0x0B  # pic_write
IN  port 0x0020, size 1, value 0x00
OUT port 0x0020, size 1, value 0x0B  # pic_write
IN  port 0x0020, size 1, value 0x00
OUT port 0x0020, size 1, value 0x0B  # pic_write
IN  port 0x0020, size 1, value 0x00
OUT port 0x0020, size 1, value 0x0B  # pic_write
IN  port 0x0020, size 1, value 0x00
OUT port 0x0020, size 1, value 0x0B  # pic_write
IN  port 0x0020, size 1, value 0x00
OUT port 0x0020, size 1, value 0x0B  # pic_write
IN  port 0x0020, size 1, value 0x00
OUT port 0x0020, size 1, value 0x0B  # pic_write
IN  port 0x0020, size 1, value 0x00
OUT port 0x0020, size 1, value 0x0B  # pic_write
IN  port 0x0020, size 1, value 0x00
OUT port 0x0020, size 1, value 0x0B  # pic_write
IN  port 0x0020, size 1, value 0x00
OUT port 0x0020, size 1, value 0x0B  # pic_write
IN  port 0x0020, size 1, value 0x00
OUT port 0x0020, size 1, value 0x0B  # pic_write
IN  port 0x0020, size 1, value 0x00
OUT port 0x0020, size 1, value 0x0B  # pic_write
IN  port 0x0020, size 1, value 0x00
OUT port 0x0020, size 1, value 0x0B  # pic_write
IN  port 0x0020, size 1, value 0x00
OUT port 0x0020, size 1, value 0x0B  # pic_write
IN  port 0x0020, size 1, value 0x00
OUT port 0x0020, size 1, value 0x0B  # pic_write
IN  port 0x0020, size 1, value 0x00
OUT port 0x0020, size 1, value 0x0B  # pic_write
IN  port 0x0020, size 1, value 0x00
OUT port 0x0020, size 1, value 0x0B  # pic_write
IN  port 0x0020, size 1, value 0x00
OUT port 0x0020, size 1, value 0x0B  # pic_write
IN  port 0x0020, size 1, value 0x00
OUT port 0x0020, size 1, value 0x0B  # pic_write
IN  port 0x0020, size 1, value 0x00
OUT port 0x0020, size 1, value 0x0B  # pic_write
IN  port 0x0020, size 1, value 0x00
OUT port 0x0020, size 1, value 0x0B  # pic_write
IN  port 0x0020, size 1, value 0x00
OUT port 0x0020, size 1, value 0x0B  # pic_write
IN  port 0x0020, size 1, value 0x00
OUT port 0x0020, size 1, value 0x0B  # pic_write
IN  port 0x0020, size 1, value 0x00
OUT port 0x0020, size 1, value 0x0B  # pic_write
IN  port 0x0020, size 1, value 0x00
OUT port 0x0020, size 1, value 0x0B  # pic_write
IN  port 0x0020, size 1, value 0x00
OUT port 0x0020, size 1, value 0x0B  # pic_write
IN  port 0x0020, size 1, value 0x00
OUT port 0x0020, size 1, value 0x0B  # pic_write
IN  port 0x0020, size 1, value 0x00
OUT port 0x0020, size 1, value 0x0B  # pic_write
IN  port 0x0020, size 1, value 0x00
OUT port 0x0020, size 1, value 0x0B  # pic_write
IN  port 0x0020, size 1, value 0x00
OUT port 0x0020, size 1, value 0x0B  # pic_write
IN  port 0x0020, size 1, value 0x00
OUT port 0x0020, size 1, value 0x0B  # pic_write
IN  port 0x0020, size 1, value 0x00
OUT port 0x0020, size 1, value 0x0B  # pic_write
IN  port 0x0020, size 1, value 0x00
OUT port 0x0020, size 1, value 0x0B  # pic_write
IN  port 0x0020, size 1, value 0x00
OUT port 0x0020, size 1, value 0x0B  # pic_write
IN  port 0x0020, size 1, value 0x00
OUT port 0x0020, size 1, value 0x0B  # pic_write
IN  port 0x0020, size 1, value 0x00
OUT port 0x0020, size 1, value 0x0B  # pic_write
IN  port 0x0020, size 1, value 0x00
OUT port 0x0020, size 1, value 0x0B  # pic_write
IN  port 0x0020, size 1, value 0x00
OUT port 0x0020, size 1, value 0x0B  # pic_write
IN  port 0x0020, size 1, value 0x00
OUT port 0x0020, size 1, value 0x0B  # pic_write
IN  port 0x0020, size 1, value 0x00
OUT port 0x0020, size 1, value 0x0B  # pic_write
IN  port 0x0020, size 1, value 0x00
OUT port 0x0020, size 1, value 0x0B  # pic_write
IN  port 0x0020, size 1, value 0x00
OUT port 0x0020, size 1, value 0x0B  # pic_write
IN  port 0x0020, size 1, value 0x00
OUT port 0x0020, size 1, value 0x0B  # pic_write
IN  port 0x0020, size 1, value 0x00
OUT port 0x0020, size 1, value 0x0B  # pic_write
IN  port 0x0020, size 1, value 0x00
OUT port 0x0020, size 1, value 0x0B  # pic_write
IN  port 0x0020, size 1, value 0x00
OUT port 0x0020, size 1, value 0x0B  # pic_write
IN  port 0x0020, size 1, value 0x00
OUT port 0x0020, size 1, value 0x0B  # pic_write
IN  port 0x0020, size 1, value 0x00
OUT port 0x0020, size 1, value 0x0B  # pic_write
IN  port 0x0020, size 1, value 0x00
OUT port 0x0020, size 1, value 0x0B  # pic_write
IN  port 0x0020, size 1, value 0x00
OUT port 0x0020, size 1, value 0x0B  # pic_write
IN  port 0x0020, size 1, value 0x00
OUT port 0x0020, size 1, value 0x0B  # pic_write
IN  port 0x0020, size 1, value 0x00
OUT port 0x0020, size 1, value 0x0B  # pic_write
IN  port 0x0020, size 1, value 0x00
OUT port 0x0020, size 1, value 0x0B  # pic_write
IN  port 0x0020, size 1, value 0x00
OUT port 0x0020, size 1, value 0x0B  # pic_write
IN  port 0x0020, size 1, value 0x00
OUT port 0x0020, size 1, value 0x0B  # pic_write
IN  port 0x0020, size 1, value 0x00
OUT port 0x0020, size 1, value 0x0B  # pic_write
IN  port 0x0020, size 1, value 0x00
OUT port 0x0020, size 1, value 0x0B  # pic_write
IN  port 0x0020, size 1, value 0x00
OUT port 0x0020, size 1, value 0x0B  # pic_write
IN  port 0x0020, size 1, value 0x00
OUT port 0x0020, size 1, value 0x0B  # pic_write
IN  port 0x0020, size 1, value 0x00
OUT port 0x0020, size 1, value 0x0B  # pic_write
IN  port 0x0020, size 1, value 0x00
OUT port 0x0020, size 1, value 0x0B  # pic_write
IN  port 0x0020, size 1, value 0x00
OUT port 0x0020, size 1, value 0x0B  # pic_write
IN  port 0x0020, size 1, value 0x00
OUT port 0x0020, size 1, value 0x0B  # pic_write
IN  port 0x0020, size 1, value 0x00
OUT port 0x0020, size 1, value 0x0B  # pic_write
IN  port 0x0020, size 1, value 0x00
OUT port 0x0020, size 1, value 0x0B  # pic_write
IN  port 0x0020, size 1, value 0x00
OUT port 0x0020, size 1, value 0x0B  # pic_write
IN  port 0x0020, size 1, value 0x00
OUT port 0x0020, size 1, value 0x0B  # pic_write
IN  port 0x0020, size 1, value 0x00
OUT port 0x0020, size 1, value 0x0B  # pic_write
IN  port 0x0020, size 1, value 0x00
OUT port 0x0020, size 1, value 0x0B  # pic_write
IN  port 0x0020, size 1, value 0x00
OUT port 0x0020, size 1, value 0x0B  # pic_write
IN  port 0x0020, size 1, value 0x00
OUT port 0x0020, size 1, value 0x0B  # pic_write
IN  port 0x0020, size 1, value 0x00
OUT port 0x0020, size 1, value 0x0B  # pic_write
IN  port 0x0020, size 1, value 0x00
OUT port 0x0020, size 1, value 0x0B  # pic_write
IN  port 0x0020, size 1, value 0x00
OUT port 0x0020, size 1, value 0x0B  # pic_write
IN  port 0x0020, size 1, value 0x00
OUT port 0x0020, size 1, value 0x0B  # pic_write
IN  port 0x0020, size 1, value 0x00
OUT port 0x0020, size 1, value 0x0B  # pic_write
IN  port 0x0020, size 1, value 0x00
OUT port 0x0020, size 1, value 0x0B  # pic_write
IN  port 0x0020, size 1, value 0x00
OUT port 0x0020, size 1, value 0x0B  # pic_write
IN  port 0x0020, size 1, value 0x00
OUT port 0x0020, size 1, value 0x0B  # pic_write
IN  port 0x0020, size 1, value 0x00
OUT port 0x0020, size 1, value 0x0B  # pic_write
IN  port 0x0020, size 1, value 0x00
OUT port 0x0020, size 1, value 0x0B  # pic_write
IN  port 0x0020, size 1, value 0x00
OUT port 0x0020, size 1, value 0x0B  # pic_write
IN  port 0x0020, size 1, value 0x00
OUT port 0x0020, size 1, value 0x0B  # pic_write
IN  port 0x0020, size 1, value 0x00
OUT port 0x0020, size 1, value 0x0B  # pic_write
IN  port 0x0020, size 1, value 0x00
OUT port 0x0020, size 1, value 0x0B  # pic_write
IN  port 0x0020, size 1, value 0x00
OUT port 0x0020, size 1, value 0x0B  # pic_write
IN  port 0x0020, size 1, value 0x00
OUT port 0x0020, size 1, value 0x0B  # pic_write
IN  port 0x0020, size 1, value 0x00
OUT port 0x0020, size 1, value 0x0B  # pic_write
IN  port 0x0020, size 1, value 0x00
OUT port 0x0020, size 1, value 0x0B  # pic_write
IN  port 0x0020, size 1, value 0x00
OUT port 0x0020, size 1, value 0x0B  # pic_write
IN  port 0x0020, size 1, value 0x00
OUT port 0x0020, size 1, value 0x0B  # pic_write
IN  port 0x0020, size 1, value 0x00
OUT port 0x0020, size 1, value 0x0B  # pic_write
IN  port 0x0020, size 1, value 0x00
OUT port 0x0020, size 1, value 0x0B  # pic_write
IN  port 0x0020, size 1, value 0x00
OUT port 0x0020, size 1, value 0x0B  # pic_write
IN  port 0x0020, size 1, value 0x00
OUT port 0x0020, size 1, value 0x0B  # pic_write
IN  port 0x0020, size 1, value 0x00
OUT port 0x0020, size 1, value 0x0B  # pic_write
IN  port 0x0020, size 1, value 0x00
OUT port 0x0020, size 1, value 0x0B  # pic_write
IN  port 0x0020, size 1, value 0x00
OUT port 0x0020, size 1, value 0x0B  # pic_write
IN  port 0x0020, size 1, value 0x00
OUT port 0x0020, size 1, value 0x0B  # pic_write
IN  port 0x0020, size 1, value 0x00
OUT port 0x0020, size 1, value 0x0B  # pic_write
IN  port 0x0020, size 1, value 0x00
OUT port 0x0020, size 1, value 0x0B  # pic_write
IN  port 0x0020, size 1, value 0x00
OUT port 0x0020, size 1, value 0x0B  # pic_write
IN  port 0x0020, size 1, value 0x00
OUT port 0x0020, size 1, value 0x0B  # pic_write
IN  port 0x0020, size 1, value 0x00
OUT port 0x0020, size 1, value 0x0B  # pic_write
IN  port 0x0020, size 1, value 0x00
OUT port 0x0020, size 1, value 0x0B  # pic_write
IN  port 0x0020, size 1, value 0x00
OUT port 0x0020, size 1, value 0x0B  # pic_write
IN  port 0x0020, size 1, value 0x00
OUT port 0x0020, size 1, value 0x0B  # pic_write
IN  port 0x0020, size 1, value 0x00
OUT port 0x0020, size 1, value 0x0B  # pic_write
IN  port 0x0020, size 1, value 0x00
OUT port 0x0020, size 1, value 0x0B  # pic_write
IN  port 0x0020, size 1, value 0x00
OUT port 0x0020, size 1, value 0x0B  # pic_write
IN  port 0x0020, size 1, value 0x00
OUT port 0x0020, size 1, value 0x0B  # pic_write
IN  port 0x0020, size 1, value 0x00
OUT port 0x0020, size 1, value 0x0B  # pic_write
IN  port 0x0020, size 1, value 0x00
OUT port 0x0020, size 1, value 0x0B  # pic_write
IN  port 0x0020, size 1, value 0x00
OUT port 0x0020, size 1, value 0x0B  # pic_write
IN  port 0x0020, size 1, value 0x00
OUT port 0x0020, size 1, value 0x0B  # pic_write
IN  port 0x0020, size 1, value 0x00
OUT port 0x0020, size 1, value 0x0B  # pic_write
IN  port 0x0020, size 1, value 0x00
OUT port 0x0020, size 1, value 0x0B  # pic_write
IN  port 0x0020, size 1, value 0x00
OUT port 0x0020, size 1, value 0x0B  # pic_write
IN  port 0x0020, size 1, value 0x00
OUT port 0x0020, size 1, value 0x0B  # pic_write
IN  port 0x0020, size 1, value 0x00
OUT port 0x0020, size 1, value 0x0B  # pic_write
IN  port 0x0020, size 1, value 0x00
OUT port 0x0020, size 1, value 0x0B  # pic_write
IN  port 0x0020, size 1, value 0x00
OUT port 0x0020, size 1, value 0x0B  # pic_write
IN  port 0x0020, size 1, value 0x00
OUT port 0x0020, size 1, value 0x0B  # pic_write
IN  port 0x0020, size 1, value 0x00
OUT port 0x0020, size 1, value 0x0B  # pic_write
IN  port 0x0020, size 1, value 0x00
OUT port 0x0020, size 1, value 0x0B  # pic_write
IN  port 0x0020, size 1, value 0x00
OUT port 0x0020, size 1, value 0x0B  # pic_write
IN  port 0x0020, size 1, value 0x00
OUT port 0x0020, size 1, value 0x0B  # pic_write
IN  port 0x0020, size 1, value 0x00
OUT port 0x0020, size 1, value 0x0B  # pic_write
IN  port 0x0020, size 1, value 0x00
OUT port 0x0020, size 1, value 0x0B  # pic_write
IN  port 0x0020, size 1, value 0x00
OUT port 0x0020, size 1, value 0x0B  # pic_write
IN  port 0x0020, size 1, value 0x00
OUT port 0x0020, size 1, value 0x0B  # pic_write
IN  port 0x0020, size 1, value 0x00
OUT port 0x0020, size 1, value 0x0B  # pic_write
IN  port 0x0020, size 1, value 0x00
OUT port 0x0020, size 1, value 0x0B  # pic_write
IN  port 0x0020, size 1, value 0x00
OUT port 0x0020, size 1, value 0x0B  # pic_write
IN  port 0x0020, size 1, value 0x00
OUT port 0x0020, size 1, value 0x0B  # pic_write
IN  port 0x0020, size 1, value 0x00
OUT port 0x0020, size 1, value 0x0B  # pic_write
IN  port 0x0020, size 1, value 0x00
OUT port 0x0020, size 1, value 0x0B  # pic_write
IN  port 0x0020, size 1, value 0x00
OUT port 0x0020, size 1, value 0x0B  # pic_write
IN  port 0x0020, size 1, value 0x00
OUT port 0x0020, size 1, value 0x0B  # pic_write
IN  port 0x0020, size 1, value 0x00
OUT port 0x0020, size 1, value 0x0B  # pic_write
IN  port 0x0020, size 1, value 0x00
OUT port 0x0020, size 1, value 0x0B  # pic_write
IN  port 0x0020, size 1, value 0x00
OUT port 0x0020, size 1, value 0x0B  # pic_write
IN  port 0x0020, size 1, value 0x00
OUT port 0x0020, size 1, value 0x0B  # pic_write
IN  port 0x0020, size 1, value 0x00
OUT port 0x0020, size 1, value 0x0B  # pic_write
IN  port 0x0020, size 1, value 0x00
OUT port 0x0020, size 1, value 0x0B  # pic_write
IN  port 0x0020, size 1, value 0x00
OUT port 0x0020, size 1, value 0x0B  # pic_write
IN  port 0x0020, size 1, value 0x00
OUT port 0x0020, size 1, value 0x0B  # pic_write
IN  port 0x0020, size 1, value 0x00
OUT port 0x0020, size 1, value 0x0B  # pic_write
IN  port 0x0020, size 1, value 0x00
OUT port 0x0020, size 1, value 0x0B  # pic_write
IN  port 0x0020, size 1, value 0x00
OUT port 0x0020, size 1, value 0x0B  # pic_write
IN  port 0x0020, size 1, value 0x00
OUT port 0x0020, size 1, value 0x0B  # pic_write
IN  port 0x0020, size 1, value 0x00
OUT port 0x0020, size 1, value 0x0B  # pic_write
IN  port 0x0020, size 1, value 0x00
OUT port 0x0020, size 1, value 0x0B  # pic_write
IN  port 0x0020, size 1, value 0x00
OUT port 0x0020, size 1, value 0x0B  # pic_write
IN  port 0x0020, size 1, value 0x00
OUT port 0x0020, size 1, value 0x0B  # pic_write
IN  port 0x0020, size 1, value 0x00
OUT port 0x0020, size 1, value 0x0B  # pic_write
IN  port 0x0020, size 1, value 0x00
OUT port 0x0020, size 1, value 0x0B  # pic_write
IN  port 0x0020, size 1, value 0x00
OUT port 0x0020, size 1, value 0x0B  # pic_write
IN  port 0x0020, size 1, value 0x00
OUT port 0x0020, size 1, value 0x0B  # pic_write
IN  port 0x0020, size 1, value 0x00
OUT port 0x0020, size 1, value 0x0B  # pic_write
IN  port 0x0020, size 1, value 0x00
OUT port 0x0020, size 1, value 0x0B  # pic_write
IN  port 0x0020, size 1, value 0x00
OUT port 0x0020, size 1, value 0x0B  # pic_write
IN  port 0x0020, size 1, value 0x00
OUT port 0x0020, size 1, value 0x0B  # pic_write
IN  port 0x0020, size 1, value 0x00
OUT port 0x0020, size 1, value 0x0B  # pic_write
IN  port 0x0020, size 1, value 0x00
OUT port 0x0020, size 1, value 0x0B  # pic_write
IN  port 0x0020, size 1, value 0x00
OUT port 0x0020, size 1, value 0x0B  # pic_write
IN  port 0x0020, size 1, value 0x00
OUT port 0x0020, size 1, value 0x0B  # pic_write
IN  port 0x0020, size 1, value 0x00
OUT port 0x0020, size 1, value 0x0B  # pic_write
IN  port 0x0020, size 1, value 0x00
OUT port 0x0020, size 1, value 0x0B  # pic_write
IN  port 0x0020, size 1, value 0x00
OUT port 0x0020, size 1, value 0x0B  # pic_write
IN  port 0x0020, size 1, value 0x00
OUT port 0x0020, size 1, value 0x0B  # pic_write
IN  port 0x0020, size 1, value 0x00
OUT port 0x0020, size 1, value 0x0B  # pic_write
IN  port 0x0020, size 1, value 0x00
OUT port 0x0020, size 1, value 0x0B  # pic_write
IN  port 0x0020, size 1, value 0x00
OUT port 0x0020, size 1, value 0x0B  # pic_write
IN  port 0x0020, size 1, value 0x00
OUT port 0x0020, size 1, value 0x0B  # pic_write
IN  port 0x0020, size 1, value 0x00
OUT port 0x0020, size 1, value 0x0B  # pic_write
IN  port 0x0020, size 1, value 0x00
OUT port 0x0020, size 1, value 0x0B  # pic_write
IN  port 0x0020, size 1, value 0x00
OUT port 0x0020, size 1, value 0x0B  # pic_write
IN  port 0x0020, size 1, value 0x00
OUT port 0x0020, size 1, value 0x0B  # pic_write
IN  port 0x0020, size 1, value 0x00
OUT port 0x0020, size 1, value 0x0B  # pic_write
IN  port 0x0020, size 1, value 0x00
OUT port 0x0020, size 1, value 0x0B  # pic_write
IN  port 0x0020, size 1, value 0x00
OUT port 0x0020, size 1, value 0x0B  # pic_write
IN  port 0x0020, size 1, value 0x00
OUT port 0x0020, size 1, value 0x0B  # pic_write
IN  port 0x0020, size 1, value 0x00
OUT port 0x0020, size 1, value 0x0B  # pic_write
IN  port 0x0020, size 1, value 0x00
OUT port 0x0020, size 1, value 0x0B  # pic_write
IN  port 0x0020, size 1, value 0x00
OUT port 0x0020, size 1, value 0x0B  # pic_write
IN  port 0x0020, size 1, value 0x00
OUT port 0x0020, size 1, value 0x0B  # pic_write
IN  port 0x0020, size 1, value 0x00
OUT port 0x0020, size 1, value 0x0B  # pic_write
IN  port 0x0020, size 1, value 0x00
OUT port 0x0020, size 1, value 0x0B  # pic_write
IN  port 0x0020, size 1, value 0x00
OUT port 0x0020, size 1, value 0x0B  # pic_write
IN  port 0x0020, size 1, value 0x00
OUT port 0x0020, size 1, value 0x0B  # pic_write
IN  port 0x0020, size 1, value 0x00
OUT port 0x0020, size 1, value 0x0B  # pic_write
IN  port 0x0020, size 1, value 0x00
OUT port 0x0020, size 1, value 0x0B  # pic_write
IN  port 0x0020, size 1, value 0x00
OUT port 0x0020, size 1, value 0x0B  # pic_write
IN  port 0x0020, size 1, value 0x00
OUT port 0x0020, size 1, value 0x0B  # pic_write
IN  port 0x0020, size 1, value 0x00
OUT port 0x0020, size 1, value 0x0B  # pic_write
IN  port 0x0020, size 1, value 0x00
OUT port 0x0020, size 1, value 0x0B  # pic_write
IN  port 0x0020, size 1, value 0x00
OUT port 0x0020, size 1, value 0x0B  # pic_write
IN  port 0x0020, size 1, value 0x00
OUT port 0x0020, size 1, value 0x0B  # pic_write
IN  port 0x0020, size 1, value 0x00
OUT port 0x0020, size 1, value 0x0B  # pic_write
IN  port 0x0020, size 1, value 0x00
OUT port 0x0020, size 1, value 0x0B  # pic_write
IN  port 0x0020, size 1, value 0x00
OUT port 0x0020, size 1, value 0x0B  # pic_write
IN  port 0x0020, size 1, value 0x00
OUT port 0x0020, size 1, value 0x0B  # pic_write
IN  port 0x0020, size 1, value 0x00
OUT port 0x0020, size 1, value 0x0B  # pic_write
IN  port 0x0020, size 1, value 0x00
OUT port 0x0020, size 1, value 0x0B  # pic_write
IN  port 0x0020, size 1, value 0x00
OUT port 0x0020, size 1, value 0x0B  # pic_write
IN  port 0x0020, size 1, value 0x00
OUT port 0x0020, size 1, value 0x0B  # pic_write
IN  port 0x0020, size 1, value 0x00
OUT port 0x0020, size 1, value 0x0B  # pic_write
IN  port 0x0020, size 1, value 0x00
OUT port 0x0020, size 1, value 0x0B  # pic_write
IN  port 0x0020, size 1, value 0x00
OUT port 0x0020, size 1, value 0x0B  # pic_write
IN  port 0x0020, size 1, value 0x00
OUT port 0x0020, size 1, value 0x0B  # pic_write
IN  port 0x0020, size 1, value 0x00
OUT port 0x0020, size 1, value 0x0B  # pic_write
IN  port 0x0020, size 1, value 0x00
OUT port 0x0020, size 1, value 0x0B  # pic_write
IN  port 0x0020, size 1, value 0x00
OUT port 0x0020, size 1, value 0x0B  # pic_write
IN  port 0x0020, size 1, value 0x00
OUT port 0x0020, size 1, value 0x0B  # pic_write
IN  port 0x0020, size 1, value 0x00
OUT port 0x0020, size 1, value 0x0B  # pic_write
IN  port 0x0020, size 1, value 0x00
OUT port 0x0020, size 1, value 0x0B  # pic_write
IN  port 0x0020, size 1, value 0x00
OUT port 0x0020, size 1, value 0x0B  # pic_write
IN  port 0x0020, size 1, value 0x00
OUT port 0x0020, size 1, value 0x0B  # pic_write
IN  port 0x0020, size 1, value 0x00
OUT port 0x0020, size 1, value 0x0B  # pic_write
IN  port 0x0020, size 1, value 0x00
OUT port 0x0020, size 1, value 0x0B  # pic_write
IN  port 0x0020, size 1, value 0x00
OUT port 0x0020, size 1, value 0x0B  # pic_write
IN  port 0x0020, size 1, value 0x00
OUT port 0x0020, size 1, value 0x0B  # pic_write
IN  port 0x0020, size 1, value 0x00
OUT port 0x0020, size 1, value 0x0B  # pic_write
IN  port 0x0020, size 1, value 0x00
OUT port 0x0020, size 1, value 0x0B  # pic_write
IN  port 0x0020, size 1, value 0x00
OUT port 0x0020, size 1, value 0x0B  # pic_write
IN  port 0x0020, size 1, value 0x00
OUT port 0x0020, size 1, value 0x0B  # pic_write
IN  port 0x0020, size 1, value 0x00
OUT port 0x0020, size 1, value 0x0B  # pic_write
IN  port 0x0020, size 1, value 0x00
OUT port 0x0020, size 1, value 0x0B  # pic_write
IN  port 0x0020, size 1, value 0x00
OUT port 0x0020, size 1, value 0x0B  # pic_write
IN  port 0x0020, size 1, value 0x00
OUT port 0x0020, size 1, value 0x0B  # pic_write
IN  port 0x0020, size 1, value 0x00
OUT port 0x0020, size 1, value 0x0B  # pic_write
IN  port 0x0020, size 1, value 0x00
OUT port 0x0020, size 1, value 0x0B  # pic_write
IN  port 0x0020, size 1, value 0x00
OUT port 0x0020, size 1, value 0x0B  # pic_write
IN  port 0x0020, size 1, value 0x00
OUT port 0x0020, size 1, value 0x0B  # pic_write
IN  port 0x0020, size 1, value 0x00
OUT port 0x0020, size 1, value 0x0B  # pic_write
IN  port 0x0020, size 1, value 0x00
OUT port 0x0020, size 1, value 0x0B  # pic_write
IN  port 0x0020, size 1, value 0x00
OUT port 0x0020, size 1, value 0x0B  # pic_write
IN  port 0x0020, size 1, value 0x00
OUT port 0x0020, size 1, value 0x0B  # pic_write
IN  port 0x0020, size 1, value 0x00
OUT port 0x0020, size 1, value 0x0B  # pic_write
IN  port 0x0020, size 1, value 0x00
OUT port 0x0020, size 1, value 0x0B  # pic_write
IN  port 0x0020, size 1, value 0x00
OUT port 0x0020, size 1, value 0x0B  # pic_write
IN  port 0x0020, size 1, value 0x00
OUT port 0x0020, size 1, value 0x0B  # pic_write
IN  port 0x0020, size 1, value 0x00
OUT port 0x0020, size 1, value 0x0B  # pic_write
IN  port 0x0020, size 1, value 0x00
OUT port 0x0020, size 1, value 0x0B  # pic_write
IN  port 0x0020, size 1, value 0x00
OUT port 0x0020, size 1, value 0x0B  # pic_write
IN  port 0x0020, size 1, value 0x00
OUT port 0x0020, size 1, value 0x0B  # pic_write
IN  port 0x0020, size 1, value 0x00
OUT port 0x0020, size 1, value 0x0B  # pic_write
IN  port 0x0020, size 1, value 0x00
OUT port 0x0020, size 1, value 0x0B  # pic_write
IN  port 0x0020, size 1, value 0x00
OUT port 0x0020, size 1, value 0x0B  # pic_write
IN  port 0x0020, size 1, value 0x00
OUT port 0x0020, size 1, value 0x0B  # pic_write
IN  port 0x0020, size 1, value 0x00
OUT port 0x0020, size 1, value 0x0B  # pic_write
IN  port 0x0020, size 1, value 0x00
OUT port 0x0020, size 1, value 0x0B  # pic_write
IN  port 0x0020, size 1, value 0x00
OUT port 0x0020, size 1, value 0x0B  # pic_write
IN  port 0x0020, size 1, value 0x00
OUT port 0x0020, size 1, value 0x0B  # pic_write
IN  port 0x0020, size 1, value 0x00
OUT port 0x0020, size 1, value 0x0B  # pic_write
IN  port 0x0020, size 1, value 0x00
OUT port 0x0020, size 1, value 0x0B  # pic_write
IN  port 0x0020, size 1, value 0x00
OUT port 0x0020, size 1, value 0x0B  # pic_write
IN  port 0x0020, size 1, value 0x00
OUT port 0x0020, size 1, value 0x0B  # pic_write
IN  port 0x0020, size 1, value 0x00
OUT port 0x0020, size 1, value 0x0B  # pic_write
IN  port 0x0020, size 1, value 0x00
OUT port 0x0020, size 1, value 0x0B  # pic_write
IN  port 0x0020, size 1, value 0x00
OUT port 0x0020, size 1, value 0x0B  # pic_write
IN  port 0x0020, size 1, value 0x00
OUT port 0x0020, size 1, value 0x0B  # pic_write
IN  port 0x0020, size 1, value 0x00
OUT port 0x0020, size 1, value 0x0B  # pic_write
IN  port 0x0020, size 1, value 0x00
OUT port 0x0020, size 1, value 0x0B  # pic_write
IN  port 0x0020, size 1, value 0x00
OUT port 0x0020, size 1, value 0x0B  # pic_write
IN  port 0x0020, size 1, value 0x00
OUT port 0x0020, size 1, value 0x0B  # pic_write
IN  port 0x0020, size 1, value 0x00
OUT port 0x0020, size 1, value 0x0B  # pic_write
IN  port 0x0020, size 1, value 0x00
OUT port 0x0020, size 1, value 0x0B  # pic_write
IN  port 0x0020, size 1, value 0x00
OUT port 0x0020, size 1, value 0x0B  # pic_write
IN  port 0x0020, size 1, value 0x00
OUT port 0x0020, size 1, value 0x0B  # pic_write
IN  port 0x0020, size 1, value 0x00
OUT port 0x0020, size 1, value 0x0B  # pic_write
IN  port 0x0020, size 1, value 0x00
OUT port 0x0020, size 1, value 0x0B  # pic_write
IN  port 0x0020, size 1, value 0x00
OUT port 0x0020, size 1, value 0x0B  # pic_write
IN  port 0x0020, size 1, value 0x00
OUT port 0x0020, size 1, value 0x0B  # pic_write
IN  port 0x0020, size 1, value 0x00
OUT port 0x0020, size 1, value 0x0B  # pic_write
IN  port 0x0020, size 1, value 0x00
OUT port 0x0020, size 1, value 0x0B  # pic_write
IN  port 0x0020, size 1, value 0x00
OUT port 0x0020, size 1, value 0x0B  # pic_write
IN  port 0x0020, size 1, value 0x00
OUT port 0x0020, size 1, value 0x0B  # pic_write
IN  port 0x0020, size 1, value 0x00
OUT port 0x0020, size 1, value 0x0B  # pic_write
IN  port 0x0020, size 1, value 0x00
OUT port 0x0020, size 1, value 0x0B  # pic_write
IN  port 0x0020, size 1, value 0x00
OUT port 0x0020, size 1, value 0x0B  # pic_write
IN  port 0x0020, size 1, value 0x00
OUT port 0x0020, size 1, value 0x0B  # pic_write
IN  port 0x0020, size 1, value 0x00
OUT port 0x0020, size 1, value 0x0B  # pic_write
IN  port 0x0020, size 1, value 0x00
OUT port 0x0020, size 1, value 0x0B  # pic_write
IN  port 0x0020, size 1, value 0x00
OUT port 0x0020, size 1, value 0x0B  # pic_write
IN  port 0x0020, size 1, value 0x00
OUT port 0x0020, size 1, value 0x0B  # pic_write
IN  port 0x0020, size 1, value 0x00
OUT port 0x0020, size 1, value 0x0B  # pic_write
IN  port 0x0020, size 1, value 0x00
OUT port 0x0020, size 1, value 0x0B  # pic_write
IN  port 0x0020, size 1, value 0x00
OUT port 0x0020, size 1, value 0x0B  # pic_write
IN  port 0x0020, size 1, value 0x00
OUT port 0x0020, size 1, value 0x0B  # pic_write
IN  port 0x0020, size 1, value 0x00
OUT port 0x0020, size 1, value 0x0B  # pic_write
IN  port 0x0020, size 1, value 0x00
OUT port 0x0020, size 1, value 0x0B  # pic_write
IN  port 0x0020, size 1, value 0x00
OUT port 0x0020, size 1, value 0x0B  # pic_write
IN  port 0x0020, size 1, value 0x00
OUT port 0x0020, size 1, value 0x0B  # pic_write
IN  port 0x0020, size 1, value 0x00
OUT port 0x0020, size 1, value 0x0B  # pic_write
IN  port 0x0020, size 1, value 0x00
OUT port 0x0020, size 1, value 0x0B  # pic_write
IN  port 0x0020, size 1, value 0x00
OUT port 0x0020, size 1, value 0x0B  # pic_write
IN  port 0x0020, size 1, value 0x00
OUT port 0x0020, size 1, value 0x0B  # pic_write
IN  port 0x0020, size 1, value 0x00
OUT port 0x0020, size 1, value 0x0B  # pic_write
IN  port 0x0020, size 1, value 0x00
OUT port 0x0020, size 1, value 0x0B  # pic_write
IN  port 0x0020, size 1, value 0x00
OUT port 0x0020, size 1, value 0x0B  # pic_write
IN  port 0x0020, size 1, value 0x00
OUT port 0x0020, size 1, value 0x0B  # pic_write
IN  port 0x0020, size 1, value 0x00
OUT port 0x0020, size 1, value 0x0B  # pic_write
IN  port 0x0020, size 1, value 0x00
OUT port 0x0020, size 1, value 0x0B  # pic_write
IN  port 0x0020, size 1, value 0x00
OUT port 0x0020, size 1, value 0x0B  # pic_write
IN  port 0x0020, size 1, value 0x00
OUT port 0x0020, size 1, value 0x0B  # pic_write
IN  port 0x0020, size 1, value 0x00
OUT port 0x0020, size 1, value 0x0B  # pic_write
IN  port 0x0020, size 1, value 0x00
OUT port 0x0020, size 1, value 0x0B  # pic_write
IN  port 0x0020, size 1, value 0x00
OUT port 0x0020, size 1, value 0x0B  # pic_write
IN  port 0x0020, size 1, value 0x00
OUT port 0x0020, size 1, value 0x0B  # pic_write
IN  port 0x0020, size 1, value 0x00
OUT port 0x0020, size 1, value 0x0B  # pic_write
IN  port 0x0020, size 1, value 0x00
OUT port 0x0020, size 1, value 0x0B  # pic_write
IN  port 0x0020, size 1, value 0x00
OUT port 0x0020, size 1, value 0x0B  # pic_write
IN  port 0x0020, size 1, value 0x00
OUT port 0x0020, size 1, value 0x0B  # pic_write
IN  port 0x0020, size 1, value 0x00
OUT port 0x0020, size 1, value 0x0B  # pic_write
IN  port 0x0020, size 1, value 0x00
OUT port 0x0020, size 1, value 0x0B  # pic_write
IN  port 0x0020, size 1, value 0x00
OUT port 0x0020, size 1, value 0x0B  # pic_write
IN  port 0x0020, size 1, value 0x00
OUT port 0x0020, size 1, value 0x0B  # pic_write
IN  port 0x0020, size 1, value 0x00
OUT port 0x0020, size 1, value 0x0B  # pic_write
IN  port 0x0020, size 1, value 0x00
OUT port 0x0020, size 1, value 0x0B  # pic_write
IN  port 0x0020, size 1, value 0x00
OUT port 0x0020, size 1, value 0x0B  # pic_write
IN  port 0x0020, size 1, value 0x00
OUT port 0x0020, size 1, value 0x0B  # pic_write
IN  port 0x0020, size 1, value 0x00
OUT port 0x0020, size 1, value 0x0B  # pic_write
IN  port 0x0020, size 1, value 0x00
OUT port 0x0020, size 1, value 0x0B  # pic_write
IN  port 0x0020, size 1, value 0x00
OUT port 0x0020, size 1, value 0x0B  # pic_write
IN  port 0x0020, size 1, value 0x00
OUT port 0x0020, size 1, value 0x0B  # pic_write
IN  port 0x0020, size 1, value 0x00
OUT port 0x0020, size 1, value 0x0B  # pic_write
IN  port 0x0020, size 1, value 0x00
OUT port 0x0020, size 1, value 0x0B  # pic_write
IN  port 0x0020, size 1, value 0x00
OUT port 0x0020, size 1, value 0x0B  # pic_write
IN  port 0x0020, size 1, value 0x00
OUT port 0x0020, size 1, value 0x0B  # pic_write
IN  port 0x0020, size 1, value 0x00
OUT port 0x0020, size 1, value 0x0B  # pic_write
IN  port 0x0020, size 1, value 0x00
OUT port 0x0020, size 1, value 0x0B  # pic_write
IN  port 0x0020, size 1, value 0x00
OUT port 0x0020, size 1, value 0x0B  # pic_write
IN  port 0x0020, size 1, value 0x00
OUT port 0x0020, size 1, value 0x0B  # pic_write
IN  port 0x0020, size 1, value 0x00
OUT port 0x0020, size 1, value 0x0B  # pic_write
IN  port 0x0020, size 1, value 0x00
OUT port 0x0020, size 1, value 0x0B  # pic_write
IN  port 0x0020, size 1, value 0x00
OUT port 0x0020, size 1, value 0x0B  # pic_write
IN  port 0x0020, size 1, value 0x00
OUT port 0x0020, size 1, value 0x0B  # pic_write
IN  port 0x0020, size 1, value 0x00
OUT port 0x0020, size 1, value 0x0B  # pic_write
IN  port 0x0020, size 1, value 0x00
OUT port 0x0020, size 1, value 0x0B  # pic_write
IN  port 0x0020, size 1, value 0x00
OUT port 0x0020, size 1, value 0x0B  # pic_write
IN  port 0x0020, size 1, value 0x00
OUT port 0x0020, size 1, value 0x0B  # pic_write
IN  port 0x0020, size 1, value 0x00
OUT port 0x0020, size 1, value 0x0B  # pic_write
IN  port 0x0020, size 1, value 0x00
OUT port 0x0020, size 1, value 0x0B  # pic_write
IN  port 0x0020, size 1, value 0x00
OUT port 0x0020, size 1, value 0x0B  # pic_write
IN  port 0x0020, size 1, value 0x00
OUT port 0x0020, size 1, value 0x0B  # pic_write
IN  port 0x0020, size 1, value 0x00
OUT port 0x0020, size 1, value 0x0B  # pic_write
IN  port 0x0020, size 1, value 0x00
OUT port 0x0020, size 1, value 0x0B  # pic_write
IN  port 0x0020, size 1, value 0x00
OUT port 0x0020, size 1, value 0x0B  # pic_write
IN  port 0x0020, size 1, value 0x00
OUT port 0x0020, size 1, value 0x0B  # pic_write
IN  port 0x0020, size 1, value 0x00
OUT port 0x0020, size 1, value 0x0B  # pic_write
IN  port 0x0020, size 1, value 0x00
OUT port 0x0020, size 1, value 0x0B  # pic_write
IN  port 0x0020, size 1, value 0x00
OUT port 0x0020, size 1, value 0x0B  # pic_write
IN  port 0x0020, size 1, value 0x00
OUT port 0x0020, size 1, value 0x0B  # pic_write
IN  port 0x0020, size 1, value 0x00
OUT port 0x0020, size 1, value 0x0B  # pic_write
IN  port 0x0020, size 1, value 0x00
OUT port 0x0020, size 1, value 0x0B  # pic_write
IN  port 0x0020, size 1, value 0x00
OUT port 0x0020, size 1, value 0x0B  # pic_write
IN  port 0x0020, size 1, value 0x00
OUT port 0x0020, size 1, value 0x0B  # pic_write
IN  port 0x0020, size 1, value 0x00
OUT port 0x0020, size 1, value 0x0B  # pic_write
IN  port 0x0020, size 1, value 0x00
OUT port 0x0020, size 1, value 0x0B  # pic_write
IN  port 0x0020, size 1, value 0x00
OUT port 0x0020, size 1, value 0x0B  # pic_write
IN  port 0x0020, size 1, value 0x00
OUT port 0x0020, size 1, value 0x0B  # pic_write
IN  port 0x0020, size 1, value 0x00
OUT port 0x0020, size 1, value 0x0B  # pic_write
IN  port 0x0020, size 1, value 0x00
OUT port 0x0020, size 1, value 0x0B  # pic_write
IN  port 0x0020, size 1, value 0x00
OUT port 0x0020, size 1, value 0x0B  # pic_write
IN  port 0x0020, size 1, value 0x00
OUT port 0x0020, size 1, value 0x0B  # pic_write
IN  port 0x0020, size 1, value 0x00
OUT port 0x0020, size 1, value 0x0B  # pic_write
IN  port 0x0020, size 1, value 0x00
OUT port 0x0020, size 1, value 0x0B  # pic_write
IN  port 0x0020, size 1, value 0x00
OUT port 0x0020, size 1, value 0x0B  # pic_write
IN  port 0x0020, size 1, value 0x00
OUT port 0x0020, size 1, value 0x0B  # pic_write
IN  port 0x0020, size 1, value 0x00
OUT port 0x0020, size 1, value 0x0B  # pic_write
IN  port 0x0020, size 1, value 0x00
OUT port 0x0020, size 1, value 0x0B  # pic_write
IN  port 0x0020, size 1, value 0x00
OUT port 0x0020, size 1, value 0x0B  # pic_write
IN  port 0x0020, size 1, value 0x00
OUT port 0x0020, size 1, value 0x0B  # pic_write
IN  port 0x0020, size 1, value 0x00
OUT port 0x0020, size 1, value 0x0B  # pic_write
IN  port 0x0020, size 1, value 0x00
OUT port 0x0020, size 1, value 0x0B  # pic_write
IN  port 0x0020, size 1, value 0x00
OUT port 0x0020, size 1, value 0x0B  # pic_write
IN  port 0x0020, size 1, value 0x00
OUT port 0x0020, size 1, value 0x0B  # pic_write
IN  port 0x0020, size 1, value 0x00
OUT port 0x0020, size 1, value 0x0B  # pic_write
IN  port 0x0020, size 1, value 0x00
OUT port 0x0020, size 1, value 0x0B  # pic_write
IN  port 0x0020, size 1, value 0x00
OUT port 0x0020, size 1, value 0x0B  # pic_write
IN  port 0x0020, size 1, value 0x00
OUT port 0x0020, size 1, value 0x0B  # pic_write
IN  port 0x0020, size 1, value 0x00
OUT port 0x0020, size 1, value 0x0B  # pic_write
IN  port 0x0020, size 1, value 0x00
OUT port 0x0020, size 1, value 0x0B  # pic_write
IN  port 0x0020, size 1, value 0x00
OUT port 0x0020, size 1, value 0x0B  # pic_write
IN  port 0x0020, size 1, value 0x00
OUT port 0x0020, size 1, value 0x0B  # pic_write
IN  port 0x0020, size 1, value 0x00
OUT port 0x0020, size 1, value 0x0B  # pic_write
IN  port 0x0020, size 1, value 0x00
OUT port 0x0020, size 1, value 0x0B  # pic_write
IN  port 0x0020, size 1, value 0x00
OUT port 0x0020, size 1, value 0x0B  # pic_write
IN  port 0x0020, size 1, value 0x00
OUT port 0x0020, size 1, value 0x0B  # pic_write
IN  port 0x0020, size 1, value 0x00
OUT port 0x0020, size 1, value 0x0B  # pic_write
IN  port 0x0020, size 1, value 0x00
OUT port 0x0020, size 1, value 0x0B  # pic_write
IN  port 0x0020, size 1, value 0x00
OUT port 0x0020, size 1, value 0x0B  # pic_write
IN  port 0x0020, size 1, value 0x00
OUT port 0x0020, size 1, value 0x0B  # pic_write
IN  port 0x0020, size 1, value 0x00
OUT port 0x0020, size 1, value 0x0B  # pic_write
IN  port 0x0020, size 1, value 0x00
OUT port 0x0020, size 1, value 0x0B  # pic_write
IN  port 0x0020, size 1, value 0x00
OUT port 0x0020, size 1, value 0x0B  # pic_write
IN  port 0x0020, size 1, value 0x00
OUT port 0x0020, size 1, value 0x0B  # pic_write
IN  port 0x0020, size 1, value 0x00
OUT port 0x0020, size 1, value 0x0B  # pic_write
IN  port 0x0020, size 1, value 0x00
OUT port 0x0020, size 1, value 0x0B  # pic_write
IN  port 0x0020, size 1, value 0x00
OUT port 0x0020, size 1, value 0x0B  # pic_write
IN  port 0x0020, size 1, value 0x00
OUT port 0x0020, size 1, value 0x0B  # pic_write
IN  port 0x0020, size 1, value 0x00
OUT port 0x0020, size 1, value 0x0B  # pic_write
IN  port 0x0020, size 1, value 0x00
OUT port 0x0020, size 1, value 0x0B  # pic_write
IN  port 0x0020, size 1, value 0x00
OUT port 0x0020, size 1, value 0x0B  # pic_write
IN  port 0x0020, size 1, value 0x00
OUT port 0x0020, size 1, value 0x0B  # pic_write
IN  port 0x0020, size 1, value 0x00
OUT port 0x0020, size 1, value 0x0B  # pic_write
IN  port 0x0020, size 1, value 0x00
OUT port 0x0020, size 1, value 0x0B  # pic_write
IN  port 0x0020, size 1, value 0x00
OUT port 0x0020, size 1, value 0x0B  # pic_write
IN  port 0x0020, size 1, value 0x00
OUT port 0x0020, size 1, value 0x0B  # pic_write
IN  port 0x0020, size 1, value 0x00
OUT port 0x0020, size 1, value 0x0B  # pic_write
IN  port 0x0020, size 1, value 0x00
OUT port 0x0020, size 1, value 0x0B  # pic_write
IN  port 0x0020, size 1, value 0x00
OUT port 0x0020, size 1, value 0x0B  # pic_write
IN  port 0x0020, size 1, value 0x00
OUT port 0x0020, size 1, value 0x0B  # pic_write
IN  port 0x0020, size 1, value 0x00
OUT port 0x0020, size 1, value 0x0B  # pic_write
IN  port 0x0020, size 1, value 0x00
OUT port 0x0020, size 1, value 0x0B  # pic_write
IN  port 0x0020, size 1, value 0x00
OUT port 0x0020, size 1, value 0x0B  # pic_write
IN  port 0x0020, size 1, value 0x00
OUT port 0x0020, size 1, value 0x0B  # pic_write
IN  port 0x0020, size 1, value 0x00
OUT port 0x0020, size 1, value 0x0B  # pic_write
IN  port 0x0020, size 1, value 0x00
OUT port 0x0020, size 1, value 0x0B  # pic_write
IN  port 0x0020, size 1, value 0x00
OUT port 0x0020, size 1, value 0x0B  # pic_write
IN  port 0x0020, size 1, value 0x00
OUT port 0x0020, size 1, value 0x0B  # pic_write
IN  port 0x0020, size 1, value 0x00
OUT port 0x0020, size 1, value 0x0B  # pic_write
IN  port 0x0020, size 1, value 0x00
OUT port 0x0020, size 1, value 0x0B  # pic_write
IN  port 0x0020, size 1, value 0x00
OUT port 0x0020, size 1, value 0x0B  # pic_write
IN  port 0x0020, size 1, value 0x00
OUT port 0x0020, size 1, value 0x0B  # pic_write
IN  port 0x0020, size 1, value 0x00
OUT port 0x0020, size 1, value 0x0B  # pic_write
IN  port 0x0020, size 1, value 0x00
OUT port 0x0020, size 1, value 0x0B  # pic_write
IN  port 0x0020, size 1, value 0x00
OUT port 0x0020, size 1, value 0x0B  # pic_write
IN  port 0x0020, size 1, value 0x00
OUT port 0x0020, size 1, value 0x0B  # pic_write
IN  port 0x0020, size 1, value 0x00
OUT port 0x0020, size 1, value 0x0B  # pic_write
IN  port 0x0020, size 1, value 0x00
OUT port 0x0020, size 1, value 0x0B  # pic_write
IN  port 0x0020, size 1, value 0x00
OUT port 0x0020, size 1, value 0x0B  # pic_write
IN  port 0x0020, size 1, value 0x00
OUT port 0x0020, size 1, value 0x0B  # pic_write
IN  port 0x0020, size 1, value 0x00
OUT port 0x0020, size 1, value 0x0B  # pic_write
IN  port 0x0020, size 1, value 0x00
OUT port 0x0020, size 1, value 0x0B  # pic_write
IN  port 0x0020, size 1, value 0x00
OUT port 0x0020, size 1, value 0x0B  # pic_write
IN  port 0x0020, size 1, value 0x00
OUT port 0x0020, size 1, value 0x0B  # pic_write
IN  port 0x0020, size 1, value 0x00
OUT port 0x0020, size 1, value 0x0B  # pic_write
IN  port 0x0020, size 1, value 0x00
OUT port 0x0020, size 1, value 0x0B  # pic_write
IN  port 0x0020, size 1, value 0x00
OUT port 0x0020, size 1, value 0x0B  # pic_write
IN  port 0x0020, size 1, value 0x00
OUT port 0x0020, size 1, value 0x0B  # pic_write
IN  port 0x0020, size 1, value 0x00
OUT port 0x0020, size 1, value 0x0B  # pic_write
IN  port 0x0020, size 1, value 0x00
OUT port 0x0020, size 1, value 0x0B  # pic_write
IN  port 0x0020, size 1, value 0x00
OUT port 0x0020, size 1, value 0x0B  # pic_write
IN  port 0x0020, size 1, value 0x00
OUT port 0x0020, size 1, value 0x0B  # pic_write
IN  port 0x0020, size 1, value 0x00
OUT port 0x0020, size 1, value 0x0B  # pic_write
IN  port 0x0020, size 1, value 0x00
OUT port 0x0020, size 1, value 0x0B  # pic_write
IN  port 0x0020, size 1, value 0x00
OUT port 0x0020, size 1, value 0x0B  # pic_write
IN  port 0x0020, size 1, value 0x00
OUT port 0x0020, size 1, value 0x0B  # pic_write
IN  port 0x0020, size 1, value 0x00
OUT port 0x0020, size 1, value 0x0B  # pic_write
IN  port 0x0020, size 1, value 0x00
OUT port 0x0020, size 1, value 0x0B  # pic_write
IN  port 0x0020, size 1, value 0x00
OUT port 0x0020, size 1, value 0x0B  # pic_write
IN  port 0x0020, size 1, value 0x00
OUT port 0x0020, size 1, value 0x0B  # pic_write
IN  port 0x0020, size 1, value 0x00
OUT port 0x0020, size 1, value 0x0B  # pic_write
IN  port 0x0020, size 1, value 0x00
OUT port 0x0020, size 1, value 0x0B  # pic_write
IN  port 0x0020, size 1, value 0x00
OUT port 0x0020, size 1, value 0x0B  # pic_write
IN  port 0x0020, size 1, value 0x00
OUT port 0x0020, size 1, value 0x0B  # pic_write
IN  port 0x0020, size 1, value 0x00
OUT port 0x0020, size 1, value 0x0B  # pic_write
IN  port 0x0020, size 1, value 0x00
OUT port 0x0020, size 1, value 0x0B  # pic_write
IN  port 0x0020, size 1, value 0x00
OUT port 0x0020, size 1, value 0x0B  # pic_write
IN  port 0x0020, size 1, value 0x00
OUT port 0x0020, size 1, value 0x0B  # pic_write
IN  port 0x0020, size 1, value 0x00
OUT port 0x0020, size 1, value 0x0B  # pic_write
IN  port 0x0020, size 1, value 0x00
OUT port 0x0020, size 1, value 0x0B  # pic_write
IN  port 0x0020, size 1, value 0x00
OUT port 0x0020, size 1, value 0x0B  # pic_write
IN  port 0x0020, size 1, value 0x00
OUT port 0x0020, size 1, value 0x0B  # pic_write
IN  port 0x0020, size 1, value 0x00
OUT port 0x0020, size 1, value 0x0B  # pic_write
IN  port 0x0020, size 1, value 0x00
OUT port 0x0020, size 1, value 0x0B  # pic_write
IN  port 0x0020, size 1, value 0x00
OUT port 0x0020, size 1, value 0x0B  # pic_write
IN  port 0x0020, size 1, value 0x00
OUT port 0x0020, size 1, value 0x0B  # pic_write
IN  port 0x0020, size 1, value 0x00
OUT port 0x0020, size 1, value 0x0B  # pic_write
IN  port 0x0020, size 1, value 0x00
OUT port 0x0020, size 1, value 0x0B  # pic_write
IN  port 0x0020, size 1, value 0x00
OUT port 0x0020, size 1, value 0x0B  # pic_write
IN  port 0x0020, size 1, value 0x00
OUT port 0x0020, size 1, value 0x0B  # pic_write
IN  port 0x0020, size 1, value 0x00
OUT port 0x0020, size 1, value 0x0B  # pic_write
IN  port 0x0020, size 1, value 0x00
OUT port 0x0020, size 1, value 0x0B  # pic_write
IN  port 0x0020, size 1, value 0x00
OUT port 0x0020, size 1, value 0x0B  # pic_write
IN  port 0x0020, size 1, value 0x00
OUT port 0x0020, size 1, value 0x0B  # pic_write
IN  port 0x0020, size 1, value 0x00
OUT port 0x0020, size 1, value 0x0B  # pic_write
IN  port 0x0020, size 1, value 0x00
OUT port 0x0020, size 1, value 0x0B  # pic_write
IN  port 0x0020, size 1, value 0x00
OUT port 0x0020, size 1, value 0x0B  # pic_write
IN  port 0x0020, size 1, value 0x00
OUT port 0x0020, size 1, value 0x0B  # pic_write
IN  port 0x0020, size 1, value 0x00
OUT port 0x0020, size 1, value 0x0B  # pic_write
IN  port 0x0020, size 1, value 0x00
OUT port 0x0020, size 1, value 0x0B  # pic_write
IN  port 0x0020, size 1, value 0x00
OUT port 0x0020, size 1, value 0x0B  # pic_write
IN  port 0x0020, size 1, value 0x00
OUT port 0x0020, size 1, value 0x0B  # pic_write
IN  port 0x0020, size 1, value 0x00
OUT port 0x0020, size 1, value 0x0B  # pic_write
IN  port 0x0020, size 1, value 0x00
OUT port 0x0020, size 1, value 0x0B  # pic_write
IN  port 0x0020, size 1, value 0x00
OUT port 0x0020, size 1, value 0x0B  # pic_write
IN  port 0x0020, size 1, value 0x00
OUT port 0x0020, size 1, value 0x0B  # pic_write
IN  port 0x0020, size 1, value 0x00
OUT port 0x0020, size 1, value 0x0B  # pic_write
IN  port 0x0020, size 1, value 0x00
OUT port 0x0020, size 1, value 0x0B  # pic_write
IN  port 0x0020, size 1, value 0x00
OUT port 0x0020, size 1, value 0x0B  # pic_write
IN  port 0x0020, size 1, value 0x00
OUT port 0x0020, size 1, value 0x0B  # pic_write
IN  port 0x0020, size 1, value 0x00
OUT port 0x0020, size 1, value 0x0B  # pic_write
IN  port 0x0020, size 1, value 0x00
OUT port 0x0020, size 1, value 0x0B  # pic_write
IN  port 0x0020, size 1, value 0x00
OUT port 0x0020, size 1, value 0x0B  # pic_write
IN  port 0x0020, size 1, value 0x00
OUT port 0x0020, size 1, value 0x0B  # pic_write
IN  port 0x0020, size 1, value 0x00
OUT port 0x0020, size 1, value 0x0B  # pic_write
IN  port 0x0020, size 1, value 0x00
OUT port 0x0020, size 1, value 0x0B  # pic_write
IN  port 0x0020, size 1, value 0x00
OUT port 0x0020, size 1, value 0x0B  # pic_write
IN  port 0x0020, size 1, value 0x00
OUT port 0x0020, size 1, value 0x0B  # pic_write
IN  port 0x0020, size 1, value 0x00
OUT port 0x0020, size 1, value 0x0B  # pic_write
IN  port 0x0020, size 1, value 0x00
OUT port 0x0020, size 1, value 0x0B  # pic_write
IN  port 0x0020, size 1, value 0x00
OUT port 0x0020, size 1, value 0x0B  # pic_write
IN  port 0x0020, size 1, value 0x00
OUT port 0x0020, size 1, value 0x0B  # pic_write
IN  port 0x0020, size 1, value 0x00
OUT port 0x0020, size 1, value 0x0B  # pic_write
IN  port 0x0020, size 1, value 0x00
OUT port 0x0020, size 1, value 0x0B  # pic_write
IN  port 0x0020, size 1, value 0x00
OUT port 0x0020, size 1, value 0x0B  # pic_write
IN  port 0x0020, size 1, value 0x00
OUT port 0x0020, size 1, value 0x0B  # pic_write
IN  port 0x0020, size 1, value 0x00
OUT port 0x0020, size 1, value 0x0B  # pic_write
IN  port 0x0020, size 1, value 0x00
OUT port 0x0020, size 1, value 0x0B  # pic_write
IN  port 0x0020, size 1, value 0x00
OUT port 0x0020, size 1, value 0x0B  # pic_write
IN  port 0x0020, size 1, value 0x00
OUT port 0x0020, size 1, value 0x0B  # pic_write
IN  port 0x0020, size 1, value 0x00
OUT port 0x0020, size 1, value 0x0B  # pic_write
IN  port 0x0020, size 1, value 0x00
OUT port 0x0020, size 1, value 0x0B  # pic_write
IN  port 0x0020, size 1, value 0x00
OUT port 0x0020, size 1, value 0x0B  # pic_write
IN  port 0x0020, size 1, value 0x00
OUT port 0x0020, size 1, value 0x0B  # pic_write
IN  port 0x0020, size 1, value 0x00
OUT port 0x0020, size 1, value 0x0B  # pic_write
IN  port 0x0020, size 1, value 0x00
OUT port 0x0020, size 1, value 0x0B  # pic_write
IN  port 0x0020, size 1, value 0x00
OUT port 0x0020, size 1, value 0x0B  # pic_write
IN  port 0x0020, size 1, value 0x00
OUT port 0x0020, size 1, value 0x0B  # pic_write
IN  port 0x0020, size 1, value 0x00
OUT port 0x0020, size 1, value 0x0B  # pic_write
IN  port 0x0020, size 1, value 0x00
OUT port 0x0020, size 1, value 0x0B  # pic_write
IN  port 0x0020, size 1, value 0x00
OUT port 0x0020, size 1, value 0x0B  # pic_write
IN  port 0x0020, size 1, value 0x00
OUT port 0x0020, size 1, value 0x0B  # pic_write
IN  port 0x0020, size 1, value 0x00
OUT port 0x0020, size 1, value 0x0B  # pic_write
IN  port 0x0020, size 1, value 0x00
OUT port 0x0020, size 1, value 0x0B  # pic_write
IN  port 0x0020, size 1, value 0x00
OUT port 0x0020, size 1, value 0x0B  # pic_write
IN  port 0x0020, size 1, value 0x00
OUT port 0x0020, size 1, value 0x0B  # pic_write
IN  port 0x0020, size 1, value 0x00
OUT port 0x0020, size 1, value 0x0B  # pic_write
IN  port 0x0020, size 1, value 0x00
OUT port 0x0020, size 1, value 0x0B  # pic_write
IN  port 0x0020, size 1, value 0x00
OUT port 0x0020, size 1, value 0x0B  # pic_write
IN  port 0x0020, size 1, value 0x00
OUT port 0x0020, size 1, value 0x0B  # pic_write
IN  port 0x0020, size 1, value 0x00
OUT port 0x0020, size 1, value 0x0B  # pic_write
IN  port 0x0020, size 1, value 0x00
OUT port 0x0020, size 1, value 0x0B  # pic_write
IN  port 0x0020, size 1, value 0x00
OUT port 0x0020, size 1, value 0x0B  # pic_write
IN  port 0x0020, size 1, value 0x00
OUT port 0x0020, size 1, value 0x0B  # pic_write
IN  port 0x0020, size 1, value 0x00
OUT port 0x0020, size 1, value 0x0B  # pic_write
IN  port 0x0020, size 1, value 0x00
OUT port 0x0020, size 1, value 0x0B  # pic_write
IN  port 0x0020, size 1, value 0x00
OUT port 0x0020, size 1, value 0x0B  # pic_write
IN  port 0x0020, size 1, value 0x00
OUT port 0x0020, size 1, value 0x0B  # pic_write
IN  port 0x0020, size 1, value 0x00
OUT port 0x0020, size 1, value 0x0B  # pic_write
IN  port 0x0020, size 1, value 0x00
OUT port 0x0020, size 1, value 0x0B  # pic_write
IN  port 0x0020, size 1, value 0x00
OUT port 0x0020, size 1, value 0x0B  # pic_write
IN  port 0x0020, size 1, value 0x00
OUT port 0x0020, size 1, value 0x0B  # pic_write
IN  port 0x0020, size 1, value 0x00
OUT port 0x0020, size 1, value 0x0B  # pic_write
IN  port 0x0020, size 1, value 0x00
OUT port 0x0020, size 1, value 0x0B  # pic_write
IN  port 0x0020, size 1, value 0x00
OUT port 0x0020, size 1, value 0x0B  # pic_write
IN  port 0x0020, size 1, value 0x00
OUT port 0x0020, size 1, value 0x0B  # pic_write
IN  port 0x0020, size 1, value 0x00
OUT port 0x0020, size 1, value 0x0B  # pic_write
IN  port 0x0020, size 1, value 0x00
OUT port 0x0020, size 1, value 0x0B  # pic_write
IN  port 0x0020, size 1, value 0x00
OUT port 0x0020, size 1, value 0x0B  # pic_write
IN  port 0x0020, size 1, value 0x00
OUT port 0x0020, size 1, value 0x0B  # pic_write
IN  port 0x0020, size 1, value 0x00
OUT port 0x0020, size 1, value 0x0B  # pic_write
IN  port 0x0020, size 1, value 0x00
OUT port 0x0020, size 1, value 0x0B  # pic_write
IN  port 0x0020, size 1, value 0x00
OUT port 0x0020, size 1, value 0x0B  # pic_write
IN  port 0x0020, size 1, value 0x00
OUT port 0x0020, size 1, value 0x0B  # pic_write
IN  port 0x0020, size 1, value 0x00
OUT port 0x0020, size 1, value 0x0B  # pic_write
IN  port 0x0020, size 1, value 0x00
OUT port 0x0020, size 1, value 0x0B  # pic_write
IN  port 0x0020, size 1, value 0x00
OUT port 0x0020, size 1, value 0x0B  # pic_write
IN  port 0x0020, size 1, value 0x00
OUT port 0x0020, size 1, value 0x0B  # pic_write
IN  port 0x0020, size 1, value 0x00
OUT port 0x0020, size 1, value 0x0B  # pic_write
IN  port 0x0020, size 1, value 0x00
OUT port 0x0020, size 1, value 0x0B  # pic_write
IN  port 0x0020, size 1, value 0x00
OUT port 0x0020, size 1, value 0x0B  # pic_write
IN  port 0x0020, size 1, value 0x00
OUT port 0x0020, size 1, value 0x0B  # pic_write
IN  port 0x0020, size 1, value 0x00
OUT port 0x0020, size 1, value 0x0B  # pic_write
IN  port 0x0020, size 1, value 0x00
OUT port 0x0020, size 1, value 0x0B  # pic_write
IN  port 0x0020, size 1, value 0x00
OUT port 0x0020, size 1, value 0x0B  # pic_write
IN  port 0x0020, size 1, value 0x00
OUT port 0x0020, size 1, value 0x0B  # pic_write
IN  port 0x0020, size 1, value 0x00
OUT port 0x0020, size 1, value 0x0B  # pic_write
IN  port 0x0020, size 1, value 0x00
OUT port 0x0020, size 1, value 0x0B  # pic_write
IN  port 0x0020, size 1, value 0x00
OUT port 0x0020, size 1, value 0x0B  # pic_write
IN  port 0x0020, size 1, value 0x00
OUT port 0x0020, size 1, value 0x0B  # pic_write
IN  port 0x0020, size 1, value 0x00
OUT port 0x0020, size 1, value 0x0B  # pic_write
IN  port 0x0020, size 1, value 0x00
OUT port 0x0020, size 1, value 0x0B  # pic_write
IN  port 0x0020, size 1, value 0x00
OUT port 0x0020, size 1, value 0x0B  # pic_write
IN  port 0x0020, size 1, value 0x00
OUT port 0x0020, size 1, value 0x0B  # pic_write
IN  port 0x0020, size 1, value 0x00
OUT port 0x0020, size 1, value 0x0B  # pic_write
IN  port 0x0020, size 1, value 0x00
OUT port 0x0020, size 1, value 0x0B  # pic_write
IN  port 0x0020, size 1, value 0x00
OUT port 0x0020, size 1, value 0x0B  # pic_write
IN  port 0x0020, size 1, value 0x00
OUT port 0x0020, size 1, value 0x0B  # pic_write
IN  port 0x0020, size 1, value 0x00
OUT port 0x0020, size 1, value 0x0B  # pic_write
IN  port 0x0020, size 1, value 0x00
OUT port 0x0020, size 1, value 0x0B  # pic_write
IN  port 0x0020, size 1, value 0x00
OUT port 0x0020, size 1, value 0x0B  # pic_write
IN  port 0x0020, size 1, value 0x00
OUT port 0x0020, size 1, value 0x0B  # pic_write
IN  port 0x0020, size 1, value 0x00
OUT port 0x0020, size 1, value 0x0B  # pic_write
IN  port 0x0020, size 1, value 0x00
OUT port 0x0020, size 1, value 0x0B  # pic_write
IN  port 0x0020, size 1, value 0x00
OUT port 0x0020, size 1, value 0x0B  # pic_write
IN  port 0x0020, size 1, value 0x00
OUT port 0x0020, size 1, value 0x0B  # pic_write
IN  port 0x0020, size 1, value 0x00
OUT port 0x0020, size 1, value 0x0B  # pic_write
IN  port 0x0020, size 1, value 0x00
OUT port 0x0020, size 1, value 0x0B  # pic_write
IN  port 0x0020, size 1, value 0x00
OUT port 0x0020, size 1, value 0x0B  # pic_write
IN  port 0x0020, size 1, value 0x00
OUT port 0x0020, size 1, value 0x0B  # pic_write
IN  port 0x0020, size 1, value 0x00
OUT port 0x0020, size 1, value 0x0B  # pic_write
IN  port 0x0020, size 1, value 0x00
OUT port 0x0020, size 1, value 0x0B  # pic_write
IN  port 0x0020, size 1, value 0x00
OUT port 0x0020, size 1, value 0x0B  # pic_write
IN  port 0x0020, size 1, value 0x00
OUT port 0x0020, size 1, value 0x0B  # pic_write
IN  port 0x0020, size 1, value 0x00
OUT port 0x0020, size 1, value 0x0B  # pic_write
IN  port 0x0020, size 1, value 0x00
OUT port 0x0020, size 1, value 0x0B  # pic_write
IN  port 0x0020, size 1, value 0x00
OUT port 0x0020, size 1, value 0x0B  # pic_write
IN  port 0x0020, size 1, value 0x00
OUT port 0x0020, size 1, value 0x0B  # pic_write
IN  port 0x0020, size 1, value 0x00
